rank,OS_combo,OS_pembro,rDM_combo,rDM_pembro,rLR_combo,rLR_pembro,total_AIC,structurally_valid_40y,OS40_combo,OS40_pembro,GP_plausible
1,lognormal,weibull,lognormal,loglogistic,loglogistic,weibull,-222.615,1,0.76349,0.00042,0
2,lognormal,weibull,lognormal,loglogistic,loglogistic,loglogistic,-222.524,1,0.76349,0.00042,0
3,lognormal,weibull,exponential,loglogistic,loglogistic,weibull,-222.47,1,0.76349,0.00042,0
4,loglogistic,weibull,lognormal,loglogistic,loglogistic,weibull,-222.422,1,0.72907,0.00042,0
5,lognormal,weibull,lognormal,loglogistic,lognormal,weibull,-222.401,1,0.76349,0.00042,0
6,lognormal,weibull,lognormal,loglogistic,loglogistic,lognormal,-222.388,1,0.76349,0.00042,0
7,lognormal,weibull,exponential,loglogistic,loglogistic,loglogistic,-222.38,1,0.76349,0.00042,0
8,weibull,weibull,lognormal,loglogistic,loglogistic,weibull,-222.372,1,0.71139,0.00042,0
9,loglogistic,weibull,lognormal,loglogistic,loglogistic,loglogistic,-222.332,1,0.72907,0.00042,0
10,lognormal,weibull,lognormal,loglogistic,lognormal,loglogistic,-222.31,1,0.76349,0.00042,0
11,lognormal,loglogistic,lognormal,loglogistic,loglogistic,weibull,-222.304,1,0.76349,0.08059,0
12,lognormal,weibull,loglogistic,loglogistic,loglogistic,weibull,-222.294,1,0.76349,0.00042,0
13,weibull,weibull,lognormal,loglogistic,loglogistic,loglogistic,-222.281,1,0.71139,0.00042,0
14,loglogistic,weibull,exponential,loglogistic,loglogistic,weibull,-222.278,1,0.72907,0.00042,0
15,lognormal,weibull,exponential,loglogistic,lognormal,weibull,-222.256,1,0.76349,0.00042,0
16,lognormal,weibull,exponential,loglogistic,loglogistic,lognormal,-222.243,1,0.76349,0.00042,0
17,weibull,weibull,exponential,loglogistic,loglogistic,weibull,-222.227,1,0.71139,0.00042,0
18,lognormal,weibull,weibull,loglogistic,loglogistic,weibull,-222.217,1,0.76349,0.00042,0
19,lognormal,loglogistic,lognormal,loglogistic,loglogistic,loglogistic,-222.214,1,0.76349,0.08059,0
20,loglogistic,weibull,lognormal,loglogistic,lognormal,weibull,-222.208,1,0.72907,0.00042,0
21,lognormal,weibull,loglogistic,loglogistic,loglogistic,loglogistic,-222.204,1,0.76349,0.00042,0
22,loglogistic,weibull,lognormal,loglogistic,loglogistic,lognormal,-222.195,1,0.72907,0.00042,0
23,loglogistic,weibull,exponential,loglogistic,loglogistic,loglogistic,-222.187,1,0.72907,0.00042,0
24,lognormal,weibull,lognormal,loglogistic,lognormal,lognormal,-222.174,1,0.76349,0.00042,0
25,lognormal,weibull,exponential,loglogistic,lognormal,loglogistic,-222.166,1,0.76349,0.00042,0
26,lognormal,loglogistic,exponential,loglogistic,loglogistic,weibull,-222.16,1,0.76349,0.08059,0
27,weibull,weibull,lognormal,loglogistic,lognormal,weibull,-222.158,1,0.71139,0.00042,0
28,weibull,weibull,lognormal,loglogistic,loglogistic,lognormal,-222.145,1,0.71139,0.00042,0
29,weibull,weibull,exponential,loglogistic,loglogistic,loglogistic,-222.137,1,0.71139,0.00042,0
30,lognormal,weibull,weibull,loglogistic,loglogistic,loglogistic,-222.126,1,0.76349,0.00042,0
31,loglogistic,weibull,lognormal,loglogistic,lognormal,loglogistic,-222.118,1,0.72907,0.00042,0
32,loglogistic,loglogistic,lognormal,loglogistic,loglogistic,weibull,-222.112,1,0.72907,0.08059,0
33,loglogistic,weibull,loglogistic,loglogistic,loglogistic,weibull,-222.102,1,0.72907,0.00042,0
34,lognormal,loglogistic,lognormal,loglogistic,lognormal,weibull,-222.091,1,0.76349,0.08059,0
35,lognormal,weibull,loglogistic,loglogistic,lognormal,weibull,-222.08,1,0.76349,0.00042,0
36,lognormal,loglogistic,lognormal,loglogistic,loglogistic,lognormal,-222.077,1,0.76349,0.08059,0
37,lognormal,loglogistic,exponential,loglogistic,loglogistic,loglogistic,-222.07,1,0.76349,0.08059,0
38,weibull,weibull,lognormal,loglogistic,lognormal,loglogistic,-222.067,1,0.71139,0.00042,0
39,lognormal,weibull,loglogistic,loglogistic,loglogistic,lognormal,-222.067,1,0.76349,0.00042,0
40,loglogistic,weibull,exponential,loglogistic,lognormal,weibull,-222.064,1,0.72907,0.00042,0
41,weibull,loglogistic,lognormal,loglogistic,loglogistic,weibull,-222.061,1,0.71139,0.08059,0
42,weibull,weibull,loglogistic,loglogistic,loglogistic,weibull,-222.051,1,0.71139,0.00042,0
43,loglogistic,weibull,exponential,loglogistic,loglogistic,lognormal,-222.051,1,0.72907,0.00042,0
44,lognormal,weibull,exponential,loglogistic,lognormal,lognormal,-222.029,1,0.76349,0.00042,0
45,loglogistic,weibull,weibull,loglogistic,loglogistic,weibull,-222.024,1,0.72907,0.00042,0
46,loglogistic,loglogistic,lognormal,loglogistic,loglogistic,loglogistic,-222.022,1,0.72907,0.08059,0
47,weibull,weibull,exponential,loglogistic,lognormal,weibull,-222.014,1,0.71139,0.00042,0
48,loglogistic,weibull,loglogistic,loglogistic,loglogistic,loglogistic,-222.011,1,0.72907,0.00042,0
49,lognormal,weibull,weibull,loglogistic,lognormal,weibull,-222.003,1,0.76349,0.00042,0
50,weibull,weibull,exponential,loglogistic,loglogistic,lognormal,-222.0,1,0.71139,0.00042,0
51,lognormal,loglogistic,lognormal,loglogistic,lognormal,loglogistic,-222.0,1,0.76349,0.08059,0
52,lognormal,weibull,loglogistic,loglogistic,lognormal,loglogistic,-221.99,1,0.76349,0.00042,0
53,lognormal,weibull,weibull,loglogistic,loglogistic,lognormal,-221.99,1,0.76349,0.00042,0
54,lognormal,loglogistic,loglogistic,loglogistic,loglogistic,weibull,-221.984,1,0.76349,0.08059,0
55,loglogistic,weibull,lognormal,loglogistic,lognormal,lognormal,-221.981,1,0.72907,0.00042,0
56,weibull,weibull,weibull,loglogistic,loglogistic,weibull,-221.974,1,0.71139,0.00042,0
57,loglogistic,weibull,exponential,loglogistic,lognormal,loglogistic,-221.974,1,0.72907,0.00042,0
58,weibull,loglogistic,lognormal,loglogistic,loglogistic,loglogistic,-221.971,1,0.71139,0.08059,0
59,loglogistic,loglogistic,exponential,loglogistic,loglogistic,weibull,-221.968,1,0.72907,0.08059,0
60,weibull,weibull,loglogistic,loglogistic,loglogistic,loglogistic,-221.961,1,0.71139,0.00042,0
61,lognormal,loglogistic,exponential,loglogistic,lognormal,weibull,-221.946,1,0.76349,0.08059,0
62,loglogistic,weibull,weibull,loglogistic,loglogistic,loglogistic,-221.934,1,0.72907,0.00042,0
63,lognormal,loglogistic,exponential,loglogistic,loglogistic,lognormal,-221.933,1,0.76349,0.08059,0
64,weibull,weibull,lognormal,loglogistic,lognormal,lognormal,-221.931,1,0.71139,0.00042,0
65,weibull,weibull,exponential,loglogistic,lognormal,loglogistic,-221.923,1,0.71139,0.00042,0
66,weibull,loglogistic,exponential,loglogistic,loglogistic,weibull,-221.917,1,0.71139,0.08059,0
67,lognormal,weibull,weibull,loglogistic,lognormal,loglogistic,-221.913,1,0.76349,0.00042,0
68,lognormal,loglogistic,weibull,loglogistic,loglogistic,weibull,-221.907,1,0.76349,0.08059,0
69,loglogistic,loglogistic,lognormal,loglogistic,lognormal,weibull,-221.898,1,0.72907,0.08059,0
70,lognormal,loglogistic,loglogistic,loglogistic,loglogistic,loglogistic,-221.894,1,0.76349,0.08059,0
71,loglogistic,weibull,loglogistic,loglogistic,lognormal,weibull,-221.888,1,0.72907,0.00042,0
72,loglogistic,loglogistic,lognormal,loglogistic,loglogistic,lognormal,-221.885,1,0.72907,0.08059,0
73,weibull,weibull,weibull,loglogistic,loglogistic,loglogistic,-221.883,1,0.71139,0.00042,0
74,lognormal,weibull,lognormal,loglogistic,weibull,weibull,-221.882,1,0.76349,0.00042,0
75,lognormal,exponential,lognormal,loglogistic,loglogistic,weibull,-221.882,1,0.76349,0.12377,0
76,loglogistic,loglogistic,exponential,loglogistic,loglogistic,loglogistic,-221.877,1,0.72907,0.08059,0
77,loglogistic,weibull,loglogistic,loglogistic,loglogistic,lognormal,-221.875,1,0.72907,0.00042,0
78,lognormal,loglogistic,lognormal,loglogistic,lognormal,lognormal,-221.863,1,0.76349,0.08059,0
79,lognormal,loglogistic,exponential,loglogistic,lognormal,loglogistic,-221.856,1,0.76349,0.08059,0
80,lognormal,weibull,loglogistic,loglogistic,lognormal,lognormal,-221.853,1,0.76349,0.00042,0
81,weibull,loglogistic,lognormal,loglogistic,lognormal,weibull,-221.848,1,0.71139,0.08059,0
82,weibull,weibull,loglogistic,loglogistic,lognormal,weibull,-221.838,1,0.71139,0.00042,0
83,loglogistic,weibull,exponential,loglogistic,lognormal,lognormal,-221.837,1,0.72907,0.00042,0
84,weibull,loglogistic,lognormal,loglogistic,loglogistic,lognormal,-221.834,1,0.71139,0.08059,0
85,weibull,loglogistic,exponential,loglogistic,loglogistic,loglogistic,-221.827,1,0.71139,0.08059,0
86,weibull,weibull,loglogistic,loglogistic,loglogistic,lognormal,-221.824,1,0.71139,0.00042,0
87,lognormal,loglogistic,weibull,loglogistic,loglogistic,loglogistic,-221.816,1,0.76349,0.08059,0
88,loglogistic,weibull,weibull,loglogistic,lognormal,weibull,-221.811,1,0.72907,0.00042,0
89,loglogistic,loglogistic,lognormal,loglogistic,lognormal,loglogistic,-221.808,1,0.72907,0.08059,0
90,loglogistic,weibull,loglogistic,loglogistic,lognormal,loglogistic,-221.798,1,0.72907,0.00042,0
91,loglogistic,weibull,weibull,loglogistic,loglogistic,lognormal,-221.797,1,0.72907,0.00042,0
92,loglogistic,loglogistic,loglogistic,loglogistic,loglogistic,weibull,-221.792,1,0.72907,0.08059,0
93,lognormal,weibull,lognormal,loglogistic,weibull,loglogistic,-221.792,1,0.76349,0.00042,0
94,lognormal,exponential,lognormal,loglogistic,loglogistic,loglogistic,-221.791,1,0.76349,0.12377,0
95,weibull,weibull,exponential,loglogistic,lognormal,lognormal,-221.786,1,0.71139,0.00042,0
96,lognormal,weibull,weibull,loglogistic,lognormal,lognormal,-221.776,1,0.76349,0.00042,0
97,lognormal,loglogistic,loglogistic,loglogistic,lognormal,weibull,-221.77,1,0.76349,0.08059,0
98,lognormal,lognormal,lognormal,loglogistic,loglogistic,weibull,-221.769,1,0.76349,0.11943,0
99,weibull,weibull,weibull,loglogistic,lognormal,weibull,-221.76,1,0.71139,0.00042,0
100,weibull,loglogistic,lognormal,loglogistic,lognormal,loglogistic,-221.757,1,0.71139,0.08059,0
101,lognormal,loglogistic,loglogistic,loglogistic,loglogistic,lognormal,-221.757,1,0.76349,0.08059,0
102,loglogistic,loglogistic,exponential,loglogistic,lognormal,weibull,-221.754,1,0.72907,0.08059,0
103,weibull,weibull,loglogistic,loglogistic,lognormal,loglogistic,-221.747,1,0.71139,0.00042,0
104,weibull,weibull,weibull,loglogistic,loglogistic,lognormal,-221.747,1,0.71139,0.00042,0
105,weibull,loglogistic,loglogistic,loglogistic,loglogistic,weibull,-221.741,1,0.71139,0.08059,0
106,loglogistic,loglogistic,exponential,loglogistic,loglogistic,lognormal,-221.741,1,0.72907,0.08059,0
107,lognormal,weibull,exponential,loglogistic,weibull,weibull,-221.738,1,0.76349,0.00042,0
108,lognormal,exponential,exponential,loglogistic,loglogistic,weibull,-221.738,1,0.76349,0.12377,0
109,loglogistic,weibull,weibull,loglogistic,lognormal,loglogistic,-221.72,1,0.72907,0.00042,0
110,lognormal,loglogistic,exponential,loglogistic,lognormal,lognormal,-221.719,1,0.76349,0.08059,0
111,loglogistic,loglogistic,weibull,loglogistic,loglogistic,weibull,-221.714,1,0.72907,0.08059,0
112,weibull,loglogistic,exponential,loglogistic,lognormal,weibull,-221.703,1,0.71139,0.08059,0
113,loglogistic,loglogistic,loglogistic,loglogistic,loglogistic,loglogistic,-221.701,1,0.72907,0.08059,0
114,lognormal,loglogistic,weibull,loglogistic,lognormal,weibull,-221.693,1,0.76349,0.08059,0
115,weibull,loglogistic,exponential,loglogistic,loglogistic,lognormal,-221.69,1,0.71139,0.08059,0
116,loglogistic,weibull,lognormal,loglogistic,weibull,weibull,-221.69,1,0.72907,0.00042,0
117,loglogistic,exponential,lognormal,loglogistic,loglogistic,weibull,-221.69,1,0.72907,0.12377,0
118,lognormal,loglogistic,loglogistic,loglogistic,lognormal,loglogistic,-221.68,1,0.76349,0.08059,0
119,lognormal,loglogistic,weibull,loglogistic,loglogistic,lognormal,-221.68,1,0.76349,0.08059,0
120,lognormal,lognormal,lognormal,loglogistic,loglogistic,loglogistic,-221.679,1,0.76349,0.11943,0
121,loglogistic,loglogistic,lognormal,loglogistic,lognormal,lognormal,-221.671,1,0.72907,0.08059,0
122,weibull,weibull,weibull,loglogistic,lognormal,loglogistic,-221.67,1,0.71139,0.00042,0
123,lognormal,exponential,lognormal,loglogistic,lognormal,weibull,-221.668,1,0.76349,0.12377,0
124,weibull,loglogistic,weibull,loglogistic,loglogistic,weibull,-221.664,1,0.71139,0.08059,0
125,loglogistic,loglogistic,exponential,loglogistic,lognormal,loglogistic,-221.663,1,0.72907,0.08059,0
126,loglogistic,weibull,loglogistic,loglogistic,lognormal,lognormal,-221.661,1,0.72907,0.00042,0
127,lognormal,weibull,lognormal,loglogistic,weibull,lognormal,-221.655,1,0.76349,0.00042,0
128,lognormal,exponential,lognormal,loglogistic,loglogistic,lognormal,-221.655,1,0.76349,0.12377,0
129,weibull,loglogistic,loglogistic,loglogistic,loglogistic,loglogistic,-221.651,1,0.71139,0.08059,0
130,lognormal,weibull,exponential,loglogistic,weibull,loglogistic,-221.647,1,0.76349,0.00042,0
131,lognormal,exponential,exponential,loglogistic,loglogistic,loglogistic,-221.647,1,0.76349,0.12377,0
132,weibull,weibull,lognormal,loglogistic,weibull,weibull,-221.639,1,0.71139,0.00042,0
133,weibull,exponential,lognormal,loglogistic,loglogistic,weibull,-221.639,1,0.71139,0.12377,0
134,lognormal,lognormal,exponential,loglogistic,loglogistic,weibull,-221.625,1,0.76349,0.11943,0
135,loglogistic,loglogistic,weibull,loglogistic,loglogistic,loglogistic,-221.624,1,0.72907,0.08059,0
136,weibull,loglogistic,lognormal,loglogistic,lognormal,lognormal,-221.621,1,0.71139,0.08059,0
137,weibull,loglogistic,exponential,loglogistic,lognormal,loglogistic,-221.613,1,0.71139,0.08059,0
138,weibull,weibull,loglogistic,loglogistic,lognormal,lognormal,-221.61,1,0.71139,0.00042,0
139,lognormal,loglogistic,weibull,loglogistic,lognormal,loglogistic,-221.602,1,0.76349,0.08059,0
140,loglogistic,weibull,lognormal,loglogistic,weibull,loglogistic,-221.599,1,0.72907,0.00042,0
141,loglogistic,exponential,lognormal,loglogistic,loglogistic,loglogistic,-221.599,1,0.72907,0.12377,0
142,loglogistic,weibull,weibull,loglogistic,lognormal,lognormal,-221.584,1,0.72907,0.00042,0
143,loglogistic,loglogistic,loglogistic,loglogistic,lognormal,weibull,-221.578,1,0.72907,0.08059,0
144,lognormal,exponential,lognormal,loglogistic,lognormal,loglogistic,-221.578,1,0.76349,0.12377,0
145,loglogistic,lognormal,lognormal,loglogistic,loglogistic,weibull,-221.577,1,0.72907,0.11943,0
146,weibull,loglogistic,weibull,loglogistic,loglogistic,loglogistic,-221.573,1,0.71139,0.08059,0
147,lognormal,loglogistic,lognormal,loglogistic,weibull,weibull,-221.572,1,0.76349,0.08059,0
148,loglogistic,loglogistic,loglogistic,loglogistic,loglogistic,lognormal,-221.565,1,0.72907,0.08059,0
149,lognormal,weibull,loglogistic,loglogistic,weibull,weibull,-221.562,1,0.76349,0.00042,0
150,lognormal,exponential,loglogistic,loglogistic,loglogistic,weibull,-221.562,1,0.76349,0.12377,0
151,lognormal,lognormal,lognormal,loglogistic,lognormal,weibull,-221.555,1,0.76349,0.11943,0
152,weibull,weibull,lognormal,loglogistic,weibull,loglogistic,-221.549,1,0.71139,0.00042,0
153,weibull,exponential,lognormal,loglogistic,loglogistic,loglogistic,-221.549,1,0.71139,0.12377,0
154,loglogistic,weibull,exponential,loglogistic,weibull,weibull,-221.545,1,0.72907,0.00042,0
155,loglogistic,exponential,exponential,loglogistic,loglogistic,weibull,-221.545,1,0.72907,0.12377,0
156,lognormal,loglogistic,loglogistic,loglogistic,lognormal,lognormal,-221.543,1,0.76349,0.08059,0
157,lognormal,lognormal,lognormal,loglogistic,loglogistic,lognormal,-221.542,1,0.76349,0.11943,0
158,lognormal,lognormal,exponential,loglogistic,loglogistic,loglogistic,-221.534,1,0.76349,0.11943,0
159,weibull,weibull,weibull,loglogistic,lognormal,lognormal,-221.533,1,0.71139,0.00042,0
160,weibull,loglogistic,loglogistic,loglogistic,lognormal,weibull,-221.527,1,0.71139,0.08059,0
161,loglogistic,loglogistic,exponential,loglogistic,lognormal,lognormal,-221.527,1,0.72907,0.08059,0
162,weibull,lognormal,lognormal,loglogistic,loglogistic,weibull,-221.526,1,0.71139,0.11943,0
163,lognormal,exponential,exponential,loglogistic,lognormal,weibull,-221.524,1,0.76349,0.12377,0
164,weibull,loglogistic,loglogistic,loglogistic,loglogistic,lognormal,-221.514,1,0.71139,0.08059,0
165,lognormal,weibull,exponential,loglogistic,weibull,lognormal,-221.511,1,0.76349,0.00042,0
166,lognormal,exponential,exponential,loglogistic,loglogistic,lognormal,-221.51,1,0.76349,0.12377,0
167,loglogistic,loglogistic,weibull,loglogistic,lognormal,weibull,-221.5,1,0.72907,0.08059,0
168,weibull,weibull,exponential,loglogistic,weibull,weibull,-221.495,1,0.71139,0.00042,0
169,weibull,exponential,exponential,loglogistic,loglogistic,weibull,-221.495,1,0.71139,0.12377,0
170,loglogistic,loglogistic,loglogistic,loglogistic,lognormal,loglogistic,-221.487,1,0.72907,0.08059,0
171,loglogistic,loglogistic,weibull,loglogistic,loglogistic,lognormal,-221.487,1,0.72907,0.08059,0
172,loglogistic,lognormal,lognormal,loglogistic,loglogistic,loglogistic,-221.486,1,0.72907,0.11943,0
173,lognormal,weibull,weibull,loglogistic,weibull,weibull,-221.484,1,0.76349,0.00042,0
174,lognormal,exponential,weibull,loglogistic,loglogistic,weibull,-221.484,1,0.76349,0.12377,0
175,lognormal,loglogistic,lognormal,loglogistic,weibull,loglogistic,-221.481,1,0.76349,0.08059,0
176,weibull,loglogistic,exponential,loglogistic,lognormal,lognormal,-221.476,1,0.71139,0.08059,0
177,loglogistic,exponential,lognormal,loglogistic,lognormal,weibull,-221.476,1,0.72907,0.12377,0
178,lognormal,weibull,loglogistic,loglogistic,weibull,loglogistic,-221.471,1,0.76349,0.00042,0
179,lognormal,exponential,loglogistic,loglogistic,loglogistic,loglogistic,-221.471,1,0.76349,0.12377,0
180,lognormal,loglogistic,weibull,loglogistic,lognormal,lognormal,-221.466,1,0.76349,0.08059,0
181,lognormal,lognormal,lognormal,loglogistic,lognormal,loglogistic,-221.465,1,0.76349,0.11943,0
182,loglogistic,weibull,lognormal,loglogistic,weibull,lognormal,-221.463,1,0.72907,0.00042,0
183,loglogistic,exponential,lognormal,loglogistic,loglogistic,lognormal,-221.462,1,0.72907,0.12377,0
184,loglogistic,weibull,exponential,loglogistic,weibull,loglogistic,-221.455,1,0.72907,0.00042,0
185,loglogistic,exponential,exponential,loglogistic,loglogistic,loglogistic,-221.455,1,0.72907,0.12377,0
186,weibull,loglogistic,weibull,loglogistic,lognormal,weibull,-221.45,1,0.71139,0.08059,0
187,lognormal,lognormal,loglogistic,loglogistic,loglogistic,weibull,-221.449,1,0.76349,0.11943,0
188,lognormal,exponential,lognormal,loglogistic,lognormal,lognormal,-221.441,1,0.76349,0.12377,0
189,weibull,loglogistic,loglogistic,loglogistic,lognormal,loglogistic,-221.437,1,0.71139,0.08059,0
190,weibull,loglogistic,weibull,loglogistic,loglogistic,lognormal,-221.437,1,0.71139,0.08059,0
191,weibull,lognormal,lognormal,loglogistic,loglogistic,loglogistic,-221.436,1,0.71139,0.11943,0
192,lognormal,exponential,exponential,loglogistic,lognormal,loglogistic,-221.433,1,0.76349,0.12377,0
193,loglogistic,lognormal,exponential,loglogistic,loglogistic,weibull,-221.432,1,0.72907,0.11943,0
194,lognormal,loglogistic,exponential,loglogistic,weibull,weibull,-221.428,1,0.76349,0.08059,0
195,weibull,exponential,lognormal,loglogistic,lognormal,weibull,-221.425,1,0.71139,0.12377,0
196,weibull,weibull,lognormal,loglogistic,weibull,lognormal,-221.412,1,0.71139,0.00042,0
197,weibull,exponential,lognormal,loglogistic,loglogistic,lognormal,-221.412,1,0.71139,0.12377,0
198,lognormal,lognormal,exponential,loglogistic,lognormal,weibull,-221.411,1,0.76349,0.11943,0
199,loglogistic,loglogistic,weibull,loglogistic,lognormal,loglogistic,-221.41,1,0.72907,0.08059,0
200,weibull,weibull,exponential,loglogistic,weibull,loglogistic,-221.404,1,0.71139,0.00042,0
201,weibull,exponential,exponential,loglogistic,loglogistic,loglogistic,-221.404,1,0.71139,0.12377,0
202,lognormal,lognormal,exponential,loglogistic,loglogistic,lognormal,-221.398,1,0.76349,0.11943,0
203,lognormal,weibull,weibull,loglogistic,weibull,loglogistic,-221.394,1,0.76349,0.00042,0
204,lognormal,exponential,weibull,loglogistic,loglogistic,loglogistic,-221.394,1,0.76349,0.12377,0
205,loglogistic,exponential,lognormal,loglogistic,lognormal,loglogistic,-221.385,1,0.72907,0.12377,0
206,weibull,lognormal,exponential,loglogistic,loglogistic,weibull,-221.382,1,0.71139,0.11943,0
207,loglogistic,loglogistic,lognormal,loglogistic,weibull,weibull,-221.38,1,0.72907,0.08059,0
208,lognormal,lognormal,weibull,loglogistic,loglogistic,weibull,-221.371,1,0.76349,0.11943,0
209,loglogistic,weibull,loglogistic,loglogistic,weibull,weibull,-221.369,1,0.72907,0.00042,0
210,loglogistic,exponential,loglogistic,loglogistic,loglogistic,weibull,-221.369,1,0.72907,0.12377,0
211,loglogistic,lognormal,lognormal,loglogistic,lognormal,weibull,-221.363,1,0.72907,0.11943,0
212,weibull,loglogistic,weibull,loglogistic,lognormal,loglogistic,-221.359,1,0.71139,0.08059,0
213,lognormal,lognormal,loglogistic,loglogistic,loglogistic,loglogistic,-221.358,1,0.76349,0.11943,0
214,loglogistic,loglogistic,loglogistic,loglogistic,lognormal,lognormal,-221.351,1,0.72907,0.08059,0
215,loglogistic,lognormal,lognormal,loglogistic,loglogistic,lognormal,-221.35,1,0.72907,0.11943,0
216,lognormal,exponential,loglogistic,loglogistic,lognormal,weibull,-221.348,1,0.76349,0.12377,0
217,lognormal,loglogistic,lognormal,loglogistic,weibull,lognormal,-221.345,1,0.76349,0.08059,0
218,loglogistic,lognormal,exponential,loglogistic,loglogistic,loglogistic,-221.342,1,0.72907,0.11943,0
219,lognormal,loglogistic,exponential,loglogistic,weibull,loglogistic,-221.337,1,0.76349,0.08059,0
220,weibull,exponential,lognormal,loglogistic,lognormal,loglogistic,-221.335,1,0.71139,0.12377,0
221,lognormal,weibull,loglogistic,loglogistic,weibull,lognormal,-221.335,1,0.76349,0.00042,0
222,lognormal,exponential,loglogistic,loglogistic,loglogistic,lognormal,-221.335,1,0.76349,0.12377,0
223,loglogistic,exponential,exponential,loglogistic,lognormal,weibull,-221.331,1,0.72907,0.12377,0
224,weibull,loglogistic,lognormal,loglogistic,weibull,weibull,-221.329,1,0.71139,0.08059,0
225,lognormal,lognormal,lognormal,loglogistic,lognormal,lognormal,-221.328,1,0.76349,0.11943,0
226,lognormal,lognormal,exponential,loglogistic,lognormal,loglogistic,-221.32,1,0.76349,0.11943,0
227,weibull,weibull,loglogistic,loglogistic,weibull,weibull,-221.319,1,0.71139,0.00042,0
228,weibull,exponential,loglogistic,loglogistic,loglogistic,weibull,-221.319,1,0.71139,0.12377,0
229,loglogistic,weibull,exponential,loglogistic,weibull,lognormal,-221.318,1,0.72907,0.00042,0
230,loglogistic,exponential,exponential,loglogistic,loglogistic,lognormal,-221.318,1,0.72907,0.12377,0
231,weibull,lognormal,lognormal,loglogistic,lognormal,weibull,-221.312,1,0.71139,0.11943,0
232,weibull,loglogistic,loglogistic,loglogistic,lognormal,lognormal,-221.3,1,0.71139,0.08059,0
233,weibull,lognormal,lognormal,loglogistic,loglogistic,lognormal,-221.299,1,0.71139,0.11943,0
234,lognormal,exponential,exponential,loglogistic,lognormal,lognormal,-221.297,1,0.76349,0.12377,0
235,loglogistic,weibull,weibull,loglogistic,weibull,weibull,-221.292,1,0.72907,0.00042,0
236,loglogistic,exponential,weibull,loglogistic,loglogistic,weibull,-221.292,1,0.72907,0.12377,0
237,weibull,lognormal,exponential,loglogistic,loglogistic,loglogistic,-221.291,1,0.71139,0.11943,0
238,loglogistic,loglogistic,lognormal,loglogistic,weibull,loglogistic,-221.289,1,0.72907,0.08059,0
239,weibull,exponential,exponential,loglogistic,lognormal,weibull,-221.281,1,0.71139,0.12377,0
240,lognormal,lognormal,weibull,loglogistic,loglogistic,loglogistic,-221.281,1,0.76349,0.11943,0
241,loglogistic,weibull,loglogistic,loglogistic,weibull,loglogistic,-221.279,1,0.72907,0.00042,0
242,loglogistic,exponential,loglogistic,loglogistic,loglogistic,loglogistic,-221.279,1,0.72907,0.12377,0
243,loglogistic,loglogistic,weibull,loglogistic,lognormal,lognormal,-221.273,1,0.72907,0.08059,0
244,loglogistic,lognormal,lognormal,loglogistic,lognormal,loglogistic,-221.272,1,0.72907,0.11943,0
245,lognormal,exponential,weibull,loglogistic,lognormal,weibull,-221.27,1,0.76349,0.12377,0
246,weibull,weibull,exponential,loglogistic,weibull,lognormal,-221.268,1,0.71139,0.00042,0
247,weibull,exponential,exponential,loglogistic,loglogistic,lognormal,-221.268,1,0.71139,0.12377,0
248,lognormal,exponential,loglogistic,loglogistic,lognormal,loglogistic,-221.257,1,0.76349,0.12377,0
249,lognormal,weibull,weibull,loglogistic,weibull,lognormal,-221.257,1,0.76349,0.00042,0
250,lognormal,exponential,weibull,loglogistic,loglogistic,lognormal,-221.257,1,0.76349,0.12377,0
251,loglogistic,lognormal,loglogistic,loglogistic,loglogistic,weibull,-221.256,1,0.72907,0.11943,0
252,lognormal,loglogistic,loglogistic,loglogistic,weibull,weibull,-221.252,1,0.76349,0.08059,0
253,loglogistic,exponential,lognormal,loglogistic,lognormal,lognormal,-221.249,1,0.72907,0.12377,0
254,weibull,weibull,weibull,loglogistic,weibull,weibull,-221.241,1,0.71139,0.00042,0
255,weibull,exponential,weibull,loglogistic,loglogistic,weibull,-221.241,1,0.71139,0.12377,0
256,loglogistic,exponential,exponential,loglogistic,lognormal,loglogistic,-221.241,1,0.72907,0.12377,0
257,weibull,loglogistic,lognormal,loglogistic,weibull,loglogistic,-221.239,1,0.71139,0.08059,0
258,loglogistic,loglogistic,exponential,loglogistic,weibull,weibull,-221.235,1,0.72907,0.08059,0
259,lognormal,lognormal,loglogistic,loglogistic,lognormal,weibull,-221.235,1,0.76349,0.11943,0
260,weibull,weibull,loglogistic,loglogistic,weibull,loglogistic,-221.228,1,0.71139,0.00042,0
261,weibull,exponential,loglogistic,loglogistic,loglogistic,loglogistic,-221.228,1,0.71139,0.12377,0
262,weibull,loglogistic,weibull,loglogistic,lognormal,lognormal,-221.223,1,0.71139,0.08059,0
263,weibull,lognormal,lognormal,loglogistic,lognormal,loglogistic,-221.222,1,0.71139,0.11943,0
264,lognormal,lognormal,loglogistic,loglogistic,loglogistic,lognormal,-221.222,1,0.76349,0.11943,0
265,loglogistic,lognormal,exponential,loglogistic,lognormal,weibull,-221.219,1,0.72907,0.11943,0
266,weibull,lognormal,loglogistic,loglogistic,loglogistic,weibull,-221.206,1,0.71139,0.11943,0
267,loglogistic,lognormal,exponential,loglogistic,loglogistic,lognormal,-221.205,1,0.72907,0.11943,0
268,loglogistic,weibull,weibull,loglogistic,weibull,loglogistic,-221.202,1,0.72907,0.00042,0
269,loglogistic,exponential,weibull,loglogistic,loglogistic,loglogistic,-221.201,1,0.72907,0.12377,0
270,lognormal,loglogistic,exponential,loglogistic,weibull,lognormal,-221.2,1,0.76349,0.08059,0
271,weibull,exponential,lognormal,loglogistic,lognormal,lognormal,-221.198,1,0.71139,0.12377,0
272,weibull,exponential,exponential,loglogistic,lognormal,loglogistic,-221.19,1,0.71139,0.12377,0
273,weibull,loglogistic,exponential,loglogistic,weibull,weibull,-221.185,1,0.71139,0.08059,0
274,lognormal,lognormal,exponential,loglogistic,lognormal,lognormal,-221.184,1,0.76349,0.11943,0
275,lognormal,exponential,weibull,loglogistic,lognormal,loglogistic,-221.18,1,0.76349,0.12377,0
276,loglogistic,lognormal,weibull,loglogistic,loglogistic,weibull,-221.179,1,0.72907,0.11943,0
277,lognormal,loglogistic,weibull,loglogistic,weibull,weibull,-221.174,1,0.76349,0.08059,0
278,weibull,lognormal,exponential,loglogistic,lognormal,weibull,-221.168,1,0.71139,0.11943,0
279,loglogistic,lognormal,loglogistic,loglogistic,loglogistic,loglogistic,-221.166,1,0.72907,0.11943,0
280,lognormal,loglogistic,loglogistic,loglogistic,weibull,loglogistic,-221.161,1,0.76349,0.08059,0
281,lognormal,lognormal,weibull,loglogistic,lognormal,weibull,-221.157,1,0.76349,0.11943,0
282,loglogistic,exponential,loglogistic,loglogistic,lognormal,weibull,-221.155,1,0.72907,0.12377,0
283,weibull,lognormal,exponential,loglogistic,loglogistic,lognormal,-221.155,1,0.71139,0.11943,0
284,loglogistic,loglogistic,lognormal,loglogistic,weibull,lognormal,-221.152,1,0.72907,0.08059,0
285,weibull,weibull,weibull,loglogistic,weibull,loglogistic,-221.151,1,0.71139,0.00042,0
286,weibull,exponential,weibull,loglogistic,loglogistic,loglogistic,-221.151,1,0.71139,0.12377,0
287,lognormal,exponential,lognormal,loglogistic,weibull,weibull,-221.149,1,0.76349,0.12377,0
288,loglogistic,loglogistic,exponential,loglogistic,weibull,loglogistic,-221.145,1,0.72907,0.08059,0
289,lognormal,lognormal,loglogistic,loglogistic,lognormal,loglogistic,-221.144,1,0.76349,0.11943,0
290,lognormal,lognormal,weibull,loglogistic,loglogistic,lognormal,-221.144,1,0.76349,0.11943,0
291,loglogistic,weibull,loglogistic,loglogistic,weibull,lognormal,-221.142,1,0.72907,0.00042,0
292,loglogistic,exponential,loglogistic,loglogistic,loglogistic,lognormal,-221.142,1,0.72907,0.12377,0
293,loglogistic,lognormal,lognormal,loglogistic,lognormal,lognormal,-221.136,1,0.72907,0.11943,0
294,weibull,lognormal,weibull,loglogistic,loglogistic,weibull,-221.128,1,0.71139,0.11943,0
295,loglogistic,lognormal,exponential,loglogistic,lognormal,loglogistic,-221.128,1,0.72907,0.11943,0
296,lognormal,exponential,loglogistic,loglogistic,lognormal,lognormal,-221.121,1,0.76349,0.12377,0
297,weibull,lognormal,loglogistic,loglogistic,loglogistic,loglogistic,-221.115,1,0.71139,0.11943,0
298,weibull,exponential,loglogistic,loglogistic,lognormal,weibull,-221.105,1,0.71139,0.12377,0
299,loglogistic,exponential,exponential,loglogistic,lognormal,lognormal,-221.104,1,0.72907,0.12377,0
300,weibull,loglogistic,lognormal,loglogistic,weibull,lognormal,-221.102,1,0.71139,0.08059,0
301,weibull,loglogistic,exponential,loglogistic,weibull,loglogistic,-221.094,1,0.71139,0.08059,0
302,weibull,weibull,loglogistic,loglogistic,weibull,lognormal,-221.092,1,0.71139,0.00042,0
303,weibull,exponential,loglogistic,loglogistic,loglogistic,lognormal,-221.092,1,0.71139,0.12377,0
304,loglogistic,lognormal,weibull,loglogistic,loglogistic,loglogistic,-221.088,1,0.72907,0.11943,0
305,weibull,lognormal,lognormal,loglogistic,lognormal,lognormal,-221.085,1,0.71139,0.11943,0
306,lognormal,loglogistic,weibull,loglogistic,weibull,loglogistic,-221.084,1,0.76349,0.08059,0
307,loglogistic,exponential,weibull,loglogistic,lognormal,weibull,-221.078,1,0.72907,0.12377,0
308,weibull,lognormal,exponential,loglogistic,lognormal,loglogistic,-221.078,1,0.71139,0.11943,0
309,lognormal,lognormal,weibull,loglogistic,lognormal,loglogistic,-221.067,1,0.76349,0.11943,0
310,loglogistic,exponential,loglogistic,loglogistic,lognormal,loglogistic,-221.065,1,0.72907,0.12377,0
311,loglogistic,weibull,weibull,loglogistic,weibull,lognormal,-221.065,1,0.72907,0.00042,0
312,loglogistic,exponential,weibull,loglogistic,loglogistic,lognormal,-221.065,1,0.72907,0.12377,0
313,loglogistic,loglogistic,loglogistic,loglogistic,weibull,weibull,-221.059,1,0.72907,0.08059,0
314,lognormal,exponential,lognormal,loglogistic,weibull,loglogistic,-221.059,1,0.76349,0.12377,0
315,weibull,exponential,exponential,loglogistic,lognormal,lognormal,-221.054,1,0.71139,0.12377,0
316,lognormal,exponential,weibull,loglogistic,lognormal,lognormal,-221.043,1,0.76349,0.12377,0
317,loglogistic,lognormal,loglogistic,loglogistic,lognormal,weibull,-221.043,1,0.72907,0.11943,0
318,weibull,lognormal,weibull,loglogistic,loglogistic,loglogistic,-221.038,1,0.71139,0.11943,0
319,lognormal,lognormal,lognormal,loglogistic,weibull,weibull,-221.037,1,0.76349,0.11943,0
320,loglogistic,lognormal,loglogistic,loglogistic,loglogistic,lognormal,-221.029,1,0.72907,0.11943,0
321,weibull,exponential,weibull,loglogistic,lognormal,weibull,-221.027,1,0.71139,0.12377,0
322,lognormal,loglogistic,loglogistic,loglogistic,weibull,lognormal,-221.025,1,0.76349,0.08059,0
323,weibull,exponential,loglogistic,loglogistic,lognormal,loglogistic,-221.014,1,0.71139,0.12377,0
324,weibull,weibull,weibull,loglogistic,weibull,lognormal,-221.014,1,0.71139,0.00042,0
325,weibull,exponential,weibull,loglogistic,loglogistic,lognormal,-221.014,1,0.71139,0.12377,0
326,weibull,loglogistic,loglogistic,loglogistic,weibull,weibull,-221.009,1,0.71139,0.08059,0
327,loglogistic,loglogistic,exponential,loglogistic,weibull,lognormal,-221.008,1,0.72907,0.08059,0
328,lognormal,lognormal,loglogistic,loglogistic,lognormal,lognormal,-221.008,1,0.76349,0.11943,0
329,lognormal,exponential,exponential,loglogistic,weibull,weibull,-221.005,1,0.76349,0.12377,0
330,weibull,lognormal,loglogistic,loglogistic,lognormal,weibull,-220.992,1,0.71139,0.11943,0
331,loglogistic,lognormal,exponential,loglogistic,lognormal,lognormal,-220.991,1,0.72907,0.11943,0
332,loglogistic,exponential,weibull,loglogistic,lognormal,loglogistic,-220.988,1,0.72907,0.12377,0
333,loglogistic,loglogistic,weibull,loglogistic,weibull,weibull,-220.982,1,0.72907,0.08059,0
334,weibull,lognormal,loglogistic,loglogistic,loglogistic,lognormal,-220.979,1,0.71139,0.11943,0
335,loglogistic,loglogistic,loglogistic,loglogistic,weibull,loglogistic,-220.969,1,0.72907,0.08059,0
336,loglogistic,lognormal,weibull,loglogistic,lognormal,weibull,-220.965,1,0.72907,0.11943,0
337,weibull,loglogistic,exponential,loglogistic,weibull,lognormal,-220.958,1,0.71139,0.08059,0
338,loglogistic,exponential,lognormal,loglogistic,weibull,weibull,-220.957,1,0.72907,0.12377,0
339,loglogistic,lognormal,loglogistic,loglogistic,lognormal,loglogistic,-220.952,1,0.72907,0.11943,0
340,loglogistic,lognormal,weibull,loglogistic,loglogistic,lognormal,-220.952,1,0.72907,0.11943,0
341,lognormal,loglogistic,weibull,loglogistic,weibull,lognormal,-220.947,1,0.76349,0.08059,0
342,lognormal,lognormal,lognormal,loglogistic,weibull,loglogistic,-220.946,1,0.76349,0.11943,0
343,weibull,lognormal,exponential,loglogistic,lognormal,lognormal,-220.941,1,0.71139,0.11943,0
344,weibull,exponential,weibull,loglogistic,lognormal,loglogistic,-220.937,1,0.71139,0.12377,0
345,weibull,loglogistic,weibull,loglogistic,weibull,weibull,-220.931,1,0.71139,0.08059,0
346,lognormal,lognormal,weibull,loglogistic,lognormal,lognormal,-220.93,1,0.76349,0.11943,0
347,loglogistic,exponential,loglogistic,loglogistic,lognormal,lognormal,-220.928,1,0.72907,0.12377,0
348,lognormal,exponential,lognormal,loglogistic,weibull,lognormal,-220.922,1,0.76349,0.12377,0
349,weibull,loglogistic,loglogistic,loglogistic,weibull,loglogistic,-220.918,1,0.71139,0.08059,0
350,lognormal,exponential,exponential,loglogistic,weibull,loglogistic,-220.915,1,0.76349,0.12377,0
351,weibull,lognormal,weibull,loglogistic,lognormal,weibull,-220.915,1,0.71139,0.11943,0
352,weibull,exponential,lognormal,loglogistic,weibull,weibull,-220.907,1,0.71139,0.12377,0
353,weibull,lognormal,loglogistic,loglogistic,lognormal,loglogistic,-220.902,1,0.71139,0.11943,0
354,weibull,lognormal,weibull,loglogistic,loglogistic,lognormal,-220.901,1,0.71139,0.11943,0
355,lognormal,lognormal,exponential,loglogistic,weibull,weibull,-220.892,1,0.76349,0.11943,0
356,loglogistic,loglogistic,weibull,loglogistic,weibull,loglogistic,-220.891,1,0.72907,0.08059,0
357,weibull,exponential,loglogistic,loglogistic,lognormal,lognormal,-220.878,1,0.71139,0.12377,0
358,loglogistic,lognormal,weibull,loglogistic,lognormal,loglogistic,-220.875,1,0.72907,0.11943,0
359,loglogistic,exponential,lognormal,loglogistic,weibull,loglogistic,-220.867,1,0.72907,0.12377,0
360,loglogistic,exponential,weibull,loglogistic,lognormal,lognormal,-220.851,1,0.72907,0.12377,0
361,loglogistic,lognormal,lognormal,loglogistic,weibull,weibull,-220.844,1,0.72907,0.11943,0
362,weibull,loglogistic,weibull,loglogistic,weibull,loglogistic,-220.841,1,0.71139,0.08059,0
363,lognormal,weibull,lognormal,loglogistic,loglogistic,exponential,-220.836,1,0.76349,0.00042,0
364,loglogistic,loglogistic,loglogistic,loglogistic,weibull,lognormal,-220.832,1,0.72907,0.08059,0
365,lognormal,exponential,loglogistic,loglogistic,weibull,weibull,-220.829,1,0.76349,0.12377,0
366,weibull,lognormal,weibull,loglogistic,lognormal,loglogistic,-220.824,1,0.71139,0.11943,0
367,weibull,exponential,lognormal,loglogistic,weibull,loglogistic,-220.816,1,0.71139,0.12377,0
368,loglogistic,lognormal,loglogistic,loglogistic,lognormal,lognormal,-220.815,1,0.72907,0.11943,0
369,loglogistic,exponential,exponential,loglogistic,weibull,weibull,-220.813,1,0.72907,0.12377,0
370,lognormal,lognormal,lognormal,loglogistic,weibull,lognormal,-220.81,1,0.76349,0.11943,0
371,lognormal,lognormal,exponential,loglogistic,weibull,loglogistic,-220.802,1,0.76349,0.11943,0
372,weibull,exponential,weibull,loglogistic,lognormal,lognormal,-220.8,1,0.71139,0.12377,0
373,weibull,lognormal,lognormal,loglogistic,weibull,weibull,-220.794,1,0.71139,0.11943,0
374,weibull,loglogistic,loglogistic,loglogistic,weibull,lognormal,-220.782,1,0.71139,0.08059,0
375,lognormal,exponential,exponential,loglogistic,weibull,lognormal,-220.778,1,0.76349,0.12377,0
376,weibull,lognormal,loglogistic,loglogistic,lognormal,lognormal,-220.765,1,0.71139,0.11943,0
377,weibull,exponential,exponential,loglogistic,weibull,weibull,-220.762,1,0.71139,0.12377,0
378,loglogistic,loglogistic,weibull,loglogistic,weibull,lognormal,-220.755,1,0.72907,0.08059,0
379,loglogistic,lognormal,lognormal,loglogistic,weibull,loglogistic,-220.754,1,0.72907,0.11943,0
380,lognormal,exponential,weibull,loglogistic,weibull,weibull,-220.752,1,0.76349,0.12377,0
381,lognormal,weibull,lognormal,weibull,loglogistic,weibull,-220.747,1,0.76349,0.00042,0
382,lognormal,exponential,loglogistic,loglogistic,weibull,loglogistic,-220.739,1,0.76349,0.12377,0
383,loglogistic,lognormal,weibull,loglogistic,lognormal,lognormal,-220.738,1,0.72907,0.11943,0
384,loglogistic,exponential,lognormal,loglogistic,weibull,lognormal,-220.73,1,0.72907,0.12377,0
385,loglogistic,exponential,exponential,loglogistic,weibull,loglogistic,-220.722,1,0.72907,0.12377,0
386,lognormal,lognormal,loglogistic,loglogistic,weibull,weibull,-220.716,1,0.76349,0.11943,0
387,weibull,loglogistic,weibull,loglogistic,weibull,lognormal,-220.704,1,0.71139,0.08059,0
388,weibull,lognormal,lognormal,loglogistic,weibull,loglogistic,-220.703,1,0.71139,0.11943,0
389,loglogistic,lognormal,exponential,loglogistic,weibull,weibull,-220.7,1,0.72907,0.11943,0
390,lognormal,weibull,exponential,loglogistic,loglogistic,exponential,-220.692,1,0.76349,0.00042,0
391,weibull,lognormal,weibull,loglogistic,lognormal,lognormal,-220.687,1,0.71139,0.11943,0
392,weibull,exponential,lognormal,loglogistic,weibull,lognormal,-220.68,1,0.71139,0.12377,0
393,weibull,exponential,exponential,loglogistic,weibull,loglogistic,-220.672,1,0.71139,0.12377,0
394,lognormal,lognormal,exponential,loglogistic,weibull,lognormal,-220.665,1,0.76349,0.11943,0
395,lognormal,exponential,weibull,loglogistic,weibull,loglogistic,-220.661,1,0.76349,0.12377,0
396,lognormal,weibull,lognormal,weibull,loglogistic,loglogistic,-220.656,1,0.76349,0.00042,0
397,weibull,lognormal,exponential,loglogistic,weibull,weibull,-220.649,1,0.71139,0.11943,0
398,loglogistic,weibull,lognormal,loglogistic,loglogistic,exponential,-220.644,1,0.72907,0.00042,0
399,lognormal,lognormal,weibull,loglogistic,weibull,weibull,-220.639,1,0.76349,0.11943,0
400,loglogistic,exponential,loglogistic,loglogistic,weibull,weibull,-220.637,1,0.72907,0.12377,0
401,lognormal,lognormal,loglogistic,loglogistic,weibull,loglogistic,-220.626,1,0.76349,0.11943,0
402,lognormal,weibull,lognormal,loglogistic,lognormal,exponential,-220.622,1,0.76349,0.00042,0
403,loglogistic,lognormal,lognormal,loglogistic,weibull,lognormal,-220.617,1,0.72907,0.11943,0
404,loglogistic,lognormal,exponential,loglogistic,weibull,loglogistic,-220.609,1,0.72907,0.11943,0
405,lognormal,weibull,exponential,weibull,loglogistic,weibull,-220.602,1,0.76349,0.00042,0
406,lognormal,exponential,loglogistic,loglogistic,weibull,lognormal,-220.602,1,0.76349,0.12377,0
407,weibull,weibull,lognormal,loglogistic,loglogistic,exponential,-220.593,1,0.71139,0.00042,0
408,weibull,exponential,loglogistic,loglogistic,weibull,weibull,-220.586,1,0.71139,0.12377,0
409,loglogistic,exponential,exponential,loglogistic,weibull,lognormal,-220.586,1,0.72907,0.12377,0
410,weibull,lognormal,lognormal,loglogistic,weibull,lognormal,-220.567,1,0.71139,0.11943,0
411,loglogistic,exponential,weibull,loglogistic,weibull,weibull,-220.559,1,0.72907,0.12377,0
412,weibull,lognormal,exponential,loglogistic,weibull,loglogistic,-220.559,1,0.71139,0.11943,0
413,loglogistic,weibull,lognormal,weibull,loglogistic,weibull,-220.554,1,0.72907,0.00042,0
414,lognormal,lognormal,weibull,loglogistic,weibull,loglogistic,-220.548,1,0.76349,0.11943,0
415,loglogistic,exponential,loglogistic,loglogistic,weibull,loglogistic,-220.546,1,0.72907,0.12377,0
416,weibull,exponential,exponential,loglogistic,weibull,lognormal,-220.535,1,0.71139,0.12377,0
417,lognormal,weibull,lognormal,weibull,lognormal,weibull,-220.533,1,0.76349,0.00042,0
418,lognormal,loglogistic,lognormal,loglogistic,loglogistic,exponential,-220.526,1,0.76349,0.08059,0
419,lognormal,exponential,weibull,loglogistic,weibull,lognormal,-220.525,1,0.76349,0.12377,0
420,loglogistic,lognormal,loglogistic,loglogistic,weibull,weibull,-220.524,1,0.72907,0.11943,0
421,lognormal,weibull,lognormal,weibull,loglogistic,lognormal,-220.52,1,0.76349,0.00042,0
422,lognormal,weibull,loglogistic,loglogistic,loglogistic,exponential,-220.516,1,0.76349,0.00042,0
423,lognormal,weibull,exponential,weibull,loglogistic,loglogistic,-220.512,1,0.76349,0.00042,0
424,weibull,exponential,weibull,loglogistic,weibull,weibull,-220.509,1,0.71139,0.12377,0
425,weibull,weibull,lognormal,weibull,loglogistic,weibull,-220.504,1,0.71139,0.00042,0
426,loglogistic,weibull,exponential,loglogistic,loglogistic,exponential,-220.5,1,0.72907,0.00042,0
427,weibull,exponential,loglogistic,loglogistic,weibull,loglogistic,-220.496,1,0.71139,0.12377,0
428,lognormal,lognormal,loglogistic,loglogistic,weibull,lognormal,-220.489,1,0.76349,0.11943,0
429,lognormal,weibull,exponential,loglogistic,lognormal,exponential,-220.478,1,0.76349,0.00042,0
430,weibull,lognormal,loglogistic,loglogistic,weibull,weibull,-220.473,1,0.71139,0.11943,0
431,loglogistic,lognormal,exponential,loglogistic,weibull,lognormal,-220.473,1,0.72907,0.11943,0
432,loglogistic,exponential,weibull,loglogistic,weibull,loglogistic,-220.469,1,0.72907,0.12377,0
433,loglogistic,weibull,lognormal,weibull,loglogistic,loglogistic,-220.464,1,0.72907,0.00042,0
434,weibull,weibull,exponential,loglogistic,loglogistic,exponential,-220.449,1,0.71139,0.00042,0
435,loglogistic,lognormal,weibull,loglogistic,weibull,weibull,-220.446,1,0.72907,0.11943,0
436,lognormal,weibull,lognormal,weibull,lognormal,loglogistic,-220.443,1,0.76349,0.00042,0
437,lognormal,weibull,weibull,loglogistic,loglogistic,exponential,-220.438,1,0.76349,0.00042,0
438,lognormal,loglogistic,lognormal,weibull,loglogistic,weibull,-220.437,1,0.76349,0.08059,0
439,loglogistic,lognormal,loglogistic,loglogistic,weibull,loglogistic,-220.434,1,0.72907,0.11943,0
440,loglogistic,weibull,lognormal,loglogistic,lognormal,exponential,-220.43,1,0.72907,0.00042,0
441,lognormal,weibull,loglogistic,weibull,loglogistic,weibull,-220.426,1,0.76349,0.00042,0
442,weibull,lognormal,exponential,loglogistic,weibull,lognormal,-220.422,1,0.71139,0.11943,0
443,weibull,exponential,weibull,loglogistic,weibull,loglogistic,-220.418,1,0.71139,0.12377,0
444,weibull,weibull,lognormal,weibull,loglogistic,loglogistic,-220.413,1,0.71139,0.00042,0
445,lognormal,lognormal,weibull,loglogistic,weibull,lognormal,-220.412,1,0.76349,0.11943,0
446,loglogistic,weibull,exponential,weibull,loglogistic,weibull,-220.41,1,0.72907,0.00042,0
447,loglogistic,exponential,loglogistic,loglogistic,weibull,lognormal,-220.41,1,0.72907,0.12377,0
448,weibull,lognormal,weibull,loglogistic,weibull,weibull,-220.396,1,0.71139,0.11943,0
449,lognormal,weibull,exponential,weibull,lognormal,weibull,-220.389,1,0.76349,0.00042,0
450,weibull,lognormal,loglogistic,loglogistic,weibull,loglogistic,-220.383,1,0.71139,0.11943,0
451,lognormal,loglogistic,exponential,loglogistic,loglogistic,exponential,-220.382,1,0.76349,0.08059,0
452,weibull,weibull,lognormal,loglogistic,lognormal,exponential,-220.38,1,0.71139,0.00042,0
453,lognormal,weibull,exponential,weibull,loglogistic,lognormal,-220.375,1,0.76349,0.00042,0
454,weibull,weibull,exponential,weibull,loglogistic,weibull,-220.36,1,0.71139,0.00042,0
455,weibull,exponential,loglogistic,loglogistic,weibull,lognormal,-220.359,1,0.71139,0.12377,0
456,loglogistic,lognormal,weibull,loglogistic,weibull,loglogistic,-220.356,1,0.72907,0.11943,0
457,lognormal,weibull,weibull,weibull,loglogistic,weibull,-220.349,1,0.76349,0.00042,0
458,lognormal,loglogistic,lognormal,weibull,loglogistic,loglogistic,-220.346,1,0.76349,0.08059,0
459,loglogistic,weibull,lognormal,weibull,lognormal,weibull,-220.341,1,0.72907,0.00042,0
460,lognormal,weibull,loglogistic,weibull,loglogistic,loglogistic,-220.336,1,0.76349,0.00042,0
461,loglogistic,loglogistic,lognormal,loglogistic,loglogistic,exponential,-220.334,1,0.72907,0.08059,0
462,loglogistic,exponential,weibull,loglogistic,weibull,lognormal,-220.332,1,0.72907,0.12377,0
463,loglogistic,weibull,lognormal,weibull,loglogistic,lognormal,-220.327,1,0.72907,0.00042,0
464,loglogistic,weibull,loglogistic,loglogistic,loglogistic,exponential,-220.324,1,0.72907,0.00042,0
465,loglogistic,weibull,exponential,weibull,loglogistic,loglogistic,-220.32,1,0.72907,0.00042,0
466,lognormal,loglogistic,lognormal,loglogistic,lognormal,exponential,-220.312,1,0.76349,0.08059,0
467,lognormal,weibull,lognormal,weibull,lognormal,lognormal,-220.306,1,0.76349,0.00042,0
468,weibull,lognormal,weibull,loglogistic,weibull,loglogistic,-220.306,1,0.71139,0.11943,0
469,lognormal,weibull,loglogistic,loglogistic,lognormal,exponential,-220.302,1,0.76349,0.00042,0
470,lognormal,weibull,exponential,weibull,lognormal,loglogistic,-220.298,1,0.76349,0.00042,0
471,loglogistic,lognormal,loglogistic,loglogistic,weibull,lognormal,-220.297,1,0.72907,0.11943,0
472,lognormal,loglogistic,exponential,weibull,loglogistic,weibull,-220.292,1,0.76349,0.08059,0
473,weibull,weibull,lognormal,weibull,lognormal,weibull,-220.29,1,0.71139,0.00042,0
474,loglogistic,weibull,exponential,loglogistic,lognormal,exponential,-220.286,1,0.72907,0.00042,0
475,weibull,loglogistic,lognormal,loglogistic,loglogistic,exponential,-220.283,1,0.71139,0.08059,0
476,weibull,exponential,weibull,loglogistic,weibull,lognormal,-220.282,1,0.71139,0.12377,0
477,weibull,weibull,lognormal,weibull,loglogistic,lognormal,-220.277,1,0.71139,0.00042,0
478,weibull,weibull,loglogistic,loglogistic,loglogistic,exponential,-220.273,1,0.71139,0.00042,0
479,weibull,weibull,exponential,weibull,loglogistic,loglogistic,-220.269,1,0.71139,0.00042,0
480,lognormal,weibull,weibull,weibull,loglogistic,loglogistic,-220.259,1,0.76349,0.00042,0
481,loglogistic,weibull,lognormal,weibull,lognormal,loglogistic,-220.25,1,0.72907,0.00042,0
482,weibull,lognormal,loglogistic,loglogistic,weibull,lognormal,-220.246,1,0.71139,0.11943,0
483,loglogistic,weibull,weibull,loglogistic,loglogistic,exponential,-220.246,1,0.72907,0.00042,0
484,loglogistic,loglogistic,lognormal,weibull,loglogistic,weibull,-220.244,1,0.72907,0.08059,0
485,weibull,weibull,exponential,loglogistic,lognormal,exponential,-220.235,1,0.71139,0.00042,0
486,loglogistic,weibull,loglogistic,weibull,loglogistic,weibull,-220.234,1,0.72907,0.00042,0
487,lognormal,weibull,weibull,loglogistic,lognormal,exponential,-220.225,1,0.76349,0.00042,0
488,lognormal,loglogistic,lognormal,weibull,lognormal,weibull,-220.223,1,0.76349,0.08059,0
489,loglogistic,lognormal,weibull,loglogistic,weibull,lognormal,-220.219,1,0.72907,0.11943,0
490,lognormal,weibull,loglogistic,weibull,lognormal,weibull,-220.213,1,0.76349,0.00042,0
491,lognormal,loglogistic,lognormal,weibull,loglogistic,lognormal,-220.209,1,0.76349,0.08059,0
492,lognormal,loglogistic,loglogistic,loglogistic,loglogistic,exponential,-220.206,1,0.76349,0.08059,0
493,lognormal,loglogistic,exponential,weibull,loglogistic,loglogistic,-220.202,1,0.76349,0.08059,0
494,weibull,weibull,lognormal,weibull,lognormal,loglogistic,-220.2,1,0.71139,0.00042,0
495,lognormal,weibull,loglogistic,weibull,loglogistic,lognormal,-220.199,1,0.76349,0.00042,0
496,loglogistic,weibull,exponential,weibull,lognormal,weibull,-220.196,1,0.72907,0.00042,0
497,weibull,weibull,weibull,loglogistic,loglogistic,exponential,-220.196,1,0.71139,0.00042,0
498,weibull,loglogistic,lognormal,weibull,loglogistic,weibull,-220.194,1,0.71139,0.08059,0
499,loglogistic,loglogistic,exponential,loglogistic,loglogistic,exponential,-220.189,1,0.72907,0.08059,0
500,weibull,weibull,loglogistic,weibull,loglogistic,weibull,-220.184,1,0.71139,0.00042,0
501,loglogistic,weibull,exponential,weibull,loglogistic,lognormal,-220.183,1,0.72907,0.00042,0
502,weibull,lognormal,weibull,loglogistic,weibull,lognormal,-220.169,1,0.71139,0.11943,0
503,lognormal,loglogistic,exponential,loglogistic,lognormal,exponential,-220.168,1,0.76349,0.08059,0
504,lognormal,weibull,exponential,weibull,lognormal,lognormal,-220.162,1,0.76349,0.00042,0
505,loglogistic,weibull,weibull,weibull,loglogistic,weibull,-220.157,1,0.72907,0.00042,0
506,loglogistic,loglogistic,lognormal,weibull,loglogistic,loglogistic,-220.154,1,0.72907,0.08059,0
507,weibull,weibull,exponential,weibull,lognormal,weibull,-220.146,1,0.71139,0.00042,0
508,loglogistic,weibull,loglogistic,weibull,loglogistic,loglogistic,-220.144,1,0.72907,0.00042,0
509,weibull,loglogistic,exponential,loglogistic,loglogistic,exponential,-220.139,1,0.71139,0.08059,0
510,lognormal,weibull,weibull,weibull,lognormal,weibull,-220.135,1,0.76349,0.00042,0
511,weibull,weibull,exponential,weibull,loglogistic,lognormal,-220.132,1,0.71139,0.00042,0
512,lognormal,loglogistic,lognormal,weibull,lognormal,loglogistic,-220.132,1,0.76349,0.08059,0
513,lognormal,loglogistic,weibull,loglogistic,loglogistic,exponential,-220.128,1,0.76349,0.08059,0
514,lognormal,weibull,loglogistic,weibull,lognormal,loglogistic,-220.122,1,0.76349,0.00042,0
515,lognormal,weibull,weibull,weibull,loglogistic,lognormal,-220.122,1,0.76349,0.00042,0
516,loglogistic,loglogistic,lognormal,loglogistic,lognormal,exponential,-220.12,1,0.72907,0.08059,0
517,lognormal,loglogistic,loglogistic,weibull,loglogistic,weibull,-220.116,1,0.76349,0.08059,0
518,loglogistic,weibull,lognormal,weibull,lognormal,lognormal,-220.114,1,0.72907,0.00042,0
519,loglogistic,weibull,loglogistic,loglogistic,lognormal,exponential,-220.11,1,0.72907,0.00042,0
520,weibull,weibull,weibull,weibull,loglogistic,weibull,-220.106,1,0.71139,0.00042,0
521,loglogistic,weibull,exponential,weibull,lognormal,loglogistic,-220.106,1,0.72907,0.00042,0
522,lognormal,weibull,lognormal,loglogistic,weibull,exponential,-220.104,1,0.76349,0.00042,0
523,lognormal,exponential,lognormal,loglogistic,loglogistic,exponential,-220.104,1,0.76349,0.12377,0
524,weibull,loglogistic,lognormal,weibull,loglogistic,loglogistic,-220.103,1,0.71139,0.08059,0
525,loglogistic,loglogistic,exponential,weibull,loglogistic,weibull,-220.1,1,0.72907,0.08059,0
526,weibull,weibull,loglogistic,weibull,loglogistic,loglogistic,-220.093,1,0.71139,0.00042,0
527,lognormal,loglogistic,exponential,weibull,lognormal,weibull,-220.078,1,0.76349,0.08059,0
528,weibull,loglogistic,lognormal,loglogistic,lognormal,exponential,-220.069,1,0.71139,0.08059,0
529,loglogistic,weibull,weibull,weibull,loglogistic,loglogistic,-220.066,1,0.72907,0.00042,0
530,lognormal,loglogistic,exponential,weibull,loglogistic,lognormal,-220.065,1,0.76349,0.08059,0
531,weibull,weibull,lognormal,weibull,lognormal,lognormal,-220.063,1,0.71139,0.00042,0
532,weibull,weibull,loglogistic,loglogistic,lognormal,exponential,-220.059,1,0.71139,0.00042,0
533,weibull,weibull,exponential,weibull,lognormal,loglogistic,-220.055,1,0.71139,0.00042,0
534,weibull,loglogistic,exponential,weibull,loglogistic,weibull,-220.049,1,0.71139,0.08059,0
535,lognormal,weibull,weibull,weibull,lognormal,loglogistic,-220.045,1,0.76349,0.00042,0
536,lognormal,loglogistic,weibull,weibull,loglogistic,weibull,-220.039,1,0.76349,0.08059,0
537,loglogistic,weibull,weibull,loglogistic,lognormal,exponential,-220.032,1,0.72907,0.00042,0
538,loglogistic,loglogistic,lognormal,weibull,lognormal,weibull,-220.03,1,0.72907,0.08059,0
539,lognormal,loglogistic,loglogistic,weibull,loglogistic,loglogistic,-220.026,1,0.76349,0.08059,0
540,loglogistic,weibull,loglogistic,weibull,lognormal,weibull,-220.02,1,0.72907,0.00042,0
541,loglogistic,loglogistic,lognormal,weibull,loglogistic,lognormal,-220.017,1,0.72907,0.08059,0
542,weibull,weibull,weibull,weibull,loglogistic,loglogistic,-220.016,1,0.71139,0.00042,0
543,lognormal,weibull,lognormal,weibull,weibull,weibull,-220.014,1,0.76349,0.00042,0
544,lognormal,exponential,lognormal,weibull,loglogistic,weibull,-220.014,1,0.76349,0.12377,0
545,loglogistic,loglogistic,loglogistic,loglogistic,loglogistic,exponential,-220.013,1,0.72907,0.08059,0
546,loglogistic,loglogistic,exponential,weibull,loglogistic,loglogistic,-220.009,1,0.72907,0.08059,0
547,loglogistic,weibull,loglogistic,weibull,loglogistic,lognormal,-220.007,1,0.72907,0.00042,0
548,lognormal,loglogistic,lognormal,weibull,lognormal,lognormal,-219.996,1,0.76349,0.08059,0
549,lognormal,loglogistic,loglogistic,loglogistic,lognormal,exponential,-219.992,1,0.76349,0.08059,0
550,lognormal,lognormal,lognormal,loglogistic,loglogistic,exponential,-219.991,1,0.76349,0.11943,0
551,lognormal,loglogistic,exponential,weibull,lognormal,loglogistic,-219.988,1,0.76349,0.08059,0
552,lognormal,weibull,loglogistic,weibull,lognormal,lognormal,-219.986,1,0.76349,0.00042,0
553,weibull,weibull,weibull,loglogistic,lognormal,exponential,-219.982,1,0.71139,0.00042,0
554,weibull,loglogistic,lognormal,weibull,lognormal,weibull,-219.98,1,0.71139,0.08059,0
555,loglogistic,loglogistic,exponential,loglogistic,lognormal,exponential,-219.976,1,0.72907,0.08059,0
556,weibull,weibull,loglogistic,weibull,lognormal,weibull,-219.97,1,0.71139,0.00042,0
557,loglogistic,weibull,exponential,weibull,lognormal,lognormal,-219.969,1,0.72907,0.00042,0
558,weibull,loglogistic,lognormal,weibull,loglogistic,lognormal,-219.967,1,0.71139,0.08059,0
559,weibull,loglogistic,loglogistic,loglogistic,loglogistic,exponential,-219.963,1,0.71139,0.08059,0
560,lognormal,weibull,exponential,loglogistic,weibull,exponential,-219.959,1,0.76349,0.00042,0
561,lognormal,exponential,exponential,loglogistic,loglogistic,exponential,-219.959,1,0.76349,0.12377,0
562,weibull,loglogistic,exponential,weibull,loglogistic,loglogistic,-219.959,1,0.71139,0.08059,0
563,weibull,weibull,loglogistic,weibull,loglogistic,lognormal,-219.956,1,0.71139,0.00042,0
564,lognormal,loglogistic,weibull,weibull,loglogistic,loglogistic,-219.948,1,0.76349,0.08059,0
565,loglogistic,weibull,weibull,weibull,lognormal,weibull,-219.943,1,0.72907,0.00042,0
566,loglogistic,loglogistic,lognormal,weibull,lognormal,loglogistic,-219.94,1,0.72907,0.08059,0
567,loglogistic,loglogistic,weibull,loglogistic,loglogistic,exponential,-219.936,1,0.72907,0.08059,0
568,loglogistic,weibull,loglogistic,weibull,lognormal,loglogistic,-219.93,1,0.72907,0.00042,0
569,loglogistic,weibull,weibull,weibull,loglogistic,lognormal,-219.93,1,0.72907,0.00042,0
570,weibull,loglogistic,exponential,loglogistic,lognormal,exponential,-219.925,1,0.71139,0.08059,0
571,loglogistic,loglogistic,loglogistic,weibull,loglogistic,weibull,-219.924,1,0.72907,0.08059,0
572,lognormal,weibull,lognormal,weibull,weibull,loglogistic,-219.924,1,0.76349,0.00042,0
573,lognormal,exponential,lognormal,weibull,loglogistic,loglogistic,-219.924,1,0.76349,0.12377,0
574,weibull,weibull,exponential,weibull,lognormal,lognormal,-219.919,1,0.71139,0.00042,0
575,lognormal,loglogistic,weibull,loglogistic,lognormal,exponential,-219.914,1,0.76349,0.08059,0
576,loglogistic,weibull,lognormal,loglogistic,weibull,exponential,-219.911,1,0.72907,0.00042,0
577,loglogistic,exponential,lognormal,loglogistic,loglogistic,exponential,-219.911,1,0.72907,0.12377,0
578,lognormal,weibull,weibull,weibull,lognormal,lognormal,-219.908,1,0.76349,0.00042,0
579,lognormal,loglogistic,loglogistic,weibull,lognormal,weibull,-219.902,1,0.76349,0.08059,0
580,lognormal,lognormal,lognormal,weibull,loglogistic,weibull,-219.901,1,0.76349,0.11943,0
581,weibull,weibull,weibull,weibull,lognormal,weibull,-219.892,1,0.71139,0.00042,0
582,lognormal,exponential,lognormal,loglogistic,lognormal,exponential,-219.89,1,0.76349,0.12377,0
583,weibull,loglogistic,lognormal,weibull,lognormal,loglogistic,-219.889,1,0.71139,0.08059,0
584,lognormal,loglogistic,loglogistic,weibull,loglogistic,lognormal,-219.889,1,0.76349,0.08059,0
585,loglogistic,loglogistic,exponential,weibull,lognormal,weibull,-219.886,1,0.72907,0.08059,0
586,weibull,loglogistic,weibull,loglogistic,loglogistic,exponential,-219.885,1,0.71139,0.08059,0
587,weibull,weibull,loglogistic,weibull,lognormal,loglogistic,-219.879,1,0.71139,0.00042,0
588,weibull,weibull,weibull,weibull,loglogistic,lognormal,-219.879,1,0.71139,0.00042,0
589,weibull,loglogistic,loglogistic,weibull,loglogistic,weibull,-219.873,1,0.71139,0.08059,0
590,loglogistic,loglogistic,exponential,weibull,loglogistic,lognormal,-219.873,1,0.72907,0.08059,0
591,lognormal,weibull,exponential,weibull,weibull,weibull,-219.87,1,0.76349,0.00042,0
592,lognormal,exponential,exponential,weibull,loglogistic,weibull,-219.87,1,0.76349,0.12377,0
593,weibull,weibull,lognormal,loglogistic,weibull,exponential,-219.861,1,0.71139,0.00042,0
594,weibull,exponential,lognormal,loglogistic,loglogistic,exponential,-219.861,1,0.71139,0.12377,0
595,loglogistic,weibull,weibull,weibull,lognormal,loglogistic,-219.852,1,0.72907,0.00042,0
596,lognormal,loglogistic,exponential,weibull,lognormal,lognormal,-219.851,1,0.76349,0.08059,0
597,loglogistic,loglogistic,weibull,weibull,loglogistic,weibull,-219.846,1,0.72907,0.08059,0
598,lognormal,lognormal,exponential,loglogistic,loglogistic,exponential,-219.846,1,0.76349,0.11943,0
599,weibull,loglogistic,exponential,weibull,lognormal,weibull,-219.835,1,0.71139,0.08059,0
600,loglogistic,loglogistic,loglogistic,weibull,loglogistic,loglogistic,-219.833,1,0.72907,0.08059,0
601,lognormal,loglogistic,weibull,weibull,lognormal,weibull,-219.825,1,0.76349,0.08059,0
602,weibull,loglogistic,exponential,weibull,loglogistic,lognormal,-219.822,1,0.71139,0.08059,0
603,loglogistic,weibull,lognormal,weibull,weibull,weibull,-219.822,1,0.72907,0.00042,0
604,loglogistic,exponential,lognormal,weibull,loglogistic,weibull,-219.822,1,0.72907,0.12377,0
605,lognormal,loglogistic,loglogistic,weibull,lognormal,loglogistic,-219.812,1,0.76349,0.08059,0
606,lognormal,loglogistic,weibull,weibull,loglogistic,lognormal,-219.812,1,0.76349,0.08059,0
607,lognormal,lognormal,lognormal,weibull,loglogistic,loglogistic,-219.811,1,0.76349,0.11943,0
608,loglogistic,loglogistic,lognormal,weibull,lognormal,lognormal,-219.803,1,0.72907,0.08059,0
609,weibull,weibull,weibull,weibull,lognormal,loglogistic,-219.802,1,0.71139,0.00042,0
610,lognormal,exponential,lognormal,weibull,lognormal,weibull,-219.8,1,0.76349,0.12377,0
611,loglogistic,loglogistic,loglogistic,loglogistic,lognormal,exponential,-219.8,1,0.72907,0.08059,0
612,loglogistic,lognormal,lognormal,loglogistic,loglogistic,exponential,-219.798,1,0.72907,0.11943,0
613,weibull,loglogistic,weibull,weibull,loglogistic,weibull,-219.796,1,0.71139,0.08059,0
614,loglogistic,loglogistic,exponential,weibull,lognormal,loglogistic,-219.796,1,0.72907,0.08059,0
615,lognormal,loglogistic,lognormal,loglogistic,weibull,exponential,-219.794,1,0.76349,0.08059,0
616,loglogistic,weibull,loglogistic,weibull,lognormal,lognormal,-219.793,1,0.72907,0.00042,0
617,lognormal,weibull,lognormal,weibull,weibull,lognormal,-219.787,1,0.76349,0.00042,0
618,lognormal,exponential,lognormal,weibull,loglogistic,lognormal,-219.787,1,0.76349,0.12377,0
619,lognormal,weibull,loglogistic,loglogistic,weibull,exponential,-219.783,1,0.76349,0.00042,0
620,lognormal,exponential,loglogistic,loglogistic,loglogistic,exponential,-219.783,1,0.76349,0.12377,0
621,weibull,loglogistic,loglogistic,weibull,loglogistic,loglogistic,-219.783,1,0.71139,0.08059,0
622,lognormal,weibull,exponential,weibull,weibull,loglogistic,-219.78,1,0.76349,0.00042,0
623,lognormal,exponential,exponential,weibull,loglogistic,loglogistic,-219.779,1,0.76349,0.12377,0
624,lognormal,lognormal,lognormal,loglogistic,lognormal,exponential,-219.777,1,0.76349,0.11943,0
625,weibull,weibull,lognormal,weibull,weibull,weibull,-219.771,1,0.71139,0.00042,0
626,weibull,exponential,lognormal,weibull,loglogistic,weibull,-219.771,1,0.71139,0.12377,0
627,loglogistic,weibull,exponential,loglogistic,weibull,exponential,-219.767,1,0.72907,0.00042,0
628,loglogistic,exponential,exponential,loglogistic,loglogistic,exponential,-219.767,1,0.72907,0.12377,0
629,lognormal,lognormal,exponential,weibull,loglogistic,weibull,-219.757,1,0.76349,0.11943,0
630,loglogistic,loglogistic,weibull,weibull,loglogistic,loglogistic,-219.756,1,0.72907,0.08059,0
631,weibull,loglogistic,lognormal,weibull,lognormal,lognormal,-219.753,1,0.71139,0.08059,0
632,weibull,loglogistic,loglogistic,loglogistic,lognormal,exponential,-219.749,1,0.71139,0.08059,0
633,weibull,lognormal,lognormal,loglogistic,loglogistic,exponential,-219.748,1,0.71139,0.11943,0
634,lognormal,exponential,exponential,loglogistic,lognormal,exponential,-219.745,1,0.76349,0.12377,0
635,weibull,loglogistic,exponential,weibull,lognormal,loglogistic,-219.745,1,0.71139,0.08059,0
636,weibull,weibull,loglogistic,weibull,lognormal,lognormal,-219.743,1,0.71139,0.00042,0
637,lognormal,loglogistic,weibull,weibull,lognormal,loglogistic,-219.735,1,0.76349,0.08059,0
638,loglogistic,weibull,lognormal,weibull,weibull,loglogistic,-219.732,1,0.72907,0.00042,0
639,loglogistic,exponential,lognormal,weibull,loglogistic,loglogistic,-219.731,1,0.72907,0.12377,0
640,loglogistic,loglogistic,weibull,loglogistic,lognormal,exponential,-219.722,1,0.72907,0.08059,0
641,weibull,weibull,exponential,loglogistic,weibull,exponential,-219.717,1,0.71139,0.00042,0
642,weibull,exponential,exponential,loglogistic,loglogistic,exponential,-219.716,1,0.71139,0.12377,0
643,loglogistic,weibull,weibull,weibull,lognormal,lognormal,-219.716,1,0.72907,0.00042,0
644,loglogistic,loglogistic,loglogistic,weibull,lognormal,weibull,-219.71,1,0.72907,0.08059,0
645,lognormal,exponential,lognormal,weibull,lognormal,loglogistic,-219.71,1,0.76349,0.12377,0
646,loglogistic,lognormal,lognormal,weibull,loglogistic,weibull,-219.709,1,0.72907,0.11943,0
647,lognormal,weibull,weibull,loglogistic,weibull,exponential,-219.706,1,0.76349,0.00042,0
648,lognormal,exponential,weibull,loglogistic,loglogistic,exponential,-219.706,1,0.76349,0.12377,0
649,weibull,loglogistic,weibull,weibull,loglogistic,loglogistic,-219.705,1,0.71139,0.08059,0
650,lognormal,loglogistic,lognormal,weibull,weibull,weibull,-219.704,1,0.76349,0.08059,0
651,loglogistic,exponential,lognormal,loglogistic,lognormal,exponential,-219.697,1,0.72907,0.12377,0
652,loglogistic,loglogistic,loglogistic,weibull,loglogistic,lognormal,-219.697,1,0.72907,0.08059,0
653,lognormal,weibull,loglogistic,weibull,weibull,weibull,-219.694,1,0.76349,0.00042,0
654,lognormal,exponential,loglogistic,weibull,loglogistic,weibull,-219.694,1,0.76349,0.12377,0
655,lognormal,lognormal,lognormal,weibull,lognormal,weibull,-219.687,1,0.76349,0.11943,0
656,weibull,weibull,lognormal,weibull,weibull,loglogistic,-219.681,1,0.71139,0.00042,0
657,weibull,exponential,lognormal,weibull,loglogistic,loglogistic,-219.681,1,0.71139,0.12377,0
658,loglogistic,weibull,exponential,weibull,weibull,weibull,-219.678,1,0.72907,0.00042,0
659,loglogistic,exponential,exponential,weibull,loglogistic,weibull,-219.677,1,0.72907,0.12377,0
660,lognormal,loglogistic,loglogistic,weibull,lognormal,lognormal,-219.675,1,0.76349,0.08059,0
661,lognormal,lognormal,lognormal,weibull,loglogistic,lognormal,-219.674,1,0.76349,0.11943,0
662,weibull,loglogistic,weibull,loglogistic,lognormal,exponential,-219.672,1,0.71139,0.08059,0
663,lognormal,lognormal,loglogistic,loglogistic,loglogistic,exponential,-219.67,1,0.76349,0.11943,0
664,lognormal,lognormal,exponential,weibull,loglogistic,loglogistic,-219.666,1,0.76349,0.11943,0
665,weibull,weibull,weibull,weibull,lognormal,lognormal,-219.665,1,0.71139,0.00042,0
666,weibull,loglogistic,loglogistic,weibull,lognormal,weibull,-219.66,1,0.71139,0.08059,0
667,loglogistic,loglogistic,exponential,weibull,lognormal,lognormal,-219.659,1,0.72907,0.08059,0
668,weibull,lognormal,lognormal,weibull,loglogistic,weibull,-219.658,1,0.71139,0.11943,0
669,lognormal,exponential,exponential,weibull,lognormal,weibull,-219.656,1,0.76349,0.12377,0
670,loglogistic,lognormal,exponential,loglogistic,loglogistic,exponential,-219.654,1,0.72907,0.11943,0
671,lognormal,loglogistic,exponential,loglogistic,weibull,exponential,-219.649,1,0.76349,0.08059,0
672,weibull,exponential,lognormal,loglogistic,lognormal,exponential,-219.647,1,0.71139,0.12377,0
673,weibull,loglogistic,loglogistic,weibull,loglogistic,lognormal,-219.646,1,0.71139,0.08059,0
674,lognormal,weibull,exponential,weibull,weibull,lognormal,-219.643,1,0.76349,0.00042,0
675,lognormal,exponential,exponential,weibull,loglogistic,lognormal,-219.643,1,0.76349,0.12377,0
676,loglogistic,loglogistic,weibull,weibull,lognormal,weibull,-219.633,1,0.72907,0.08059,0
677,lognormal,lognormal,exponential,loglogistic,lognormal,exponential,-219.633,1,0.76349,0.11943,0
678,weibull,weibull,exponential,weibull,weibull,weibull,-219.627,1,0.71139,0.00042,0
679,weibull,exponential,exponential,weibull,loglogistic,weibull,-219.627,1,0.71139,0.12377,0
680,loglogistic,loglogistic,loglogistic,weibull,lognormal,loglogistic,-219.62,1,0.72907,0.08059,0
681,loglogistic,loglogistic,weibull,weibull,loglogistic,lognormal,-219.619,1,0.72907,0.08059,0
682,loglogistic,lognormal,lognormal,weibull,loglogistic,loglogistic,-219.618,1,0.72907,0.11943,0
683,lognormal,weibull,weibull,weibull,weibull,weibull,-219.617,1,0.76349,0.00042,0
684,lognormal,exponential,weibull,weibull,loglogistic,weibull,-219.616,1,0.76349,0.12377,0
685,lognormal,loglogistic,lognormal,weibull,weibull,loglogistic,-219.614,1,0.76349,0.08059,0
686,weibull,loglogistic,exponential,weibull,lognormal,lognormal,-219.608,1,0.71139,0.08059,0
687,loglogistic,exponential,lognormal,weibull,lognormal,weibull,-219.608,1,0.72907,0.12377,0
688,lognormal,weibull,loglogistic,weibull,weibull,loglogistic,-219.604,1,0.76349,0.00042,0
689,weibull,lognormal,exponential,loglogistic,loglogistic,exponential,-219.603,1,0.71139,0.11943,0
690,lognormal,exponential,loglogistic,weibull,loglogistic,loglogistic,-219.603,1,0.76349,0.12377,0
691,loglogistic,loglogistic,lognormal,loglogistic,weibull,exponential,-219.601,1,0.72907,0.08059,0
692,lognormal,loglogistic,weibull,weibull,lognormal,lognormal,-219.598,1,0.76349,0.08059,0
693,lognormal,lognormal,lognormal,weibull,lognormal,loglogistic,-219.597,1,0.76349,0.11943,0
694,loglogistic,weibull,lognormal,weibull,weibull,lognormal,-219.595,1,0.72907,0.00042,0
695,loglogistic,exponential,lognormal,weibull,loglogistic,lognormal,-219.595,1,0.72907,0.12377,0
696,lognormal,lognormal,weibull,loglogistic,loglogistic,exponential,-219.593,1,0.76349,0.11943,0
697,loglogistic,weibull,loglogistic,loglogistic,weibull,exponential,-219.591,1,0.72907,0.00042,0
698,loglogistic,exponential,loglogistic,loglogistic,loglogistic,exponential,-219.591,1,0.72907,0.12377,0
699,loglogistic,weibull,exponential,weibull,weibull,loglogistic,-219.587,1,0.72907,0.00042,0
700,loglogistic,exponential,exponential,weibull,loglogistic,loglogistic,-219.587,1,0.72907,0.12377,0
701,loglogistic,lognormal,lognormal,loglogistic,lognormal,exponential,-219.585,1,0.72907,0.11943,0
702,weibull,loglogistic,weibull,weibull,lognormal,weibull,-219.582,1,0.71139,0.08059,0
703,lognormal,lognormal,loglogistic,weibull,loglogistic,weibull,-219.581,1,0.76349,0.11943,0
704,lognormal,exponential,lognormal,weibull,lognormal,lognormal,-219.573,1,0.76349,0.12377,0
705,lognormal,exponential,loglogistic,loglogistic,lognormal,exponential,-219.569,1,0.76349,0.12377,0
706,weibull,loglogistic,loglogistic,weibull,lognormal,loglogistic,-219.569,1,0.71139,0.08059,0
707,weibull,loglogistic,weibull,weibull,loglogistic,lognormal,-219.569,1,0.71139,0.08059,0
708,weibull,lognormal,lognormal,weibull,loglogistic,loglogistic,-219.568,1,0.71139,0.11943,0
709,lognormal,exponential,exponential,weibull,lognormal,loglogistic,-219.565,1,0.76349,0.12377,0
710,loglogistic,lognormal,exponential,weibull,loglogistic,weibull,-219.565,1,0.72907,0.11943,0
711,lognormal,loglogistic,exponential,weibull,weibull,weibull,-219.56,1,0.76349,0.08059,0
712,weibull,exponential,lognormal,weibull,lognormal,weibull,-219.557,1,0.71139,0.12377,0
713,loglogistic,exponential,exponential,loglogistic,lognormal,exponential,-219.553,1,0.72907,0.12377,0
714,weibull,loglogistic,lognormal,loglogistic,weibull,exponential,-219.551,1,0.71139,0.08059,0
715,lognormal,weibull,lognormal,lognormal,loglogistic,weibull,-219.547,1,0.76349,0.00042,0
716,weibull,weibull,lognormal,weibull,weibull,lognormal,-219.544,1,0.71139,0.00042,0
717,weibull,exponential,lognormal,weibull,loglogistic,lognormal,-219.544,1,0.71139,0.12377,0
718,lognormal,lognormal,exponential,weibull,lognormal,weibull,-219.543,1,0.76349,0.11943,0
719,loglogistic,loglogistic,weibull,weibull,lognormal,loglogistic,-219.542,1,0.72907,0.08059,0
720,weibull,weibull,loglogistic,loglogistic,weibull,exponential,-219.541,1,0.71139,0.00042,0
721,weibull,exponential,loglogistic,loglogistic,loglogistic,exponential,-219.54,1,0.71139,0.12377,0
722,weibull,weibull,exponential,weibull,weibull,loglogistic,-219.537,1,0.71139,0.00042,0
723,weibull,exponential,exponential,weibull,loglogistic,loglogistic,-219.536,1,0.71139,0.12377,0
724,weibull,lognormal,lognormal,loglogistic,lognormal,exponential,-219.534,1,0.71139,0.11943,0
725,lognormal,lognormal,exponential,weibull,loglogistic,lognormal,-219.53,1,0.76349,0.11943,0
726,lognormal,weibull,weibull,weibull,weibull,loglogistic,-219.526,1,0.76349,0.00042,0
727,lognormal,exponential,weibull,weibull,loglogistic,loglogistic,-219.526,1,0.76349,0.12377,0
728,loglogistic,exponential,lognormal,weibull,lognormal,loglogistic,-219.517,1,0.72907,0.12377,0
729,weibull,lognormal,exponential,weibull,loglogistic,weibull,-219.514,1,0.71139,0.11943,0
730,loglogistic,weibull,weibull,loglogistic,weibull,exponential,-219.514,1,0.72907,0.00042,0
731,loglogistic,exponential,weibull,loglogistic,loglogistic,exponential,-219.513,1,0.72907,0.12377,0
732,loglogistic,loglogistic,lognormal,weibull,weibull,weibull,-219.512,1,0.72907,0.08059,0
733,lognormal,lognormal,weibull,weibull,loglogistic,weibull,-219.503,1,0.76349,0.11943,0
734,weibull,exponential,exponential,loglogistic,lognormal,exponential,-219.503,1,0.71139,0.12377,0
735,loglogistic,weibull,loglogistic,weibull,weibull,weibull,-219.502,1,0.72907,0.00042,0
736,loglogistic,exponential,loglogistic,weibull,loglogistic,weibull,-219.501,1,0.72907,0.12377,0
737,loglogistic,lognormal,lognormal,weibull,lognormal,weibull,-219.495,1,0.72907,0.11943,0
738,lognormal,exponential,weibull,loglogistic,lognormal,exponential,-219.492,1,0.76349,0.12377,0
739,weibull,loglogistic,weibull,weibull,lognormal,loglogistic,-219.492,1,0.71139,0.08059,0
740,lognormal,lognormal,loglogistic,weibull,loglogistic,loglogistic,-219.49,1,0.76349,0.11943,0
741,loglogistic,loglogistic,loglogistic,weibull,lognormal,lognormal,-219.483,1,0.72907,0.08059,0
742,loglogistic,lognormal,lognormal,weibull,loglogistic,lognormal,-219.482,1,0.72907,0.11943,0
743,lognormal,exponential,loglogistic,weibull,lognormal,weibull,-219.48,1,0.76349,0.12377,0
744,loglogistic,lognormal,loglogistic,loglogistic,loglogistic,exponential,-219.478,1,0.72907,0.11943,0
745,lognormal,loglogistic,lognormal,weibull,weibull,lognormal,-219.477,1,0.76349,0.08059,0
746,loglogistic,lognormal,exponential,weibull,loglogistic,loglogistic,-219.474,1,0.72907,0.11943,0
747,lognormal,loglogistic,loglogistic,loglogistic,weibull,exponential,-219.473,1,0.76349,0.08059,0
748,lognormal,loglogistic,exponential,weibull,weibull,loglogistic,-219.469,1,0.76349,0.08059,0
749,weibull,exponential,lognormal,weibull,lognormal,loglogistic,-219.467,1,0.71139,0.12377,0
750,lognormal,weibull,loglogistic,weibull,weibull,lognormal,-219.467,1,0.76349,0.00042,0
751,lognormal,exponential,loglogistic,weibull,loglogistic,lognormal,-219.467,1,0.76349,0.12377,0
752,loglogistic,exponential,exponential,weibull,lognormal,weibull,-219.464,1,0.72907,0.12377,0
753,weibull,weibull,weibull,loglogistic,weibull,exponential,-219.463,1,0.71139,0.00042,0
754,weibull,exponential,weibull,loglogistic,loglogistic,exponential,-219.463,1,0.71139,0.12377,0
755,weibull,loglogistic,lognormal,weibull,weibull,weibull,-219.461,1,0.71139,0.08059,0
756,lognormal,lognormal,lognormal,weibull,lognormal,lognormal,-219.46,1,0.76349,0.11943,0
757,lognormal,weibull,lognormal,lognormal,loglogistic,loglogistic,-219.457,1,0.76349,0.00042,0
758,loglogistic,loglogistic,exponential,loglogistic,weibull,exponential,-219.457,1,0.72907,0.08059,0
759,lognormal,lognormal,loglogistic,loglogistic,lognormal,exponential,-219.457,1,0.76349,0.11943,0
760,lognormal,lognormal,exponential,weibull,lognormal,loglogistic,-219.453,1,0.76349,0.11943,0
761,weibull,weibull,loglogistic,weibull,weibull,weibull,-219.451,1,0.71139,0.00042,0
762,weibull,exponential,loglogistic,weibull,loglogistic,weibull,-219.451,1,0.71139,0.12377,0
763,loglogistic,weibull,exponential,weibull,weibull,lognormal,-219.451,1,0.72907,0.00042,0
764,loglogistic,exponential,exponential,weibull,loglogistic,lognormal,-219.45,1,0.72907,0.12377,0
765,weibull,lognormal,lognormal,weibull,lognormal,weibull,-219.445,1,0.71139,0.11943,0
766,loglogistic,lognormal,exponential,loglogistic,lognormal,exponential,-219.44,1,0.72907,0.11943,0
767,weibull,loglogistic,loglogistic,weibull,lognormal,lognormal,-219.432,1,0.71139,0.08059,0
768,weibull,lognormal,lognormal,weibull,loglogistic,lognormal,-219.431,1,0.71139,0.11943,0
769,lognormal,exponential,exponential,weibull,lognormal,lognormal,-219.429,1,0.76349,0.12377,0
770,weibull,lognormal,loglogistic,loglogistic,loglogistic,exponential,-219.428,1,0.71139,0.11943,0
771,loglogistic,weibull,weibull,weibull,weibull,weibull,-219.424,1,0.72907,0.00042,0
772,loglogistic,exponential,weibull,weibull,loglogistic,weibull,-219.424,1,0.72907,0.12377,0
773,weibull,lognormal,exponential,weibull,loglogistic,loglogistic,-219.424,1,0.71139,0.11943,0
774,loglogistic,loglogistic,lognormal,weibull,weibull,loglogistic,-219.421,1,0.72907,0.08059,0
775,weibull,exponential,exponential,weibull,lognormal,weibull,-219.413,1,0.71139,0.12377,0
776,lognormal,lognormal,weibull,weibull,loglogistic,loglogistic,-219.413,1,0.76349,0.11943,0
777,loglogistic,weibull,loglogistic,weibull,weibull,loglogistic,-219.411,1,0.72907,0.00042,0
778,loglogistic,exponential,loglogistic,weibull,loglogistic,loglogistic,-219.411,1,0.72907,0.12377,0
779,weibull,loglogistic,exponential,loglogistic,weibull,exponential,-219.406,1,0.71139,0.08059,0
780,loglogistic,loglogistic,weibull,weibull,lognormal,lognormal,-219.406,1,0.72907,0.08059,0
781,loglogistic,lognormal,lognormal,weibull,lognormal,loglogistic,-219.405,1,0.72907,0.11943,0
782,lognormal,weibull,exponential,lognormal,loglogistic,weibull,-219.403,1,0.76349,0.00042,0
783,lognormal,exponential,weibull,weibull,lognormal,weibull,-219.402,1,0.76349,0.12377,0
784,loglogistic,lognormal,weibull,loglogistic,loglogistic,exponential,-219.401,1,0.72907,0.11943,0
785,weibull,weibull,exponential,weibull,weibull,lognormal,-219.4,1,0.71139,0.00042,0
786,weibull,exponential,exponential,weibull,loglogistic,lognormal,-219.4,1,0.71139,0.12377,0
787,lognormal,loglogistic,weibull,loglogistic,weibull,exponential,-219.396,1,0.76349,0.08059,0
788,weibull,lognormal,exponential,loglogistic,lognormal,exponential,-219.39,1,0.71139,0.11943,0
789,lognormal,exponential,loglogistic,weibull,lognormal,loglogistic,-219.39,1,0.76349,0.12377,0
790,lognormal,weibull,weibull,weibull,weibull,lognormal,-219.389,1,0.76349,0.00042,0
791,lognormal,exponential,weibull,weibull,loglogistic,lognormal,-219.389,1,0.76349,0.12377,0
792,loglogistic,lognormal,loglogistic,weibull,loglogistic,weibull,-219.389,1,0.72907,0.11943,0
793,lognormal,loglogistic,loglogistic,weibull,weibull,weibull,-219.384,1,0.76349,0.08059,0
794,loglogistic,exponential,lognormal,weibull,lognormal,lognormal,-219.381,1,0.72907,0.12377,0
795,lognormal,lognormal,weibull,loglogistic,lognormal,exponential,-219.379,1,0.76349,0.11943,0
796,loglogistic,exponential,loglogistic,loglogistic,lognormal,exponential,-219.377,1,0.72907,0.12377,0
797,weibull,weibull,weibull,weibull,weibull,weibull,-219.374,1,0.71139,0.00042,0
798,weibull,exponential,weibull,weibull,loglogistic,weibull,-219.373,1,0.71139,0.12377,0
799,loglogistic,exponential,exponential,weibull,lognormal,loglogistic,-219.373,1,0.72907,0.12377,0
800,lognormal,exponential,lognormal,loglogistic,weibull,exponential,-219.371,1,0.76349,0.12377,0
801,weibull,loglogistic,lognormal,weibull,weibull,loglogistic,-219.371,1,0.71139,0.08059,0
802,loglogistic,loglogistic,exponential,weibull,weibull,weibull,-219.367,1,0.72907,0.08059,0
803,lognormal,lognormal,loglogistic,weibull,lognormal,weibull,-219.367,1,0.76349,0.11943,0
804,weibull,weibull,loglogistic,weibull,weibull,loglogistic,-219.361,1,0.71139,0.00042,0
805,weibull,exponential,loglogistic,weibull,loglogistic,loglogistic,-219.36,1,0.71139,0.12377,0
806,loglogistic,weibull,lognormal,lognormal,loglogistic,weibull,-219.355,1,0.72907,0.00042,0
807,weibull,loglogistic,weibull,weibull,lognormal,lognormal,-219.355,1,0.71139,0.08059,0
808,weibull,lognormal,lognormal,weibull,lognormal,loglogistic,-219.354,1,0.71139,0.11943,0
809,lognormal,lognormal,loglogistic,weibull,loglogistic,lognormal,-219.354,1,0.76349,0.11943,0
810,loglogistic,lognormal,exponential,weibull,lognormal,weibull,-219.351,1,0.72907,0.11943,0
811,weibull,lognormal,weibull,loglogistic,loglogistic,exponential,-219.35,1,0.71139,0.11943,0
812,weibull,lognormal,loglogistic,weibull,loglogistic,weibull,-219.338,1,0.71139,0.11943,0
813,loglogistic,lognormal,exponential,weibull,loglogistic,lognormal,-219.337,1,0.72907,0.11943,0
814,loglogistic,weibull,weibull,weibull,weibull,loglogistic,-219.334,1,0.72907,0.00042,0
815,lognormal,weibull,lognormal,lognormal,lognormal,weibull,-219.334,1,0.76349,0.00042,0
816,loglogistic,exponential,weibull,weibull,loglogistic,loglogistic,-219.334,1,0.72907,0.12377,0
817,lognormal,loglogistic,exponential,weibull,weibull,lognormal,-219.333,1,0.76349,0.08059,0
818,weibull,exponential,lognormal,weibull,lognormal,lognormal,-219.33,1,0.71139,0.12377,0
819,weibull,exponential,loglogistic,loglogistic,lognormal,exponential,-219.327,1,0.71139,0.12377,0
820,weibull,exponential,exponential,weibull,lognormal,loglogistic,-219.323,1,0.71139,0.12377,0
821,lognormal,weibull,lognormal,lognormal,loglogistic,lognormal,-219.32,1,0.76349,0.00042,0
822,weibull,loglogistic,exponential,weibull,weibull,weibull,-219.317,1,0.71139,0.08059,0
823,lognormal,lognormal,exponential,weibull,lognormal,lognormal,-219.316,1,0.76349,0.11943,0
824,lognormal,weibull,exponential,lognormal,loglogistic,loglogistic,-219.313,1,0.76349,0.00042,0
825,lognormal,exponential,weibull,weibull,lognormal,loglogistic,-219.312,1,0.76349,0.12377,0
826,loglogistic,lognormal,weibull,weibull,loglogistic,weibull,-219.311,1,0.72907,0.11943,0
827,lognormal,loglogistic,weibull,weibull,weibull,weibull,-219.306,1,0.76349,0.08059,0
828,weibull,weibull,lognormal,lognormal,loglogistic,weibull,-219.305,1,0.71139,0.00042,0
829,weibull,lognormal,exponential,weibull,lognormal,weibull,-219.3,1,0.71139,0.11943,0
830,loglogistic,exponential,weibull,loglogistic,lognormal,exponential,-219.3,1,0.72907,0.12377,0
831,loglogistic,lognormal,loglogistic,weibull,loglogistic,loglogistic,-219.298,1,0.72907,0.11943,0
832,lognormal,loglogistic,loglogistic,weibull,weibull,loglogistic,-219.293,1,0.76349,0.08059,0
833,lognormal,lognormal,weibull,weibull,lognormal,weibull,-219.29,1,0.76349,0.11943,0
834,loglogistic,exponential,loglogistic,weibull,lognormal,weibull,-219.288,1,0.72907,0.12377,0
835,weibull,lognormal,exponential,weibull,loglogistic,lognormal,-219.287,1,0.71139,0.11943,0
836,loglogistic,loglogistic,lognormal,weibull,weibull,lognormal,-219.285,1,0.72907,0.08059,0
837,weibull,weibull,weibull,weibull,weibull,loglogistic,-219.283,1,0.71139,0.00042,0
838,weibull,exponential,weibull,weibull,loglogistic,loglogistic,-219.283,1,0.71139,0.12377,0
839,lognormal,exponential,lognormal,weibull,weibull,weibull,-219.282,1,0.76349,0.12377,0
840,loglogistic,loglogistic,loglogistic,loglogistic,weibull,exponential,-219.281,1,0.72907,0.08059,0
841,loglogistic,loglogistic,exponential,weibull,weibull,loglogistic,-219.277,1,0.72907,0.08059,0
842,lognormal,lognormal,loglogistic,weibull,lognormal,loglogistic,-219.277,1,0.76349,0.11943,0
843,lognormal,lognormal,weibull,weibull,loglogistic,lognormal,-219.276,1,0.76349,0.11943,0
844,loglogistic,weibull,loglogistic,weibull,weibull,lognormal,-219.275,1,0.72907,0.00042,0
845,loglogistic,exponential,loglogistic,weibull,loglogistic,lognormal,-219.274,1,0.72907,0.12377,0
846,loglogistic,lognormal,lognormal,weibull,lognormal,lognormal,-219.268,1,0.72907,0.11943,0
847,loglogistic,weibull,lognormal,lognormal,loglogistic,loglogistic,-219.265,1,0.72907,0.00042,0
848,loglogistic,lognormal,loglogistic,loglogistic,lognormal,exponential,-219.264,1,0.72907,0.11943,0
849,weibull,lognormal,weibull,weibull,loglogistic,weibull,-219.261,1,0.71139,0.11943,0
850,loglogistic,lognormal,exponential,weibull,lognormal,loglogistic,-219.26,1,0.72907,0.11943,0
851,lognormal,lognormal,lognormal,loglogistic,weibull,exponential,-219.258,1,0.76349,0.11943,0
852,lognormal,exponential,loglogistic,weibull,lognormal,lognormal,-219.253,1,0.76349,0.12377,0
853,weibull,exponential,weibull,loglogistic,lognormal,exponential,-219.249,1,0.71139,0.12377,0
854,weibull,lognormal,loglogistic,weibull,loglogistic,loglogistic,-219.248,1,0.71139,0.11943,0
855,lognormal,weibull,lognormal,lognormal,lognormal,loglogistic,-219.243,1,0.76349,0.00042,0
856,lognormal,loglogistic,lognormal,lognormal,loglogistic,weibull,-219.237,1,0.76349,0.08059,0
857,weibull,exponential,loglogistic,weibull,lognormal,weibull,-219.237,1,0.71139,0.12377,0
858,loglogistic,exponential,exponential,weibull,lognormal,lognormal,-219.236,1,0.72907,0.12377,0
859,weibull,loglogistic,lognormal,weibull,weibull,lognormal,-219.234,1,0.71139,0.08059,0
860,weibull,loglogistic,loglogistic,loglogistic,weibull,exponential,-219.23,1,0.71139,0.08059,0
861,lognormal,weibull,loglogistic,lognormal,loglogistic,weibull,-219.227,1,0.76349,0.00042,0
862,lognormal,exponential,exponential,loglogistic,weibull,exponential,-219.227,1,0.76349,0.12377,0
863,weibull,loglogistic,exponential,weibull,weibull,loglogistic,-219.226,1,0.71139,0.08059,0
864,weibull,weibull,loglogistic,weibull,weibull,lognormal,-219.224,1,0.71139,0.00042,0
865,weibull,exponential,loglogistic,weibull,loglogistic,lognormal,-219.224,1,0.71139,0.12377,0
866,loglogistic,lognormal,weibull,weibull,loglogistic,loglogistic,-219.221,1,0.72907,0.11943,0
867,weibull,lognormal,lognormal,weibull,lognormal,lognormal,-219.217,1,0.71139,0.11943,0
868,lognormal,loglogistic,weibull,weibull,weibull,loglogistic,-219.216,1,0.76349,0.08059,0
869,weibull,weibull,lognormal,lognormal,loglogistic,loglogistic,-219.214,1,0.71139,0.00042,0
870,weibull,lognormal,loglogistic,loglogistic,lognormal,exponential,-219.214,1,0.71139,0.11943,0
871,loglogistic,weibull,exponential,lognormal,loglogistic,weibull,-219.211,1,0.72907,0.00042,0
872,loglogistic,exponential,weibull,weibull,lognormal,weibull,-219.21,1,0.72907,0.12377,0
873,weibull,lognormal,exponential,weibull,lognormal,loglogistic,-219.21,1,0.71139,0.11943,0
874,loglogistic,loglogistic,weibull,loglogistic,weibull,exponential,-219.203,1,0.72907,0.08059,0
875,lognormal,lognormal,weibull,weibull,lognormal,loglogistic,-219.199,1,0.76349,0.11943,0
876,loglogistic,exponential,loglogistic,weibull,lognormal,loglogistic,-219.197,1,0.72907,0.12377,0
877,loglogistic,weibull,weibull,weibull,weibull,lognormal,-219.197,1,0.72907,0.00042,0
878,loglogistic,exponential,weibull,weibull,loglogistic,lognormal,-219.197,1,0.72907,0.12377,0
879,loglogistic,loglogistic,loglogistic,weibull,weibull,weibull,-219.191,1,0.72907,0.08059,0
880,lognormal,exponential,lognormal,weibull,weibull,loglogistic,-219.191,1,0.76349,0.12377,0
881,lognormal,weibull,exponential,lognormal,lognormal,weibull,-219.189,1,0.76349,0.00042,0
882,loglogistic,lognormal,weibull,loglogistic,lognormal,exponential,-219.187,1,0.72907,0.11943,0
883,weibull,exponential,exponential,weibull,lognormal,lognormal,-219.186,1,0.71139,0.12377,0
884,loglogistic,exponential,lognormal,loglogistic,weibull,exponential,-219.179,1,0.72907,0.12377,0
885,lognormal,weibull,exponential,lognormal,loglogistic,lognormal,-219.176,1,0.76349,0.00042,0
886,lognormal,exponential,weibull,weibull,lognormal,lognormal,-219.175,1,0.76349,0.12377,0
887,loglogistic,lognormal,loglogistic,weibull,lognormal,weibull,-219.175,1,0.72907,0.11943,0
888,weibull,lognormal,weibull,weibull,loglogistic,loglogistic,-219.17,1,0.71139,0.11943,0
889,lognormal,lognormal,lognormal,weibull,weibull,weibull,-219.169,1,0.76349,0.11943,0
890,loglogistic,lognormal,loglogistic,weibull,loglogistic,lognormal,-219.162,1,0.72907,0.11943,0
891,weibull,weibull,exponential,lognormal,loglogistic,weibull,-219.16,1,0.71139,0.00042,0
892,weibull,exponential,weibull,weibull,lognormal,weibull,-219.16,1,0.71139,0.12377,0
893,lognormal,loglogistic,loglogistic,weibull,weibull,lognormal,-219.157,1,0.76349,0.08059,0
894,weibull,loglogistic,weibull,loglogistic,weibull,exponential,-219.153,1,0.71139,0.08059,0
895,lognormal,weibull,weibull,lognormal,loglogistic,weibull,-219.15,1,0.76349,0.00042,0
896,lognormal,loglogistic,lognormal,lognormal,loglogistic,loglogistic,-219.147,1,0.76349,0.08059,0
897,weibull,exponential,loglogistic,weibull,lognormal,loglogistic,-219.147,1,0.71139,0.12377,0
898,weibull,weibull,weibull,weibull,weibull,lognormal,-219.147,1,0.71139,0.00042,0
899,weibull,exponential,weibull,weibull,loglogistic,lognormal,-219.146,1,0.71139,0.12377,0
900,loglogistic,weibull,lognormal,lognormal,lognormal,weibull,-219.141,1,0.72907,0.00042,0
901,weibull,loglogistic,loglogistic,weibull,weibull,weibull,-219.141,1,0.71139,0.08059,0
902,loglogistic,loglogistic,exponential,weibull,weibull,lognormal,-219.14,1,0.72907,0.08059,0
903,lognormal,lognormal,loglogistic,weibull,lognormal,lognormal,-219.14,1,0.76349,0.11943,0
904,lognormal,exponential,exponential,weibull,weibull,weibull,-219.137,1,0.76349,0.12377,0
905,lognormal,weibull,loglogistic,lognormal,loglogistic,loglogistic,-219.137,1,0.76349,0.00042,0
906,weibull,lognormal,weibull,loglogistic,lognormal,exponential,-219.136,1,0.71139,0.11943,0
907,weibull,exponential,lognormal,loglogistic,weibull,exponential,-219.128,1,0.71139,0.12377,0
908,loglogistic,weibull,lognormal,lognormal,loglogistic,lognormal,-219.128,1,0.72907,0.00042,0
909,weibull,lognormal,loglogistic,weibull,lognormal,weibull,-219.124,1,0.71139,0.11943,0
910,loglogistic,lognormal,exponential,weibull,lognormal,lognormal,-219.124,1,0.72907,0.11943,0
911,loglogistic,weibull,exponential,lognormal,loglogistic,loglogistic,-219.12,1,0.72907,0.00042,0
912,loglogistic,exponential,weibull,weibull,lognormal,loglogistic,-219.12,1,0.72907,0.12377,0
913,loglogistic,loglogistic,weibull,weibull,weibull,weibull,-219.114,1,0.72907,0.08059,0
914,lognormal,lognormal,exponential,loglogistic,weibull,exponential,-219.114,1,0.76349,0.11943,0
915,weibull,lognormal,loglogistic,weibull,loglogistic,lognormal,-219.111,1,0.71139,0.11943,0
916,lognormal,weibull,lognormal,lognormal,lognormal,lognormal,-219.107,1,0.76349,0.00042,0
917,loglogistic,loglogistic,loglogistic,weibull,weibull,loglogistic,-219.101,1,0.72907,0.08059,0
918,lognormal,weibull,exponential,lognormal,lognormal,loglogistic,-219.099,1,0.76349,0.00042,0
919,loglogistic,lognormal,weibull,weibull,lognormal,weibull,-219.097,1,0.72907,0.11943,0
920,lognormal,loglogistic,exponential,lognormal,loglogistic,weibull,-219.093,1,0.76349,0.08059,0
921,weibull,weibull,lognormal,lognormal,lognormal,weibull,-219.091,1,0.71139,0.00042,0
922,weibull,loglogistic,exponential,weibull,weibull,lognormal,-219.09,1,0.71139,0.08059,0
923,loglogistic,exponential,lognormal,weibull,weibull,weibull,-219.089,1,0.72907,0.12377,0
924,loglogistic,lognormal,loglogistic,weibull,lognormal,loglogistic,-219.084,1,0.72907,0.11943,0
925,loglogistic,lognormal,weibull,weibull,loglogistic,lognormal,-219.084,1,0.72907,0.11943,0
926,lognormal,loglogistic,weibull,weibull,weibull,lognormal,-219.079,1,0.76349,0.08059,0
927,lognormal,lognormal,lognormal,weibull,weibull,loglogistic,-219.078,1,0.76349,0.11943,0
928,weibull,weibull,lognormal,lognormal,loglogistic,lognormal,-219.078,1,0.71139,0.00042,0
929,weibull,lognormal,exponential,weibull,lognormal,lognormal,-219.073,1,0.71139,0.11943,0
930,weibull,weibull,exponential,lognormal,loglogistic,loglogistic,-219.07,1,0.71139,0.00042,0
931,weibull,exponential,weibull,weibull,lognormal,loglogistic,-219.069,1,0.71139,0.12377,0
932,loglogistic,lognormal,lognormal,loglogistic,weibull,exponential,-219.066,1,0.72907,0.11943,0
933,weibull,loglogistic,weibull,weibull,weibull,weibull,-219.063,1,0.71139,0.08059,0
934,lognormal,lognormal,weibull,weibull,lognormal,lognormal,-219.063,1,0.76349,0.11943,0
935,loglogistic,exponential,loglogistic,weibull,lognormal,lognormal,-219.061,1,0.72907,0.12377,0
936,lognormal,weibull,weibull,lognormal,loglogistic,loglogistic,-219.059,1,0.76349,0.00042,0
937,lognormal,exponential,lognormal,weibull,weibull,lognormal,-219.055,1,0.76349,0.12377,0
938,loglogistic,weibull,lognormal,lognormal,lognormal,loglogistic,-219.051,1,0.72907,0.00042,0
939,lognormal,exponential,loglogistic,loglogistic,weibull,exponential,-219.051,1,0.76349,0.12377,0
940,weibull,loglogistic,loglogistic,weibull,weibull,loglogistic,-219.05,1,0.71139,0.08059,0
941,lognormal,exponential,exponential,weibull,weibull,loglogistic,-219.047,1,0.76349,0.12377,0
942,weibull,lognormal,weibull,weibull,lognormal,weibull,-219.047,1,0.71139,0.11943,0
943,loglogistic,loglogistic,lognormal,lognormal,loglogistic,weibull,-219.045,1,0.72907,0.08059,0
944,weibull,exponential,lognormal,weibull,weibull,weibull,-219.039,1,0.71139,0.12377,0
945,loglogistic,weibull,loglogistic,lognormal,loglogistic,weibull,-219.035,1,0.72907,0.00042,0
946,loglogistic,exponential,exponential,loglogistic,weibull,exponential,-219.034,1,0.72907,0.12377,0
947,weibull,lognormal,loglogistic,weibull,lognormal,loglogistic,-219.034,1,0.71139,0.11943,0
948,weibull,lognormal,weibull,weibull,loglogistic,lognormal,-219.034,1,0.71139,0.11943,0
949,lognormal,lognormal,exponential,weibull,weibull,weibull,-219.024,1,0.76349,0.11943,0
950,loglogistic,loglogistic,weibull,weibull,weibull,loglogistic,-219.024,1,0.72907,0.08059,0
951,lognormal,loglogistic,lognormal,lognormal,lognormal,weibull,-219.023,1,0.76349,0.08059,0
952,weibull,lognormal,lognormal,loglogistic,weibull,exponential,-219.015,1,0.71139,0.11943,0
953,lognormal,weibull,loglogistic,lognormal,lognormal,weibull,-219.013,1,0.76349,0.00042,0
954,lognormal,loglogistic,lognormal,lognormal,loglogistic,lognormal,-219.01,1,0.76349,0.08059,0
955,weibull,exponential,loglogistic,weibull,lognormal,lognormal,-219.01,1,0.71139,0.12377,0
956,loglogistic,lognormal,weibull,weibull,lognormal,loglogistic,-219.007,1,0.72907,0.11943,0
957,lognormal,loglogistic,exponential,lognormal,loglogistic,loglogistic,-219.002,1,0.76349,0.08059,0
958,weibull,weibull,lognormal,lognormal,lognormal,loglogistic,-219.0,1,0.71139,0.00042,0
959,lognormal,weibull,loglogistic,lognormal,loglogistic,lognormal,-219.0,1,0.76349,0.00042,0
960,loglogistic,exponential,lognormal,weibull,weibull,loglogistic,-218.999,1,0.72907,0.12377,0
961,loglogistic,weibull,exponential,lognormal,lognormal,weibull,-218.997,1,0.72907,0.00042,0
962,weibull,loglogistic,lognormal,lognormal,loglogistic,weibull,-218.994,1,0.71139,0.08059,0
963,weibull,weibull,loglogistic,lognormal,loglogistic,weibull,-218.984,1,0.71139,0.00042,0
964,weibull,exponential,exponential,loglogistic,weibull,exponential,-218.984,1,0.71139,0.12377,0
965,loglogistic,weibull,exponential,lognormal,loglogistic,lognormal,-218.984,1,0.72907,0.00042,0
966,loglogistic,exponential,weibull,weibull,lognormal,lognormal,-218.983,1,0.72907,0.12377,0
967,loglogistic,lognormal,lognormal,weibull,weibull,weibull,-218.976,1,0.72907,0.11943,0
968,lognormal,exponential,weibull,loglogistic,weibull,exponential,-218.973,1,0.76349,0.12377,0
969,weibull,loglogistic,weibull,weibull,weibull,loglogistic,-218.973,1,0.71139,0.08059,0
970,lognormal,weibull,lognormal,weibull,loglogistic,exponential,-218.968,1,0.76349,0.00042,0
971,loglogistic,loglogistic,loglogistic,weibull,weibull,lognormal,-218.964,1,0.72907,0.08059,0
972,lognormal,weibull,exponential,lognormal,lognormal,lognormal,-218.962,1,0.76349,0.00042,0
973,lognormal,exponential,loglogistic,weibull,weibull,weibull,-218.961,1,0.76349,0.12377,0
974,loglogistic,weibull,weibull,lognormal,loglogistic,weibull,-218.957,1,0.72907,0.00042,0
975,weibull,lognormal,weibull,weibull,lognormal,loglogistic,-218.956,1,0.71139,0.11943,0
976,loglogistic,loglogistic,lognormal,lognormal,loglogistic,loglogistic,-218.954,1,0.72907,0.08059,0
977,weibull,exponential,lognormal,weibull,weibull,loglogistic,-218.948,1,0.71139,0.12377,0
978,loglogistic,lognormal,loglogistic,weibull,lognormal,lognormal,-218.948,1,0.72907,0.11943,0
979,weibull,weibull,exponential,lognormal,lognormal,weibull,-218.946,1,0.71139,0.00042,0
980,loglogistic,exponential,exponential,weibull,weibull,weibull,-218.945,1,0.72907,0.12377,0
981,loglogistic,weibull,loglogistic,lognormal,loglogistic,loglogistic,-218.944,1,0.72907,0.00042,0
982,lognormal,lognormal,lognormal,weibull,weibull,lognormal,-218.942,1,0.76349,0.11943,0
983,lognormal,lognormal,loglogistic,loglogistic,weibull,exponential,-218.938,1,0.76349,0.11943,0
984,lognormal,weibull,weibull,lognormal,lognormal,weibull,-218.936,1,0.76349,0.00042,0
985,lognormal,lognormal,exponential,weibull,weibull,loglogistic,-218.934,1,0.76349,0.11943,0
986,weibull,weibull,exponential,lognormal,loglogistic,lognormal,-218.933,1,0.71139,0.00042,0
987,lognormal,loglogistic,lognormal,lognormal,lognormal,loglogistic,-218.933,1,0.76349,0.08059,0
988,weibull,exponential,weibull,weibull,lognormal,lognormal,-218.933,1,0.71139,0.12377,0
989,weibull,lognormal,lognormal,weibull,weibull,weibull,-218.926,1,0.71139,0.11943,0
990,lognormal,weibull,loglogistic,lognormal,lognormal,loglogistic,-218.923,1,0.76349,0.00042,0
991,lognormal,weibull,weibull,lognormal,loglogistic,lognormal,-218.923,1,0.76349,0.00042,0
992,loglogistic,lognormal,exponential,loglogistic,weibull,exponential,-218.922,1,0.72907,0.11943,0
993,lognormal,loglogistic,loglogistic,lognormal,loglogistic,weibull,-218.917,1,0.76349,0.08059,0
994,loglogistic,weibull,lognormal,lognormal,lognormal,lognormal,-218.914,1,0.72907,0.00042,0
995,weibull,loglogistic,loglogistic,weibull,weibull,lognormal,-218.914,1,0.71139,0.08059,0
996,lognormal,exponential,exponential,weibull,weibull,lognormal,-218.91,1,0.76349,0.12377,0
997,weibull,weibull,weibull,lognormal,loglogistic,weibull,-218.907,1,0.71139,0.00042,0
998,loglogistic,weibull,exponential,lognormal,lognormal,loglogistic,-218.906,1,0.72907,0.00042,0
999,weibull,loglogistic,lognormal,lognormal,loglogistic,loglogistic,-218.904,1,0.71139,0.08059,0
1000,loglogistic,loglogistic,exponential,lognormal,loglogistic,weibull,-218.901,1,0.72907,0.08059,0
1001,weibull,lognormal,loglogistic,weibull,lognormal,lognormal,-218.897,1,0.71139,0.11943,0
1002,weibull,exponential,exponential,weibull,weibull,weibull,-218.894,1,0.71139,0.12377,0
1003,weibull,weibull,loglogistic,lognormal,loglogistic,loglogistic,-218.894,1,0.71139,0.00042,0
1004,loglogistic,loglogistic,weibull,weibull,weibull,lognormal,-218.887,1,0.72907,0.08059,0
1005,loglogistic,lognormal,lognormal,weibull,weibull,loglogistic,-218.886,1,0.72907,0.11943,0
1006,lognormal,exponential,weibull,weibull,weibull,weibull,-218.884,1,0.76349,0.12377,0
1007,lognormal,loglogistic,exponential,lognormal,lognormal,weibull,-218.879,1,0.76349,0.08059,0
1008,weibull,lognormal,exponential,loglogistic,weibull,exponential,-218.871,1,0.71139,0.11943,0
1009,lognormal,exponential,loglogistic,weibull,weibull,loglogistic,-218.871,1,0.76349,0.12377,0
1010,loglogistic,lognormal,weibull,weibull,lognormal,lognormal,-218.87,1,0.72907,0.11943,0
1011,loglogistic,weibull,weibull,lognormal,loglogistic,loglogistic,-218.867,1,0.72907,0.00042,0
1012,lognormal,loglogistic,exponential,lognormal,loglogistic,lognormal,-218.866,1,0.76349,0.08059,0
1013,weibull,weibull,lognormal,lognormal,lognormal,lognormal,-218.864,1,0.71139,0.00042,0
1014,loglogistic,exponential,lognormal,weibull,weibull,lognormal,-218.862,1,0.72907,0.12377,0
1015,lognormal,lognormal,weibull,loglogistic,weibull,exponential,-218.86,1,0.76349,0.11943,0
1016,loglogistic,exponential,loglogistic,loglogistic,weibull,exponential,-218.858,1,0.72907,0.12377,0
1017,weibull,weibull,exponential,lognormal,lognormal,loglogistic,-218.856,1,0.71139,0.00042,0
1018,loglogistic,exponential,exponential,weibull,weibull,loglogistic,-218.854,1,0.72907,0.12377,0
1019,weibull,loglogistic,exponential,lognormal,loglogistic,weibull,-218.85,1,0.71139,0.08059,0
1020,lognormal,lognormal,loglogistic,weibull,weibull,weibull,-218.848,1,0.76349,0.11943,0
1021,lognormal,weibull,weibull,lognormal,lognormal,loglogistic,-218.845,1,0.76349,0.00042,0
1022,lognormal,loglogistic,weibull,lognormal,loglogistic,weibull,-218.839,1,0.76349,0.08059,0
1023,weibull,loglogistic,weibull,weibull,weibull,lognormal,-218.836,1,0.71139,0.08059,0
1024,weibull,lognormal,lognormal,weibull,weibull,loglogistic,-218.835,1,0.71139,0.11943,0
1025,loglogistic,lognormal,exponential,weibull,weibull,weibull,-218.832,1,0.72907,0.11943,0
1026,loglogistic,loglogistic,lognormal,lognormal,lognormal,weibull,-218.831,1,0.72907,0.08059,0
1027,lognormal,loglogistic,loglogistic,lognormal,loglogistic,loglogistic,-218.827,1,0.76349,0.08059,0
1028,lognormal,weibull,exponential,weibull,loglogistic,exponential,-218.824,1,0.76349,0.00042,0
1029,loglogistic,weibull,loglogistic,lognormal,lognormal,weibull,-218.821,1,0.72907,0.00042,0
1030,weibull,lognormal,weibull,weibull,lognormal,lognormal,-218.82,1,0.71139,0.11943,0
1031,loglogistic,loglogistic,lognormal,lognormal,loglogistic,lognormal,-218.818,1,0.72907,0.08059,0
1032,weibull,weibull,weibull,lognormal,loglogistic,loglogistic,-218.816,1,0.71139,0.00042,0
1033,lognormal,weibull,lognormal,lognormal,weibull,weibull,-218.815,1,0.76349,0.00042,0
1034,lognormal,exponential,lognormal,lognormal,loglogistic,weibull,-218.815,1,0.76349,0.12377,0
1035,weibull,exponential,lognormal,weibull,weibull,lognormal,-218.812,1,0.71139,0.12377,0
1036,loglogistic,loglogistic,exponential,lognormal,loglogistic,loglogistic,-218.81,1,0.72907,0.08059,0
1037,weibull,exponential,loglogistic,loglogistic,weibull,exponential,-218.808,1,0.71139,0.12377,0
1038,loglogistic,weibull,loglogistic,lognormal,loglogistic,lognormal,-218.808,1,0.72907,0.00042,0
1039,weibull,exponential,exponential,weibull,weibull,loglogistic,-218.804,1,0.71139,0.12377,0
1040,lognormal,lognormal,exponential,weibull,weibull,lognormal,-218.797,1,0.76349,0.11943,0
1041,lognormal,loglogistic,lognormal,lognormal,lognormal,lognormal,-218.796,1,0.76349,0.08059,0
1042,lognormal,exponential,weibull,weibull,weibull,loglogistic,-218.793,1,0.76349,0.12377,0
1043,lognormal,loglogistic,exponential,lognormal,lognormal,loglogistic,-218.789,1,0.76349,0.08059,0
1044,lognormal,weibull,loglogistic,lognormal,lognormal,lognormal,-218.786,1,0.76349,0.00042,0
1045,weibull,lognormal,exponential,weibull,weibull,weibull,-218.782,1,0.71139,0.11943,0
1046,loglogistic,exponential,weibull,loglogistic,weibull,exponential,-218.781,1,0.72907,0.12377,0
1047,weibull,loglogistic,lognormal,lognormal,lognormal,weibull,-218.781,1,0.71139,0.08059,0
1048,loglogistic,weibull,lognormal,weibull,loglogistic,exponential,-218.776,1,0.72907,0.00042,0
1049,lognormal,lognormal,weibull,weibull,weibull,weibull,-218.771,1,0.76349,0.11943,0
1050,weibull,weibull,loglogistic,lognormal,lognormal,weibull,-218.77,1,0.71139,0.00042,0
1051,loglogistic,weibull,exponential,lognormal,lognormal,lognormal,-218.77,1,0.72907,0.00042,0
1052,loglogistic,exponential,loglogistic,weibull,weibull,weibull,-218.769,1,0.72907,0.12377,0
1053,weibull,loglogistic,lognormal,lognormal,loglogistic,lognormal,-218.767,1,0.71139,0.08059,0
1054,weibull,loglogistic,exponential,lognormal,loglogistic,loglogistic,-218.76,1,0.71139,0.08059,0
1055,lognormal,lognormal,loglogistic,weibull,weibull,loglogistic,-218.758,1,0.76349,0.11943,0
1056,weibull,weibull,loglogistic,lognormal,loglogistic,lognormal,-218.757,1,0.71139,0.00042,0
1057,lognormal,weibull,lognormal,weibull,lognormal,exponential,-218.755,1,0.76349,0.00042,0
1058,loglogistic,lognormal,lognormal,weibull,weibull,lognormal,-218.749,1,0.72907,0.11943,0
1059,lognormal,loglogistic,weibull,lognormal,loglogistic,loglogistic,-218.749,1,0.76349,0.08059,0
1060,loglogistic,lognormal,loglogistic,loglogistic,weibull,exponential,-218.746,1,0.72907,0.11943,0
1061,loglogistic,weibull,weibull,lognormal,lognormal,weibull,-218.744,1,0.72907,0.00042,0
1062,loglogistic,lognormal,exponential,weibull,weibull,loglogistic,-218.742,1,0.72907,0.11943,0
1063,loglogistic,loglogistic,lognormal,lognormal,lognormal,loglogistic,-218.741,1,0.72907,0.08059,0
1064,lognormal,exponential,loglogistic,weibull,weibull,lognormal,-218.734,1,0.76349,0.12377,0
1065,loglogistic,weibull,loglogistic,lognormal,lognormal,loglogistic,-218.731,1,0.72907,0.00042,0
1066,weibull,exponential,weibull,loglogistic,weibull,exponential,-218.73,1,0.71139,0.12377,0
1067,loglogistic,weibull,weibull,lognormal,loglogistic,lognormal,-218.73,1,0.72907,0.00042,0
1068,weibull,weibull,lognormal,weibull,loglogistic,exponential,-218.726,1,0.71139,0.00042,0
1069,loglogistic,loglogistic,loglogistic,lognormal,loglogistic,weibull,-218.725,1,0.72907,0.08059,0
1070,lognormal,weibull,lognormal,lognormal,weibull,loglogistic,-218.725,1,0.76349,0.00042,0
1071,lognormal,exponential,lognormal,lognormal,loglogistic,loglogistic,-218.724,1,0.76349,0.12377,0
1072,weibull,weibull,exponential,lognormal,lognormal,lognormal,-218.719,1,0.71139,0.00042,0
1073,weibull,exponential,loglogistic,weibull,weibull,weibull,-218.718,1,0.71139,0.12377,0
1074,loglogistic,exponential,exponential,weibull,weibull,lognormal,-218.718,1,0.72907,0.12377,0
1075,lognormal,weibull,weibull,lognormal,lognormal,lognormal,-218.709,1,0.76349,0.00042,0
1076,lognormal,loglogistic,loglogistic,lognormal,lognormal,weibull,-218.703,1,0.76349,0.08059,0
1077,lognormal,lognormal,lognormal,lognormal,loglogistic,weibull,-218.702,1,0.76349,0.11943,0
1078,weibull,lognormal,lognormal,weibull,weibull,lognormal,-218.699,1,0.71139,0.11943,0
1079,weibull,lognormal,loglogistic,loglogistic,weibull,exponential,-218.695,1,0.71139,0.11943,0
1080,weibull,weibull,weibull,lognormal,lognormal,weibull,-218.693,1,0.71139,0.00042,0
1081,loglogistic,exponential,weibull,weibull,weibull,weibull,-218.692,1,0.72907,0.12377,0
1082,weibull,lognormal,exponential,weibull,weibull,loglogistic,-218.691,1,0.71139,0.11943,0
1083,weibull,loglogistic,lognormal,lognormal,lognormal,loglogistic,-218.69,1,0.71139,0.08059,0
1084,lognormal,loglogistic,loglogistic,lognormal,loglogistic,lognormal,-218.69,1,0.76349,0.08059,0
1085,loglogistic,loglogistic,exponential,lognormal,lognormal,weibull,-218.687,1,0.72907,0.08059,0
1086,lognormal,lognormal,weibull,weibull,weibull,loglogistic,-218.681,1,0.76349,0.11943,0
1087,weibull,weibull,loglogistic,lognormal,lognormal,loglogistic,-218.68,1,0.71139,0.00042,0
1088,weibull,weibull,weibull,lognormal,loglogistic,lognormal,-218.68,1,0.71139,0.00042,0
1089,loglogistic,exponential,loglogistic,weibull,weibull,loglogistic,-218.679,1,0.72907,0.12377,0
1090,weibull,loglogistic,loglogistic,lognormal,loglogistic,weibull,-218.674,1,0.71139,0.08059,0
1091,loglogistic,loglogistic,exponential,lognormal,loglogistic,lognormal,-218.673,1,0.72907,0.08059,0
1092,lognormal,weibull,exponential,lognormal,weibull,weibull,-218.671,1,0.76349,0.00042,0
1093,lognormal,exponential,exponential,lognormal,loglogistic,weibull,-218.67,1,0.76349,0.12377,0
1094,loglogistic,lognormal,weibull,loglogistic,weibull,exponential,-218.668,1,0.72907,0.11943,0
1095,weibull,exponential,exponential,weibull,weibull,lognormal,-218.667,1,0.71139,0.12377,0
1096,lognormal,loglogistic,lognormal,weibull,loglogistic,exponential,-218.658,1,0.76349,0.08059,0
1097,lognormal,exponential,weibull,weibull,weibull,lognormal,-218.657,1,0.76349,0.12377,0
1098,loglogistic,lognormal,loglogistic,weibull,weibull,weibull,-218.656,1,0.72907,0.11943,0
1099,loglogistic,weibull,weibull,lognormal,lognormal,loglogistic,-218.653,1,0.72907,0.00042,0
1100,lognormal,loglogistic,exponential,lognormal,lognormal,lognormal,-218.652,1,0.76349,0.08059,0
1101,lognormal,weibull,loglogistic,weibull,loglogistic,exponential,-218.648,1,0.76349,0.00042,0
1102,loglogistic,loglogistic,weibull,lognormal,loglogistic,weibull,-218.647,1,0.72907,0.08059,0
1103,weibull,exponential,weibull,weibull,weibull,weibull,-218.641,1,0.71139,0.12377,0
1104,weibull,loglogistic,exponential,lognormal,lognormal,weibull,-218.636,1,0.71139,0.08059,0
1105,loglogistic,loglogistic,loglogistic,lognormal,loglogistic,loglogistic,-218.634,1,0.72907,0.08059,0
1106,loglogistic,weibull,exponential,weibull,loglogistic,exponential,-218.632,1,0.72907,0.00042,0
1107,weibull,exponential,loglogistic,weibull,weibull,loglogistic,-218.628,1,0.71139,0.12377,0
1108,lognormal,loglogistic,weibull,lognormal,lognormal,weibull,-218.626,1,0.76349,0.08059,0
1109,weibull,loglogistic,exponential,lognormal,loglogistic,lognormal,-218.623,1,0.71139,0.08059,0
1110,loglogistic,weibull,lognormal,lognormal,weibull,weibull,-218.623,1,0.72907,0.00042,0
1111,loglogistic,exponential,lognormal,lognormal,loglogistic,weibull,-218.622,1,0.72907,0.12377,0
1112,lognormal,lognormal,loglogistic,weibull,weibull,lognormal,-218.621,1,0.76349,0.11943,0
1113,weibull,lognormal,weibull,loglogistic,weibull,exponential,-218.618,1,0.71139,0.11943,0
1114,lognormal,loglogistic,loglogistic,lognormal,lognormal,loglogistic,-218.613,1,0.76349,0.08059,0
1115,lognormal,loglogistic,weibull,lognormal,loglogistic,lognormal,-218.612,1,0.76349,0.08059,0
1116,lognormal,lognormal,lognormal,lognormal,loglogistic,loglogistic,-218.612,1,0.76349,0.11943,0
1117,lognormal,weibull,exponential,weibull,lognormal,exponential,-218.61,1,0.76349,0.00042,0
1118,weibull,lognormal,loglogistic,weibull,weibull,weibull,-218.606,1,0.71139,0.11943,0
1119,loglogistic,lognormal,exponential,weibull,weibull,lognormal,-218.605,1,0.72907,0.11943,0
1120,loglogistic,loglogistic,lognormal,lognormal,lognormal,lognormal,-218.604,1,0.72907,0.08059,0
1121,weibull,weibull,weibull,lognormal,lognormal,loglogistic,-218.603,1,0.71139,0.00042,0
1122,loglogistic,exponential,weibull,weibull,weibull,loglogistic,-218.601,1,0.72907,0.12377,0
1123,lognormal,exponential,lognormal,lognormal,lognormal,weibull,-218.601,1,0.76349,0.12377,0
1124,weibull,loglogistic,weibull,lognormal,loglogistic,weibull,-218.597,1,0.71139,0.08059,0
1125,loglogistic,loglogistic,exponential,lognormal,lognormal,loglogistic,-218.596,1,0.72907,0.08059,0
1126,loglogistic,weibull,loglogistic,lognormal,lognormal,lognormal,-218.594,1,0.72907,0.00042,0
1127,lognormal,weibull,lognormal,lognormal,weibull,lognormal,-218.588,1,0.76349,0.00042,0
1128,lognormal,exponential,lognormal,lognormal,loglogistic,lognormal,-218.588,1,0.76349,0.12377,0
1129,weibull,loglogistic,loglogistic,lognormal,loglogistic,loglogistic,-218.584,1,0.71139,0.08059,0
1130,weibull,weibull,exponential,weibull,loglogistic,exponential,-218.581,1,0.71139,0.00042,0
1131,lognormal,weibull,exponential,lognormal,weibull,loglogistic,-218.58,1,0.76349,0.00042,0
1132,lognormal,exponential,exponential,lognormal,loglogistic,loglogistic,-218.58,1,0.76349,0.12377,0
1133,loglogistic,lognormal,weibull,weibull,weibull,weibull,-218.579,1,0.72907,0.11943,0
1134,weibull,weibull,lognormal,lognormal,weibull,weibull,-218.572,1,0.71139,0.00042,0
1135,weibull,exponential,lognormal,lognormal,loglogistic,weibull,-218.572,1,0.71139,0.12377,0
1136,lognormal,weibull,weibull,weibull,loglogistic,exponential,-218.571,1,0.76349,0.00042,0
1137,loglogistic,lognormal,loglogistic,weibull,weibull,loglogistic,-218.566,1,0.72907,0.11943,0
1138,loglogistic,weibull,lognormal,weibull,lognormal,exponential,-218.562,1,0.72907,0.00042,0
1139,lognormal,lognormal,exponential,lognormal,loglogistic,weibull,-218.558,1,0.76349,0.11943,0
1140,loglogistic,loglogistic,weibull,lognormal,loglogistic,loglogistic,-218.557,1,0.72907,0.08059,0
1141,weibull,lognormal,exponential,weibull,weibull,lognormal,-218.554,1,0.71139,0.11943,0
1142,weibull,loglogistic,lognormal,lognormal,lognormal,lognormal,-218.553,1,0.71139,0.08059,0
1143,weibull,exponential,weibull,weibull,weibull,loglogistic,-218.551,1,0.71139,0.12377,0
1144,weibull,loglogistic,exponential,lognormal,lognormal,loglogistic,-218.546,1,0.71139,0.08059,0
1145,lognormal,lognormal,weibull,weibull,weibull,lognormal,-218.544,1,0.76349,0.11943,0
1146,weibull,weibull,loglogistic,lognormal,lognormal,lognormal,-218.543,1,0.71139,0.00042,0
1147,loglogistic,exponential,loglogistic,weibull,weibull,lognormal,-218.542,1,0.72907,0.12377,0
1148,lognormal,loglogistic,weibull,lognormal,lognormal,loglogistic,-218.535,1,0.76349,0.08059,0
1149,loglogistic,weibull,lognormal,lognormal,weibull,loglogistic,-218.532,1,0.72907,0.00042,0
1150,loglogistic,exponential,lognormal,lognormal,loglogistic,loglogistic,-218.532,1,0.72907,0.12377,0
1151,weibull,lognormal,weibull,weibull,weibull,weibull,-218.528,1,0.71139,0.11943,0
1152,loglogistic,weibull,weibull,lognormal,lognormal,lognormal,-218.516,1,0.72907,0.00042,0
1153,weibull,lognormal,loglogistic,weibull,weibull,loglogistic,-218.515,1,0.71139,0.11943,0
1154,lognormal,loglogistic,exponential,weibull,loglogistic,exponential,-218.514,1,0.76349,0.08059,0
1155,weibull,weibull,lognormal,weibull,lognormal,exponential,-218.512,1,0.71139,0.00042,0
1156,loglogistic,loglogistic,loglogistic,lognormal,lognormal,weibull,-218.511,1,0.72907,0.08059,0
1157,lognormal,exponential,lognormal,lognormal,lognormal,loglogistic,-218.511,1,0.76349,0.12377,0
1158,loglogistic,lognormal,lognormal,lognormal,loglogistic,weibull,-218.51,1,0.72907,0.11943,0
1159,weibull,loglogistic,weibull,lognormal,loglogistic,loglogistic,-218.506,1,0.71139,0.08059,0
1160,lognormal,loglogistic,lognormal,lognormal,weibull,weibull,-218.505,1,0.76349,0.08059,0
1161,loglogistic,loglogistic,loglogistic,lognormal,loglogistic,lognormal,-218.498,1,0.72907,0.08059,0
1162,lognormal,weibull,loglogistic,lognormal,weibull,weibull,-218.495,1,0.76349,0.00042,0
1163,lognormal,exponential,loglogistic,lognormal,loglogistic,weibull,-218.494,1,0.76349,0.12377,0
1164,weibull,exponential,loglogistic,weibull,weibull,lognormal,-218.491,1,0.71139,0.12377,0
1165,loglogistic,lognormal,weibull,weibull,weibull,loglogistic,-218.488,1,0.72907,0.11943,0
1166,lognormal,lognormal,lognormal,lognormal,lognormal,weibull,-218.488,1,0.76349,0.11943,0
1167,weibull,weibull,lognormal,lognormal,weibull,loglogistic,-218.482,1,0.71139,0.00042,0
1168,weibull,exponential,lognormal,lognormal,loglogistic,loglogistic,-218.481,1,0.71139,0.12377,0
1169,loglogistic,weibull,exponential,lognormal,weibull,weibull,-218.478,1,0.72907,0.00042,0
1170,loglogistic,exponential,exponential,lognormal,loglogistic,weibull,-218.478,1,0.72907,0.12377,0
1171,lognormal,loglogistic,loglogistic,lognormal,lognormal,lognormal,-218.476,1,0.76349,0.08059,0
1172,lognormal,lognormal,lognormal,lognormal,loglogistic,lognormal,-218.475,1,0.76349,0.11943,0
1173,lognormal,lognormal,exponential,lognormal,loglogistic,loglogistic,-218.467,1,0.76349,0.11943,0
1174,weibull,weibull,weibull,lognormal,lognormal,lognormal,-218.466,1,0.71139,0.00042,0
1175,loglogistic,loglogistic,lognormal,weibull,loglogistic,exponential,-218.466,1,0.72907,0.08059,0
1176,loglogistic,exponential,weibull,weibull,weibull,lognormal,-218.464,1,0.72907,0.12377,0
1177,weibull,loglogistic,loglogistic,lognormal,lognormal,weibull,-218.46,1,0.71139,0.08059,0
1178,loglogistic,loglogistic,exponential,lognormal,lognormal,lognormal,-218.46,1,0.72907,0.08059,0
1179,weibull,lognormal,lognormal,lognormal,loglogistic,weibull,-218.459,1,0.71139,0.11943,0
1180,lognormal,exponential,exponential,lognormal,lognormal,weibull,-218.457,1,0.76349,0.12377,0
1181,loglogistic,weibull,loglogistic,weibull,loglogistic,exponential,-218.456,1,0.72907,0.00042,0
1182,weibull,loglogistic,loglogistic,lognormal,loglogistic,lognormal,-218.447,1,0.71139,0.08059,0
1183,lognormal,loglogistic,lognormal,weibull,lognormal,exponential,-218.444,1,0.76349,0.08059,0
1184,lognormal,weibull,exponential,lognormal,weibull,lognormal,-218.444,1,0.76349,0.00042,0
1185,lognormal,exponential,exponential,lognormal,loglogistic,lognormal,-218.443,1,0.76349,0.12377,0
1186,weibull,lognormal,weibull,weibull,weibull,loglogistic,-218.438,1,0.71139,0.11943,0
1187,lognormal,weibull,loglogistic,weibull,lognormal,exponential,-218.434,1,0.76349,0.00042,0
1188,loglogistic,loglogistic,weibull,lognormal,lognormal,weibull,-218.433,1,0.72907,0.08059,0
1189,loglogistic,lognormal,loglogistic,weibull,weibull,lognormal,-218.429,1,0.72907,0.11943,0
1190,weibull,weibull,exponential,lognormal,weibull,weibull,-218.428,1,0.71139,0.00042,0
1191,weibull,exponential,exponential,lognormal,loglogistic,weibull,-218.428,1,0.71139,0.12377,0
1192,loglogistic,loglogistic,loglogistic,lognormal,lognormal,loglogistic,-218.42,1,0.72907,0.08059,0
1193,loglogistic,loglogistic,weibull,lognormal,loglogistic,lognormal,-218.42,1,0.72907,0.08059,0
1194,loglogistic,lognormal,lognormal,lognormal,loglogistic,loglogistic,-218.419,1,0.72907,0.11943,0
1195,loglogistic,weibull,exponential,weibull,lognormal,exponential,-218.418,1,0.72907,0.00042,0
1196,lognormal,weibull,weibull,lognormal,weibull,weibull,-218.417,1,0.76349,0.00042,0
1197,lognormal,exponential,weibull,lognormal,loglogistic,weibull,-218.417,1,0.76349,0.12377,0
1198,weibull,loglogistic,lognormal,weibull,loglogistic,exponential,-218.415,1,0.71139,0.08059,0
1199,lognormal,loglogistic,lognormal,lognormal,weibull,loglogistic,-218.414,1,0.76349,0.08059,0
1200,weibull,exponential,weibull,weibull,weibull,lognormal,-218.414,1,0.71139,0.12377,0
1201,weibull,loglogistic,exponential,lognormal,lognormal,lognormal,-218.409,1,0.71139,0.08059,0
1202,loglogistic,exponential,lognormal,lognormal,lognormal,weibull,-218.409,1,0.72907,0.12377,0
1203,weibull,weibull,loglogistic,weibull,loglogistic,exponential,-218.405,1,0.71139,0.00042,0
1204,lognormal,weibull,loglogistic,lognormal,weibull,loglogistic,-218.404,1,0.76349,0.00042,0
1205,lognormal,exponential,loglogistic,lognormal,loglogistic,loglogistic,-218.404,1,0.76349,0.12377,0
1206,lognormal,loglogistic,weibull,lognormal,lognormal,lognormal,-218.399,1,0.76349,0.08059,0
1207,lognormal,lognormal,lognormal,lognormal,lognormal,loglogistic,-218.398,1,0.76349,0.11943,0
1208,loglogistic,weibull,lognormal,lognormal,weibull,lognormal,-218.396,1,0.72907,0.00042,0
1209,loglogistic,exponential,lognormal,lognormal,loglogistic,lognormal,-218.395,1,0.72907,0.12377,0
1210,loglogistic,weibull,exponential,lognormal,weibull,loglogistic,-218.388,1,0.72907,0.00042,0
1211,loglogistic,exponential,exponential,lognormal,loglogistic,loglogistic,-218.388,1,0.72907,0.12377,0
1212,weibull,loglogistic,weibull,lognormal,lognormal,weibull,-218.383,1,0.71139,0.08059,0
1213,lognormal,lognormal,loglogistic,lognormal,loglogistic,weibull,-218.382,1,0.76349,0.11943,0
1214,weibull,lognormal,loglogistic,weibull,weibull,lognormal,-218.379,1,0.71139,0.11943,0
1215,loglogistic,weibull,weibull,weibull,loglogistic,exponential,-218.378,1,0.72907,0.00042,0
1216,lognormal,exponential,lognormal,lognormal,lognormal,lognormal,-218.374,1,0.76349,0.12377,0
1217,weibull,loglogistic,loglogistic,lognormal,lognormal,loglogistic,-218.37,1,0.71139,0.08059,0
1218,weibull,loglogistic,weibull,lognormal,loglogistic,lognormal,-218.37,1,0.71139,0.08059,0
1219,weibull,lognormal,lognormal,lognormal,loglogistic,loglogistic,-218.369,1,0.71139,0.11943,0
1220,weibull,weibull,exponential,weibull,lognormal,exponential,-218.367,1,0.71139,0.00042,0
1221,lognormal,exponential,exponential,lognormal,lognormal,loglogistic,-218.366,1,0.76349,0.12377,0
1222,loglogistic,lognormal,exponential,lognormal,loglogistic,weibull,-218.365,1,0.72907,0.11943,0
1223,lognormal,loglogistic,exponential,lognormal,weibull,weibull,-218.36,1,0.76349,0.08059,0
1224,weibull,exponential,lognormal,lognormal,lognormal,weibull,-218.358,1,0.71139,0.12377,0
1225,lognormal,weibull,weibull,weibull,lognormal,exponential,-218.357,1,0.76349,0.00042,0
1226,loglogistic,lognormal,weibull,weibull,weibull,lognormal,-218.352,1,0.72907,0.11943,0
1227,weibull,weibull,lognormal,lognormal,weibull,lognormal,-218.345,1,0.71139,0.00042,0
1228,weibull,exponential,lognormal,lognormal,loglogistic,lognormal,-218.345,1,0.71139,0.12377,0
1229,lognormal,lognormal,exponential,lognormal,lognormal,weibull,-218.344,1,0.76349,0.11943,0
1230,loglogistic,loglogistic,weibull,lognormal,lognormal,loglogistic,-218.343,1,0.72907,0.08059,0
1231,lognormal,loglogistic,loglogistic,weibull,loglogistic,exponential,-218.338,1,0.76349,0.08059,0
1232,weibull,weibull,exponential,lognormal,weibull,loglogistic,-218.337,1,0.71139,0.00042,0
1233,weibull,exponential,exponential,lognormal,loglogistic,loglogistic,-218.337,1,0.71139,0.12377,0
1234,lognormal,lognormal,exponential,lognormal,loglogistic,lognormal,-218.331,1,0.76349,0.11943,0
1235,weibull,weibull,weibull,weibull,loglogistic,exponential,-218.328,1,0.71139,0.00042,0
1236,lognormal,weibull,weibull,lognormal,weibull,loglogistic,-218.327,1,0.76349,0.00042,0
1237,lognormal,exponential,weibull,lognormal,loglogistic,loglogistic,-218.327,1,0.76349,0.12377,0
1238,loglogistic,loglogistic,exponential,weibull,loglogistic,exponential,-218.322,1,0.72907,0.08059,0
1239,loglogistic,exponential,lognormal,lognormal,lognormal,loglogistic,-218.318,1,0.72907,0.12377,0
1240,weibull,lognormal,exponential,lognormal,loglogistic,weibull,-218.315,1,0.71139,0.11943,0
1241,loglogistic,loglogistic,lognormal,lognormal,weibull,weibull,-218.312,1,0.72907,0.08059,0
1242,lognormal,lognormal,weibull,lognormal,loglogistic,weibull,-218.304,1,0.76349,0.11943,0
1243,loglogistic,weibull,loglogistic,lognormal,weibull,weibull,-218.302,1,0.72907,0.00042,0
1244,loglogistic,exponential,loglogistic,lognormal,loglogistic,weibull,-218.302,1,0.72907,0.12377,0
1245,weibull,lognormal,weibull,weibull,weibull,lognormal,-218.301,1,0.71139,0.11943,0
1246,lognormal,loglogistic,exponential,weibull,lognormal,exponential,-218.3,1,0.76349,0.08059,0
1247,loglogistic,lognormal,lognormal,lognormal,lognormal,weibull,-218.296,1,0.72907,0.11943,0
1248,weibull,loglogistic,weibull,lognormal,lognormal,loglogistic,-218.292,1,0.71139,0.08059,0
1249,lognormal,lognormal,loglogistic,lognormal,loglogistic,loglogistic,-218.291,1,0.76349,0.11943,0
1250,loglogistic,loglogistic,loglogistic,lognormal,lognormal,lognormal,-218.284,1,0.72907,0.08059,0
1251,loglogistic,lognormal,lognormal,lognormal,loglogistic,lognormal,-218.283,1,0.72907,0.11943,0
1252,lognormal,exponential,loglogistic,lognormal,lognormal,weibull,-218.281,1,0.76349,0.12377,0
1253,lognormal,loglogistic,lognormal,lognormal,weibull,lognormal,-218.278,1,0.76349,0.08059,0
1254,loglogistic,lognormal,exponential,lognormal,loglogistic,loglogistic,-218.275,1,0.72907,0.11943,0
1255,weibull,loglogistic,exponential,weibull,loglogistic,exponential,-218.271,1,0.71139,0.08059,0
1256,lognormal,loglogistic,exponential,lognormal,weibull,loglogistic,-218.27,1,0.76349,0.08059,0
1257,weibull,exponential,lognormal,lognormal,lognormal,loglogistic,-218.268,1,0.71139,0.12377,0
1258,lognormal,weibull,loglogistic,lognormal,weibull,lognormal,-218.268,1,0.76349,0.00042,0
1259,lognormal,exponential,loglogistic,lognormal,loglogistic,lognormal,-218.267,1,0.76349,0.12377,0
1260,loglogistic,exponential,exponential,lognormal,lognormal,weibull,-218.264,1,0.72907,0.12377,0
1261,weibull,loglogistic,lognormal,lognormal,weibull,weibull,-218.262,1,0.71139,0.08059,0
1262,lognormal,lognormal,lognormal,lognormal,lognormal,lognormal,-218.261,1,0.76349,0.11943,0
1263,lognormal,loglogistic,weibull,weibull,loglogistic,exponential,-218.26,1,0.76349,0.08059,0
1264,lognormal,lognormal,exponential,lognormal,lognormal,loglogistic,-218.253,1,0.76349,0.11943,0
1265,loglogistic,loglogistic,lognormal,weibull,lognormal,exponential,-218.252,1,0.72907,0.08059,0
1266,weibull,weibull,loglogistic,lognormal,weibull,weibull,-218.252,1,0.71139,0.00042,0
1267,weibull,exponential,loglogistic,lognormal,loglogistic,weibull,-218.252,1,0.71139,0.12377,0
1268,loglogistic,weibull,exponential,lognormal,weibull,lognormal,-218.251,1,0.72907,0.00042,0
1269,loglogistic,exponential,exponential,lognormal,loglogistic,lognormal,-218.251,1,0.72907,0.12377,0
1270,weibull,lognormal,lognormal,lognormal,lognormal,weibull,-218.245,1,0.71139,0.11943,0
1271,loglogistic,weibull,loglogistic,weibull,lognormal,exponential,-218.242,1,0.72907,0.00042,0
1272,lognormal,weibull,lognormal,weibull,weibull,exponential,-218.236,1,0.76349,0.00042,0
1273,lognormal,exponential,lognormal,weibull,loglogistic,exponential,-218.236,1,0.76349,0.12377,0
1274,weibull,loglogistic,loglogistic,lognormal,lognormal,lognormal,-218.233,1,0.71139,0.08059,0
1275,weibull,lognormal,lognormal,lognormal,loglogistic,lognormal,-218.232,1,0.71139,0.11943,0
1276,lognormal,exponential,exponential,lognormal,lognormal,lognormal,-218.23,1,0.76349,0.12377,0
1277,loglogistic,weibull,weibull,lognormal,weibull,weibull,-218.225,1,0.72907,0.00042,0
1278,loglogistic,exponential,weibull,lognormal,loglogistic,weibull,-218.225,1,0.72907,0.12377,0
1279,weibull,lognormal,exponential,lognormal,loglogistic,loglogistic,-218.224,1,0.71139,0.11943,0
1280,loglogistic,loglogistic,lognormal,lognormal,weibull,loglogistic,-218.222,1,0.72907,0.08059,0
1281,weibull,exponential,exponential,lognormal,lognormal,weibull,-218.214,1,0.71139,0.12377,0
1282,lognormal,lognormal,weibull,lognormal,loglogistic,loglogistic,-218.214,1,0.76349,0.11943,0
1283,loglogistic,weibull,loglogistic,lognormal,weibull,loglogistic,-218.212,1,0.72907,0.00042,0
1284,loglogistic,exponential,loglogistic,lognormal,loglogistic,loglogistic,-218.212,1,0.72907,0.12377,0
1285,loglogistic,loglogistic,weibull,lognormal,lognormal,lognormal,-218.206,1,0.72907,0.08059,0
1286,loglogistic,lognormal,lognormal,lognormal,lognormal,loglogistic,-218.205,1,0.72907,0.11943,0
1287,lognormal,exponential,weibull,lognormal,lognormal,weibull,-218.203,1,0.76349,0.12377,0
1288,weibull,loglogistic,lognormal,weibull,lognormal,exponential,-218.202,1,0.71139,0.08059,0
1289,weibull,weibull,exponential,lognormal,weibull,lognormal,-218.201,1,0.71139,0.00042,0
1290,weibull,exponential,exponential,lognormal,loglogistic,lognormal,-218.2,1,0.71139,0.12377,0
1291,weibull,weibull,loglogistic,weibull,lognormal,exponential,-218.191,1,0.71139,0.00042,0
1292,lognormal,exponential,loglogistic,lognormal,lognormal,loglogistic,-218.19,1,0.76349,0.12377,0
1293,lognormal,weibull,weibull,lognormal,weibull,lognormal,-218.19,1,0.76349,0.00042,0
1294,lognormal,exponential,weibull,lognormal,loglogistic,lognormal,-218.19,1,0.76349,0.12377,0
1295,loglogistic,lognormal,loglogistic,lognormal,loglogistic,weibull,-218.189,1,0.72907,0.11943,0
1296,lognormal,loglogistic,loglogistic,lognormal,weibull,weibull,-218.185,1,0.76349,0.08059,0
1297,loglogistic,exponential,lognormal,lognormal,lognormal,lognormal,-218.182,1,0.72907,0.12377,0
1298,weibull,weibull,weibull,lognormal,weibull,weibull,-218.174,1,0.71139,0.00042,0
1299,weibull,exponential,weibull,lognormal,loglogistic,weibull,-218.174,1,0.71139,0.12377,0
1300,loglogistic,exponential,exponential,lognormal,lognormal,loglogistic,-218.174,1,0.72907,0.12377,0
1301,weibull,loglogistic,lognormal,lognormal,weibull,loglogistic,-218.171,1,0.71139,0.08059,0
1302,loglogistic,loglogistic,exponential,lognormal,weibull,weibull,-218.168,1,0.72907,0.08059,0
1303,lognormal,lognormal,loglogistic,lognormal,lognormal,weibull,-218.168,1,0.76349,0.11943,0
1304,loglogistic,weibull,weibull,weibull,lognormal,exponential,-218.164,1,0.72907,0.00042,0
1305,weibull,weibull,loglogistic,lognormal,weibull,loglogistic,-218.161,1,0.71139,0.00042,0
1306,weibull,exponential,loglogistic,lognormal,loglogistic,loglogistic,-218.161,1,0.71139,0.12377,0
1307,weibull,loglogistic,weibull,lognormal,lognormal,lognormal,-218.156,1,0.71139,0.08059,0
1308,weibull,lognormal,lognormal,lognormal,lognormal,loglogistic,-218.155,1,0.71139,0.11943,0
1309,lognormal,lognormal,loglogistic,lognormal,loglogistic,lognormal,-218.155,1,0.76349,0.11943,0
1310,loglogistic,lognormal,exponential,lognormal,lognormal,weibull,-218.151,1,0.72907,0.11943,0
1311,loglogistic,loglogistic,loglogistic,weibull,loglogistic,exponential,-218.146,1,0.72907,0.08059,0
1312,weibull,lognormal,loglogistic,lognormal,loglogistic,weibull,-218.139,1,0.71139,0.11943,0
1313,loglogistic,lognormal,exponential,lognormal,loglogistic,lognormal,-218.138,1,0.72907,0.11943,0
1314,loglogistic,weibull,weibull,lognormal,weibull,loglogistic,-218.134,1,0.72907,0.00042,0
1315,loglogistic,exponential,weibull,lognormal,loglogistic,loglogistic,-218.134,1,0.72907,0.12377,0
1316,lognormal,loglogistic,exponential,lognormal,weibull,lognormal,-218.133,1,0.76349,0.08059,0
1317,weibull,exponential,lognormal,lognormal,lognormal,lognormal,-218.131,1,0.71139,0.12377,0
1318,lognormal,loglogistic,loglogistic,weibull,lognormal,exponential,-218.124,1,0.76349,0.08059,0
1319,weibull,exponential,exponential,lognormal,lognormal,loglogistic,-218.123,1,0.71139,0.12377,0
1320,lognormal,lognormal,lognormal,weibull,loglogistic,exponential,-218.123,1,0.76349,0.11943,0
1321,weibull,loglogistic,exponential,lognormal,weibull,weibull,-218.118,1,0.71139,0.08059,0
1322,lognormal,lognormal,exponential,lognormal,lognormal,lognormal,-218.117,1,0.76349,0.11943,0
1323,weibull,weibull,weibull,weibull,lognormal,exponential,-218.114,1,0.71139,0.00042,0
1324,lognormal,exponential,weibull,lognormal,lognormal,loglogistic,-218.113,1,0.76349,0.12377,0
1325,loglogistic,lognormal,weibull,lognormal,loglogistic,weibull,-218.112,1,0.72907,0.11943,0
1326,loglogistic,loglogistic,exponential,weibull,lognormal,exponential,-218.108,1,0.72907,0.08059,0
1327,lognormal,loglogistic,weibull,lognormal,weibull,weibull,-218.107,1,0.76349,0.08059,0
1328,weibull,lognormal,exponential,lognormal,lognormal,weibull,-218.101,1,0.71139,0.11943,0
1329,loglogistic,lognormal,loglogistic,lognormal,loglogistic,loglogistic,-218.099,1,0.72907,0.11943,0
1330,weibull,loglogistic,loglogistic,weibull,loglogistic,exponential,-218.095,1,0.71139,0.08059,0
1331,lognormal,loglogistic,loglogistic,lognormal,weibull,loglogistic,-218.094,1,0.76349,0.08059,0
1332,lognormal,weibull,exponential,weibull,weibull,exponential,-218.092,1,0.76349,0.00042,0
1333,lognormal,exponential,exponential,weibull,loglogistic,exponential,-218.091,1,0.76349,0.12377,0
1334,lognormal,lognormal,weibull,lognormal,lognormal,weibull,-218.09,1,0.76349,0.11943,0
1335,loglogistic,exponential,loglogistic,lognormal,lognormal,weibull,-218.088,1,0.72907,0.12377,0
1336,weibull,lognormal,exponential,lognormal,loglogistic,lognormal,-218.088,1,0.71139,0.11943,0
1337,loglogistic,loglogistic,lognormal,lognormal,weibull,lognormal,-218.085,1,0.72907,0.08059,0
1338,weibull,weibull,weibull,lognormal,weibull,loglogistic,-218.084,1,0.71139,0.00042,0
1339,weibull,exponential,weibull,lognormal,loglogistic,loglogistic,-218.084,1,0.71139,0.12377,0
1340,lognormal,exponential,lognormal,lognormal,weibull,weibull,-218.082,1,0.76349,0.12377,0
1341,loglogistic,loglogistic,exponential,lognormal,weibull,loglogistic,-218.078,1,0.72907,0.08059,0
1342,lognormal,lognormal,loglogistic,lognormal,lognormal,loglogistic,-218.077,1,0.76349,0.11943,0
1343,lognormal,lognormal,weibull,lognormal,loglogistic,lognormal,-218.077,1,0.76349,0.11943,0
1344,loglogistic,weibull,loglogistic,lognormal,weibull,lognormal,-218.075,1,0.72907,0.00042,0
1345,loglogistic,exponential,loglogistic,lognormal,loglogistic,lognormal,-218.075,1,0.72907,0.12377,0
1346,loglogistic,lognormal,lognormal,lognormal,lognormal,lognormal,-218.069,1,0.72907,0.11943,0
1347,loglogistic,loglogistic,weibull,weibull,loglogistic,exponential,-218.068,1,0.72907,0.08059,0
1348,weibull,lognormal,weibull,lognormal,loglogistic,weibull,-218.061,1,0.71139,0.11943,0
1349,loglogistic,lognormal,exponential,lognormal,lognormal,loglogistic,-218.061,1,0.72907,0.11943,0
1350,weibull,loglogistic,exponential,weibull,lognormal,exponential,-218.057,1,0.71139,0.08059,0
1351,lognormal,exponential,loglogistic,lognormal,lognormal,lognormal,-218.054,1,0.76349,0.12377,0
1352,weibull,lognormal,loglogistic,lognormal,loglogistic,loglogistic,-218.048,1,0.71139,0.11943,0
1353,lognormal,loglogistic,weibull,weibull,lognormal,exponential,-218.047,1,0.76349,0.08059,0
1354,loglogistic,weibull,lognormal,weibull,weibull,exponential,-218.044,1,0.72907,0.00042,0
1355,loglogistic,exponential,lognormal,weibull,loglogistic,exponential,-218.043,1,0.72907,0.12377,0
1356,weibull,exponential,loglogistic,lognormal,lognormal,weibull,-218.038,1,0.71139,0.12377,0
1357,loglogistic,exponential,exponential,lognormal,lognormal,lognormal,-218.037,1,0.72907,0.12377,0
1358,weibull,loglogistic,lognormal,lognormal,weibull,lognormal,-218.035,1,0.71139,0.08059,0
1359,weibull,loglogistic,exponential,lognormal,weibull,loglogistic,-218.027,1,0.71139,0.08059,0
1360,weibull,weibull,loglogistic,lognormal,weibull,lognormal,-218.025,1,0.71139,0.00042,0
1361,weibull,exponential,loglogistic,lognormal,loglogistic,lognormal,-218.025,1,0.71139,0.12377,0
1362,exponential,weibull,lognormal,loglogistic,loglogistic,weibull,-218.024,1,0.46701,0.00042,0
1363,lognormal,exponential,lognormal,weibull,lognormal,exponential,-218.022,1,0.76349,0.12377,0
1364,loglogistic,lognormal,weibull,lognormal,loglogistic,loglogistic,-218.021,1,0.72907,0.11943,0
1365,weibull,lognormal,lognormal,lognormal,lognormal,lognormal,-218.018,1,0.71139,0.11943,0
1366,weibull,loglogistic,weibull,weibull,loglogistic,exponential,-218.018,1,0.71139,0.08059,0
1367,lognormal,loglogistic,weibull,lognormal,weibull,loglogistic,-218.017,1,0.76349,0.08059,0
1368,loglogistic,exponential,weibull,lognormal,lognormal,weibull,-218.011,1,0.72907,0.12377,0
1369,weibull,lognormal,exponential,lognormal,lognormal,loglogistic,-218.01,1,0.71139,0.11943,0
1370,lognormal,lognormal,weibull,lognormal,lognormal,loglogistic,-218.0,1,0.76349,0.11943,0
1371,loglogistic,exponential,loglogistic,lognormal,lognormal,loglogistic,-217.998,1,0.72907,0.12377,0
1372,loglogistic,weibull,weibull,lognormal,weibull,lognormal,-217.998,1,0.72907,0.00042,0
1373,loglogistic,exponential,weibull,lognormal,loglogistic,lognormal,-217.998,1,0.72907,0.12377,0
1374,weibull,weibull,lognormal,weibull,weibull,exponential,-217.993,1,0.71139,0.00042,0
1375,weibull,exponential,lognormal,weibull,loglogistic,exponential,-217.993,1,0.71139,0.12377,0
1376,loglogistic,loglogistic,loglogistic,lognormal,weibull,weibull,-217.992,1,0.72907,0.08059,0
1377,lognormal,exponential,lognormal,lognormal,weibull,loglogistic,-217.992,1,0.76349,0.12377,0
1378,weibull,exponential,exponential,lognormal,lognormal,lognormal,-217.987,1,0.71139,0.12377,0
1379,lognormal,lognormal,exponential,weibull,loglogistic,exponential,-217.979,1,0.76349,0.11943,0
1380,lognormal,exponential,weibull,lognormal,lognormal,lognormal,-217.976,1,0.76349,0.12377,0
1381,loglogistic,lognormal,loglogistic,lognormal,lognormal,weibull,-217.975,1,0.72907,0.11943,0
1382,weibull,lognormal,weibull,lognormal,loglogistic,loglogistic,-217.971,1,0.71139,0.11943,0
1383,lognormal,lognormal,lognormal,lognormal,weibull,weibull,-217.97,1,0.76349,0.11943,0
1384,loglogistic,lognormal,loglogistic,lognormal,loglogistic,lognormal,-217.962,1,0.72907,0.11943,0
1385,weibull,exponential,weibull,lognormal,lognormal,weibull,-217.96,1,0.71139,0.12377,0
1386,lognormal,loglogistic,loglogistic,lognormal,weibull,lognormal,-217.957,1,0.76349,0.08059,0
1387,weibull,exponential,loglogistic,lognormal,lognormal,loglogistic,-217.947,1,0.71139,0.12377,0
1388,weibull,weibull,weibull,lognormal,weibull,lognormal,-217.947,1,0.71139,0.00042,0
1389,weibull,exponential,weibull,lognormal,loglogistic,lognormal,-217.947,1,0.71139,0.12377,0
1390,weibull,loglogistic,loglogistic,lognormal,weibull,weibull,-217.942,1,0.71139,0.08059,0
1391,loglogistic,loglogistic,exponential,lognormal,weibull,lognormal,-217.941,1,0.72907,0.08059,0
1392,lognormal,lognormal,loglogistic,lognormal,lognormal,lognormal,-217.941,1,0.76349,0.11943,0
1393,lognormal,exponential,exponential,lognormal,weibull,weibull,-217.938,1,0.76349,0.12377,0
1394,exponential,weibull,lognormal,loglogistic,loglogistic,loglogistic,-217.933,1,0.46701,0.00042,0
1395,loglogistic,loglogistic,loglogistic,weibull,lognormal,exponential,-217.932,1,0.72907,0.08059,0
1396,loglogistic,lognormal,lognormal,weibull,loglogistic,exponential,-217.931,1,0.72907,0.11943,0
1397,lognormal,loglogistic,lognormal,weibull,weibull,exponential,-217.926,1,0.76349,0.08059,0
1398,weibull,lognormal,loglogistic,lognormal,lognormal,weibull,-217.925,1,0.71139,0.11943,0
1399,loglogistic,lognormal,exponential,lognormal,lognormal,lognormal,-217.924,1,0.72907,0.11943,0
1400,loglogistic,exponential,weibull,lognormal,lognormal,loglogistic,-217.92,1,0.72907,0.12377,0
1401,lognormal,weibull,loglogistic,weibull,weibull,exponential,-217.916,1,0.76349,0.00042,0
1402,lognormal,exponential,loglogistic,weibull,loglogistic,exponential,-217.915,1,0.76349,0.12377,0
1403,loglogistic,loglogistic,weibull,lognormal,weibull,weibull,-217.915,1,0.72907,0.08059,0
1404,weibull,lognormal,loglogistic,lognormal,loglogistic,lognormal,-217.912,1,0.71139,0.11943,0
1405,lognormal,lognormal,lognormal,weibull,lognormal,exponential,-217.909,1,0.76349,0.11943,0
1406,loglogistic,loglogistic,loglogistic,lognormal,weibull,loglogistic,-217.902,1,0.72907,0.08059,0
1407,loglogistic,weibull,exponential,weibull,weibull,exponential,-217.899,1,0.72907,0.00042,0
1408,loglogistic,exponential,exponential,weibull,loglogistic,exponential,-217.899,1,0.72907,0.12377,0
1409,loglogistic,lognormal,weibull,lognormal,lognormal,weibull,-217.898,1,0.72907,0.11943,0
1410,weibull,loglogistic,exponential,lognormal,weibull,lognormal,-217.89,1,0.71139,0.08059,0
1411,loglogistic,exponential,lognormal,lognormal,weibull,weibull,-217.89,1,0.72907,0.12377,0
1412,loglogistic,lognormal,loglogistic,lognormal,lognormal,loglogistic,-217.885,1,0.72907,0.11943,0
1413,loglogistic,lognormal,weibull,lognormal,loglogistic,lognormal,-217.885,1,0.72907,0.11943,0
1414,weibull,loglogistic,loglogistic,weibull,lognormal,exponential,-217.881,1,0.71139,0.08059,0
1415,weibull,lognormal,lognormal,weibull,loglogistic,exponential,-217.88,1,0.71139,0.11943,0
1416,lognormal,loglogistic,weibull,lognormal,weibull,lognormal,-217.88,1,0.76349,0.08059,0
1417,exponential,weibull,exponential,loglogistic,loglogistic,weibull,-217.88,1,0.46701,0.00042,0
1418,lognormal,lognormal,lognormal,lognormal,weibull,loglogistic,-217.879,1,0.76349,0.11943,0
1419,lognormal,exponential,exponential,weibull,lognormal,exponential,-217.878,1,0.76349,0.12377,0
1420,weibull,lognormal,exponential,lognormal,lognormal,lognormal,-217.874,1,0.71139,0.11943,0
1421,weibull,exponential,weibull,lognormal,lognormal,loglogistic,-217.87,1,0.71139,0.12377,0
1422,weibull,loglogistic,weibull,lognormal,weibull,weibull,-217.864,1,0.71139,0.08059,0
1423,lognormal,lognormal,weibull,lognormal,lognormal,lognormal,-217.863,1,0.76349,0.11943,0
1424,loglogistic,exponential,loglogistic,lognormal,lognormal,lognormal,-217.861,1,0.72907,0.12377,0
1425,lognormal,exponential,lognormal,lognormal,weibull,lognormal,-217.855,1,0.76349,0.12377,0
1426,loglogistic,loglogistic,weibull,weibull,lognormal,exponential,-217.854,1,0.72907,0.08059,0
1427,weibull,loglogistic,loglogistic,lognormal,weibull,loglogistic,-217.851,1,0.71139,0.08059,0
1428,weibull,weibull,exponential,weibull,weibull,exponential,-217.849,1,0.71139,0.00042,0
1429,weibull,exponential,exponential,weibull,loglogistic,exponential,-217.849,1,0.71139,0.12377,0
1430,lognormal,exponential,exponential,lognormal,weibull,loglogistic,-217.848,1,0.76349,0.12377,0
1431,weibull,lognormal,weibull,lognormal,lognormal,weibull,-217.847,1,0.71139,0.11943,0
1432,weibull,exponential,lognormal,lognormal,weibull,weibull,-217.839,1,0.71139,0.12377,0
1433,lognormal,weibull,weibull,weibull,weibull,exponential,-217.838,1,0.76349,0.00042,0
1434,lognormal,exponential,weibull,weibull,loglogistic,exponential,-217.838,1,0.76349,0.12377,0
1435,weibull,lognormal,loglogistic,lognormal,lognormal,loglogistic,-217.835,1,0.71139,0.11943,0
1436,weibull,lognormal,weibull,lognormal,loglogistic,lognormal,-217.834,1,0.71139,0.11943,0
1437,loglogistic,exponential,lognormal,weibull,lognormal,exponential,-217.83,1,0.72907,0.12377,0
1438,lognormal,lognormal,exponential,lognormal,weibull,weibull,-217.825,1,0.76349,0.11943,0
1439,loglogistic,loglogistic,weibull,lognormal,weibull,loglogistic,-217.824,1,0.72907,0.08059,0
1440,weibull,exponential,loglogistic,lognormal,lognormal,lognormal,-217.811,1,0.71139,0.12377,0
1441,exponential,weibull,lognormal,loglogistic,lognormal,weibull,-217.81,1,0.46701,0.00042,0
1442,loglogistic,lognormal,weibull,lognormal,lognormal,loglogistic,-217.808,1,0.72907,0.11943,0
1443,weibull,loglogistic,weibull,weibull,lognormal,exponential,-217.804,1,0.71139,0.08059,0
1444,lognormal,lognormal,loglogistic,weibull,loglogistic,exponential,-217.803,1,0.76349,0.11943,0
1445,loglogistic,exponential,lognormal,lognormal,weibull,loglogistic,-217.8,1,0.72907,0.12377,0
1446,exponential,weibull,lognormal,loglogistic,loglogistic,lognormal,-217.797,1,0.46701,0.00042,0
1447,exponential,weibull,exponential,loglogistic,loglogistic,loglogistic,-217.789,1,0.46701,0.00042,0
1448,loglogistic,lognormal,exponential,weibull,loglogistic,exponential,-217.786,1,0.72907,0.11943,0
1449,loglogistic,exponential,weibull,lognormal,lognormal,lognormal,-217.784,1,0.72907,0.12377,0
1450,lognormal,loglogistic,exponential,weibull,weibull,exponential,-217.781,1,0.76349,0.08059,0
1451,weibull,exponential,lognormal,weibull,lognormal,exponential,-217.779,1,0.71139,0.12377,0
1452,loglogistic,lognormal,lognormal,lognormal,weibull,weibull,-217.777,1,0.72907,0.11943,0
1453,weibull,loglogistic,weibull,lognormal,weibull,loglogistic,-217.774,1,0.71139,0.08059,0
1454,lognormal,weibull,lognormal,lognormal,loglogistic,exponential,-217.769,1,0.76349,0.00042,0
1455,loglogistic,loglogistic,loglogistic,lognormal,weibull,lognormal,-217.765,1,0.72907,0.08059,0
1456,lognormal,lognormal,exponential,weibull,lognormal,exponential,-217.765,1,0.76349,0.11943,0
1457,lognormal,exponential,loglogistic,lognormal,weibull,weibull,-217.762,1,0.76349,0.12377,0
1458,weibull,lognormal,weibull,lognormal,lognormal,loglogistic,-217.757,1,0.71139,0.11943,0
1459,weibull,exponential,lognormal,lognormal,weibull,loglogistic,-217.749,1,0.71139,0.12377,0
1460,loglogistic,lognormal,loglogistic,lognormal,lognormal,lognormal,-217.748,1,0.72907,0.11943,0
1461,loglogistic,exponential,exponential,lognormal,weibull,weibull,-217.746,1,0.72907,0.12377,0
1462,lognormal,lognormal,lognormal,lognormal,weibull,lognormal,-217.742,1,0.76349,0.11943,0
1463,weibull,lognormal,exponential,weibull,loglogistic,exponential,-217.736,1,0.71139,0.11943,0
1464,lognormal,lognormal,exponential,lognormal,weibull,loglogistic,-217.735,1,0.76349,0.11943,0
1465,loglogistic,loglogistic,lognormal,weibull,weibull,exponential,-217.733,1,0.72907,0.08059,0
1466,weibull,exponential,weibull,lognormal,lognormal,lognormal,-217.733,1,0.71139,0.12377,0
1467,weibull,lognormal,lognormal,lognormal,weibull,weibull,-217.727,1,0.71139,0.11943,0
1468,lognormal,lognormal,weibull,weibull,loglogistic,exponential,-217.725,1,0.76349,0.11943,0
1469,loglogistic,weibull,loglogistic,weibull,weibull,exponential,-217.723,1,0.72907,0.00042,0
1470,loglogistic,exponential,loglogistic,weibull,loglogistic,exponential,-217.723,1,0.72907,0.12377,0
1471,exponential,weibull,lognormal,loglogistic,lognormal,loglogistic,-217.72,1,0.46701,0.00042,0
1472,loglogistic,lognormal,lognormal,weibull,lognormal,exponential,-217.717,1,0.72907,0.11943,0
1473,weibull,loglogistic,loglogistic,lognormal,weibull,lognormal,-217.715,1,0.71139,0.08059,0
1474,exponential,loglogistic,lognormal,loglogistic,loglogistic,weibull,-217.714,1,0.46701,0.08059,0
1475,lognormal,exponential,exponential,lognormal,weibull,lognormal,-217.711,1,0.76349,0.12377,0
1476,exponential,weibull,loglogistic,loglogistic,loglogistic,weibull,-217.704,1,0.46701,0.00042,0
1477,lognormal,exponential,loglogistic,weibull,lognormal,exponential,-217.702,1,0.76349,0.12377,0
1478,weibull,lognormal,loglogistic,lognormal,lognormal,lognormal,-217.698,1,0.71139,0.11943,0
1479,weibull,exponential,exponential,lognormal,weibull,weibull,-217.695,1,0.71139,0.12377,0
1480,loglogistic,loglogistic,weibull,lognormal,weibull,lognormal,-217.688,1,0.72907,0.08059,0
1481,loglogistic,lognormal,lognormal,lognormal,weibull,loglogistic,-217.687,1,0.72907,0.11943,0
1482,loglogistic,exponential,exponential,weibull,lognormal,exponential,-217.685,1,0.72907,0.12377,0
1483,lognormal,exponential,weibull,lognormal,weibull,weibull,-217.685,1,0.76349,0.12377,0
1484,weibull,loglogistic,lognormal,weibull,weibull,exponential,-217.683,1,0.71139,0.08059,0
1485,weibull,weibull,loglogistic,weibull,weibull,exponential,-217.673,1,0.71139,0.00042,0
1486,weibull,exponential,loglogistic,weibull,loglogistic,exponential,-217.673,1,0.71139,0.12377,0
1487,lognormal,exponential,loglogistic,lognormal,weibull,loglogistic,-217.672,1,0.76349,0.12377,0
1488,loglogistic,lognormal,weibull,lognormal,lognormal,lognormal,-217.671,1,0.72907,0.11943,0
1489,weibull,lognormal,lognormal,weibull,lognormal,exponential,-217.666,1,0.71139,0.11943,0
1490,exponential,weibull,exponential,loglogistic,lognormal,weibull,-217.666,1,0.46701,0.00042,0
1491,loglogistic,exponential,lognormal,lognormal,weibull,lognormal,-217.663,1,0.72907,0.12377,0
1492,loglogistic,exponential,exponential,lognormal,weibull,loglogistic,-217.655,1,0.72907,0.12377,0
1493,exponential,weibull,exponential,loglogistic,loglogistic,lognormal,-217.652,1,0.46701,0.00042,0
1494,lognormal,lognormal,loglogistic,lognormal,weibull,weibull,-217.649,1,0.76349,0.11943,0
1495,loglogistic,weibull,weibull,weibull,weibull,exponential,-217.646,1,0.72907,0.00042,0
1496,loglogistic,exponential,weibull,weibull,loglogistic,exponential,-217.646,1,0.72907,0.12377,0
1497,weibull,loglogistic,weibull,lognormal,weibull,lognormal,-217.637,1,0.71139,0.08059,0
1498,weibull,lognormal,lognormal,lognormal,weibull,loglogistic,-217.636,1,0.71139,0.11943,0
1499,weibull,exponential,exponential,weibull,lognormal,exponential,-217.635,1,0.71139,0.12377,0
1500,loglogistic,lognormal,exponential,lognormal,weibull,weibull,-217.633,1,0.72907,0.11943,0
1501,exponential,weibull,weibull,loglogistic,loglogistic,weibull,-217.626,1,0.46701,0.00042,0
1502,lognormal,weibull,exponential,lognormal,loglogistic,exponential,-217.625,1,0.76349,0.00042,0
1503,lognormal,exponential,weibull,weibull,lognormal,exponential,-217.624,1,0.76349,0.12377,0
1504,exponential,loglogistic,lognormal,loglogistic,loglogistic,loglogistic,-217.623,1,0.46701,0.08059,0
1505,weibull,lognormal,weibull,lognormal,lognormal,lognormal,-217.62,1,0.71139,0.11943,0
1506,exponential,weibull,loglogistic,loglogistic,loglogistic,loglogistic,-217.613,1,0.46701,0.00042,0
1507,weibull,exponential,lognormal,lognormal,weibull,lognormal,-217.612,1,0.71139,0.12377,0
1508,loglogistic,lognormal,loglogistic,weibull,loglogistic,exponential,-217.61,1,0.72907,0.11943,0
1509,lognormal,loglogistic,loglogistic,weibull,weibull,exponential,-217.605,1,0.76349,0.08059,0
1510,weibull,exponential,exponential,lognormal,weibull,loglogistic,-217.605,1,0.71139,0.12377,0
1511,lognormal,lognormal,exponential,lognormal,weibull,lognormal,-217.598,1,0.76349,0.11943,0
1512,weibull,weibull,weibull,weibull,weibull,exponential,-217.595,1,0.71139,0.00042,0
1513,weibull,exponential,weibull,weibull,loglogistic,exponential,-217.595,1,0.71139,0.12377,0
1514,lognormal,exponential,weibull,lognormal,weibull,loglogistic,-217.594,1,0.76349,0.12377,0
1515,loglogistic,loglogistic,exponential,weibull,weibull,exponential,-217.589,1,0.72907,0.08059,0
1516,lognormal,lognormal,loglogistic,weibull,lognormal,exponential,-217.589,1,0.76349,0.11943,0
1517,exponential,weibull,lognormal,loglogistic,lognormal,lognormal,-217.583,1,0.46701,0.00042,0
1518,weibull,lognormal,exponential,lognormal,weibull,weibull,-217.582,1,0.71139,0.11943,0
1519,loglogistic,weibull,lognormal,lognormal,loglogistic,exponential,-217.577,1,0.72907,0.00042,0
1520,exponential,weibull,exponential,loglogistic,lognormal,loglogistic,-217.575,1,0.46701,0.00042,0
1521,loglogistic,lognormal,exponential,weibull,lognormal,exponential,-217.572,1,0.72907,0.11943,0
1522,lognormal,lognormal,weibull,lognormal,weibull,weibull,-217.572,1,0.76349,0.11943,0
1523,loglogistic,exponential,loglogistic,lognormal,weibull,weibull,-217.57,1,0.72907,0.12377,0
1524,exponential,loglogistic,exponential,loglogistic,loglogistic,weibull,-217.569,1,0.46701,0.08059,0
1525,weibull,lognormal,loglogistic,weibull,loglogistic,exponential,-217.56,1,0.71139,0.11943,0
1526,lognormal,lognormal,loglogistic,lognormal,weibull,loglogistic,-217.559,1,0.76349,0.11943,0
1527,lognormal,weibull,lognormal,lognormal,lognormal,exponential,-217.555,1,0.76349,0.00042,0
1528,loglogistic,lognormal,lognormal,lognormal,weibull,lognormal,-217.55,1,0.72907,0.11943,0
1529,loglogistic,lognormal,exponential,lognormal,weibull,loglogistic,-217.542,1,0.72907,0.11943,0
1530,weibull,loglogistic,exponential,weibull,weibull,exponential,-217.539,1,0.71139,0.08059,0
1531,exponential,weibull,weibull,loglogistic,loglogistic,loglogistic,-217.536,1,0.46701,0.00042,0
1532,lognormal,exponential,loglogistic,lognormal,weibull,lognormal,-217.535,1,0.76349,0.12377,0
1533,loglogistic,lognormal,weibull,weibull,loglogistic,exponential,-217.533,1,0.72907,0.11943,0
1534,lognormal,loglogistic,weibull,weibull,weibull,exponential,-217.528,1,0.76349,0.08059,0
1535,weibull,weibull,lognormal,lognormal,loglogistic,exponential,-217.526,1,0.71139,0.00042,0
1536,weibull,lognormal,exponential,weibull,lognormal,exponential,-217.522,1,0.71139,0.11943,0
1537,weibull,exponential,loglogistic,lognormal,weibull,weibull,-217.519,1,0.71139,0.12377,0
1538,loglogistic,exponential,exponential,lognormal,weibull,lognormal,-217.519,1,0.72907,0.12377,0
1539,lognormal,lognormal,weibull,weibull,lognormal,exponential,-217.511,1,0.76349,0.11943,0
1540,loglogistic,exponential,loglogistic,weibull,lognormal,exponential,-217.509,1,0.72907,0.12377,0
1541,lognormal,exponential,lognormal,weibull,weibull,exponential,-217.503,1,0.76349,0.12377,0
1542,exponential,loglogistic,lognormal,loglogistic,lognormal,weibull,-217.5,1,0.46701,0.08059,0
1543,weibull,lognormal,lognormal,lognormal,weibull,lognormal,-217.5,1,0.71139,0.11943,0
1544,loglogistic,exponential,weibull,lognormal,weibull,weibull,-217.492,1,0.72907,0.12377,0
1545,weibull,lognormal,exponential,lognormal,weibull,loglogistic,-217.492,1,0.71139,0.11943,0
1546,exponential,weibull,loglogistic,loglogistic,lognormal,weibull,-217.49,1,0.46701,0.00042,0
1547,exponential,loglogistic,lognormal,loglogistic,loglogistic,lognormal,-217.487,1,0.46701,0.08059,0
1548,weibull,lognormal,weibull,weibull,loglogistic,exponential,-217.482,1,0.71139,0.11943,0
1549,lognormal,lognormal,weibull,lognormal,weibull,loglogistic,-217.481,1,0.76349,0.11943,0
1550,loglogistic,exponential,loglogistic,lognormal,weibull,loglogistic,-217.479,1,0.72907,0.12377,0
1551,exponential,loglogistic,exponential,loglogistic,loglogistic,loglogistic,-217.479,1,0.46701,0.08059,0
1552,exponential,weibull,loglogistic,loglogistic,loglogistic,lognormal,-217.476,1,0.46701,0.00042,0
1553,weibull,exponential,exponential,lognormal,weibull,lognormal,-217.468,1,0.71139,0.12377,0
1554,lognormal,loglogistic,lognormal,lognormal,loglogistic,exponential,-217.459,1,0.76349,0.08059,0
1555,weibull,exponential,loglogistic,weibull,lognormal,exponential,-217.459,1,0.71139,0.12377,0
1556,lognormal,exponential,weibull,lognormal,weibull,lognormal,-217.457,1,0.76349,0.12377,0
1557,loglogistic,lognormal,loglogistic,lognormal,weibull,weibull,-217.457,1,0.72907,0.11943,0
1558,lognormal,weibull,loglogistic,lognormal,loglogistic,exponential,-217.449,1,0.76349,0.00042,0
1559,weibull,exponential,weibull,lognormal,weibull,weibull,-217.442,1,0.71139,0.12377,0
1560,exponential,weibull,exponential,loglogistic,lognormal,lognormal,-217.439,1,0.46701,0.00042,0
1561,loglogistic,weibull,exponential,lognormal,loglogistic,exponential,-217.432,1,0.72907,0.00042,0
1562,loglogistic,exponential,weibull,weibull,lognormal,exponential,-217.432,1,0.72907,0.12377,0
1563,weibull,exponential,loglogistic,lognormal,weibull,loglogistic,-217.429,1,0.71139,0.12377,0
1564,lognormal,lognormal,loglogistic,lognormal,weibull,lognormal,-217.422,1,0.76349,0.11943,0
1565,loglogistic,loglogistic,loglogistic,weibull,weibull,exponential,-217.413,1,0.72907,0.08059,0
1566,exponential,weibull,weibull,loglogistic,lognormal,weibull,-217.412,1,0.46701,0.00042,0
1567,lognormal,weibull,exponential,lognormal,lognormal,exponential,-217.411,1,0.76349,0.00042,0
1568,exponential,loglogistic,lognormal,loglogistic,lognormal,loglogistic,-217.409,1,0.46701,0.08059,0
1569,weibull,lognormal,loglogistic,lognormal,weibull,weibull,-217.406,1,0.71139,0.11943,0
1570,loglogistic,lognormal,exponential,lognormal,weibull,lognormal,-217.406,1,0.72907,0.11943,0
1571,loglogistic,exponential,weibull,lognormal,weibull,loglogistic,-217.402,1,0.72907,0.12377,0
1572,exponential,weibull,loglogistic,loglogistic,lognormal,loglogistic,-217.399,1,0.46701,0.00042,0
1573,exponential,weibull,weibull,loglogistic,loglogistic,lognormal,-217.399,1,0.46701,0.00042,0
1574,loglogistic,lognormal,loglogistic,weibull,lognormal,exponential,-217.396,1,0.72907,0.11943,0
1575,exponential,loglogistic,loglogistic,loglogistic,loglogistic,weibull,-217.393,1,0.46701,0.08059,0
1576,lognormal,lognormal,lognormal,weibull,weibull,exponential,-217.39,1,0.76349,0.11943,0
1577,weibull,weibull,exponential,lognormal,loglogistic,exponential,-217.382,1,0.71139,0.00042,0
1578,weibull,exponential,weibull,weibull,lognormal,exponential,-217.381,1,0.71139,0.12377,0
1579,loglogistic,lognormal,weibull,lognormal,weibull,weibull,-217.379,1,0.72907,0.11943,0
1580,lognormal,weibull,weibull,lognormal,loglogistic,exponential,-217.371,1,0.76349,0.00042,0
1581,loglogistic,lognormal,loglogistic,lognormal,weibull,loglogistic,-217.366,1,0.72907,0.11943,0
1582,loglogistic,weibull,lognormal,lognormal,lognormal,exponential,-217.363,1,0.72907,0.00042,0
1583,weibull,loglogistic,loglogistic,weibull,weibull,exponential,-217.363,1,0.71139,0.08059,0
1584,lognormal,exponential,exponential,weibull,weibull,exponential,-217.359,1,0.76349,0.12377,0
1585,exponential,loglogistic,exponential,loglogistic,lognormal,weibull,-217.355,1,0.46701,0.08059,0
1586,weibull,lognormal,exponential,lognormal,weibull,lognormal,-217.355,1,0.71139,0.11943,0
1587,weibull,exponential,weibull,lognormal,weibull,loglogistic,-217.351,1,0.71139,0.12377,0
1588,weibull,lognormal,loglogistic,weibull,lognormal,exponential,-217.346,1,0.71139,0.11943,0
1589,lognormal,lognormal,weibull,lognormal,weibull,lognormal,-217.345,1,0.76349,0.11943,0
1590,loglogistic,exponential,loglogistic,lognormal,weibull,lognormal,-217.343,1,0.72907,0.12377,0
1591,exponential,loglogistic,exponential,loglogistic,loglogistic,lognormal,-217.342,1,0.46701,0.08059,0
1592,loglogistic,loglogistic,weibull,weibull,weibull,exponential,-217.336,1,0.72907,0.08059,0
1593,weibull,lognormal,weibull,lognormal,weibull,weibull,-217.329,1,0.71139,0.11943,0
1594,exponential,weibull,weibull,loglogistic,lognormal,loglogistic,-217.322,1,0.46701,0.00042,0
1595,loglogistic,lognormal,weibull,weibull,lognormal,exponential,-217.319,1,0.72907,0.11943,0
1596,exponential,loglogistic,weibull,loglogistic,loglogistic,weibull,-217.316,1,0.46701,0.08059,0
1597,weibull,lognormal,loglogistic,lognormal,weibull,loglogistic,-217.316,1,0.71139,0.11943,0
1598,lognormal,loglogistic,exponential,lognormal,loglogistic,exponential,-217.315,1,0.76349,0.08059,0
1599,weibull,weibull,lognormal,lognormal,lognormal,exponential,-217.312,1,0.71139,0.00042,0
1600,loglogistic,exponential,lognormal,weibull,weibull,exponential,-217.311,1,0.72907,0.12377,0
1601,exponential,loglogistic,loglogistic,loglogistic,loglogistic,loglogistic,-217.303,1,0.46701,0.08059,0
1602,weibull,exponential,loglogistic,lognormal,weibull,lognormal,-217.292,1,0.71139,0.12377,0
1603,exponential,weibull,lognormal,loglogistic,weibull,weibull,-217.291,1,0.46701,0.00042,0
1604,exponential,exponential,lognormal,loglogistic,loglogistic,weibull,-217.291,1,0.46701,0.12377,0
1605,loglogistic,lognormal,weibull,lognormal,weibull,loglogistic,-217.289,1,0.72907,0.11943,0
1606,weibull,loglogistic,weibull,weibull,weibull,exponential,-217.285,1,0.71139,0.08059,0
1607,exponential,loglogistic,lognormal,loglogistic,lognormal,lognormal,-217.273,1,0.46701,0.08059,0
1608,weibull,lognormal,weibull,weibull,lognormal,exponential,-217.268,1,0.71139,0.11943,0
1609,loglogistic,loglogistic,lognormal,lognormal,loglogistic,exponential,-217.267,1,0.72907,0.08059,0
1610,loglogistic,exponential,weibull,lognormal,weibull,lognormal,-217.265,1,0.72907,0.12377,0
1611,exponential,loglogistic,exponential,loglogistic,lognormal,loglogistic,-217.265,1,0.46701,0.08059,0
1612,exponential,weibull,loglogistic,loglogistic,lognormal,lognormal,-217.263,1,0.46701,0.00042,0
1613,weibull,exponential,lognormal,weibull,weibull,exponential,-217.26,1,0.71139,0.12377,0
1614,loglogistic,weibull,loglogistic,lognormal,loglogistic,exponential,-217.256,1,0.72907,0.00042,0
1615,lognormal,lognormal,exponential,weibull,weibull,exponential,-217.246,1,0.76349,0.11943,0
1616,lognormal,loglogistic,lognormal,lognormal,lognormal,exponential,-217.245,1,0.76349,0.08059,0
1617,weibull,lognormal,weibull,lognormal,weibull,loglogistic,-217.238,1,0.71139,0.11943,0
1618,lognormal,weibull,loglogistic,lognormal,lognormal,exponential,-217.235,1,0.76349,0.00042,0
1619,loglogistic,lognormal,loglogistic,lognormal,weibull,lognormal,-217.23,1,0.72907,0.11943,0
1620,exponential,loglogistic,weibull,loglogistic,loglogistic,loglogistic,-217.225,1,0.46701,0.08059,0
1621,loglogistic,weibull,exponential,lognormal,lognormal,exponential,-217.219,1,0.72907,0.00042,0
1622,weibull,loglogistic,lognormal,lognormal,loglogistic,exponential,-217.216,1,0.71139,0.08059,0
1623,weibull,exponential,weibull,lognormal,weibull,lognormal,-217.215,1,0.71139,0.12377,0
1624,weibull,weibull,loglogistic,lognormal,loglogistic,exponential,-217.206,1,0.71139,0.00042,0
1625,exponential,weibull,lognormal,loglogistic,weibull,loglogistic,-217.201,1,0.46701,0.00042,0
1626,exponential,exponential,lognormal,loglogistic,loglogistic,loglogistic,-217.201,1,0.46701,0.12377,0
1627,loglogistic,lognormal,lognormal,weibull,weibull,exponential,-217.198,1,0.72907,0.11943,0
1628,exponential,weibull,weibull,loglogistic,lognormal,lognormal,-217.185,1,0.46701,0.00042,0
1629,lognormal,exponential,loglogistic,weibull,weibull,exponential,-217.183,1,0.76349,0.12377,0
1630,exponential,loglogistic,loglogistic,loglogistic,lognormal,weibull,-217.18,1,0.46701,0.08059,0
1631,weibull,lognormal,loglogistic,lognormal,weibull,lognormal,-217.179,1,0.71139,0.11943,0
1632,loglogistic,weibull,weibull,lognormal,loglogistic,exponential,-217.179,1,0.72907,0.00042,0
1633,exponential,lognormal,lognormal,loglogistic,loglogistic,weibull,-217.178,1,0.46701,0.11943,0
1634,weibull,weibull,exponential,lognormal,lognormal,exponential,-217.168,1,0.71139,0.00042,0
1635,loglogistic,exponential,exponential,weibull,weibull,exponential,-217.167,1,0.72907,0.12377,0
1636,exponential,loglogistic,loglogistic,loglogistic,loglogistic,lognormal,-217.166,1,0.46701,0.08059,0
1637,lognormal,weibull,weibull,lognormal,lognormal,exponential,-217.158,1,0.76349,0.00042,0
1638,loglogistic,lognormal,weibull,lognormal,weibull,lognormal,-217.152,1,0.72907,0.11943,0
1639,weibull,lognormal,lognormal,weibull,weibull,exponential,-217.148,1,0.71139,0.11943,0
1640,exponential,weibull,exponential,loglogistic,weibull,weibull,-217.147,1,0.46701,0.00042,0
1641,exponential,exponential,exponential,loglogistic,loglogistic,weibull,-217.147,1,0.46701,0.12377,0
1642,lognormal,loglogistic,loglogistic,lognormal,loglogistic,exponential,-217.139,1,0.76349,0.08059,0
1643,weibull,weibull,weibull,lognormal,loglogistic,exponential,-217.128,1,0.71139,0.00042,0
1644,exponential,loglogistic,exponential,loglogistic,lognormal,lognormal,-217.128,1,0.46701,0.08059,0
1645,loglogistic,loglogistic,exponential,lognormal,loglogistic,exponential,-217.122,1,0.72907,0.08059,0
1646,weibull,exponential,exponential,weibull,weibull,exponential,-217.116,1,0.71139,0.12377,0
1647,lognormal,exponential,weibull,weibull,weibull,exponential,-217.106,1,0.76349,0.12377,0
1648,exponential,loglogistic,weibull,loglogistic,lognormal,weibull,-217.102,1,0.46701,0.08059,0
1649,weibull,lognormal,weibull,lognormal,weibull,lognormal,-217.102,1,0.71139,0.11943,0
1650,lognormal,loglogistic,exponential,lognormal,lognormal,exponential,-217.101,1,0.76349,0.08059,0
1651,exponential,loglogistic,loglogistic,loglogistic,lognormal,loglogistic,-217.089,1,0.46701,0.08059,0
1652,exponential,loglogistic,weibull,loglogistic,loglogistic,lognormal,-217.089,1,0.46701,0.08059,0
1653,exponential,lognormal,lognormal,loglogistic,loglogistic,loglogistic,-217.088,1,0.46701,0.11943,0
1654,exponential,exponential,lognormal,loglogistic,lognormal,weibull,-217.077,1,0.46701,0.12377,0
1655,weibull,loglogistic,exponential,lognormal,loglogistic,exponential,-217.072,1,0.71139,0.08059,0
1656,lognormal,lognormal,loglogistic,weibull,weibull,exponential,-217.07,1,0.76349,0.11943,0
1657,exponential,weibull,lognormal,loglogistic,weibull,lognormal,-217.064,1,0.46701,0.00042,0
1658,exponential,exponential,lognormal,loglogistic,loglogistic,lognormal,-217.064,1,0.46701,0.12377,0
1659,lognormal,loglogistic,weibull,lognormal,loglogistic,exponential,-217.061,1,0.76349,0.08059,0
1660,exponential,weibull,exponential,loglogistic,weibull,loglogistic,-217.057,1,0.46701,0.00042,0
1661,exponential,exponential,exponential,loglogistic,loglogistic,loglogistic,-217.056,1,0.46701,0.12377,0
1662,loglogistic,lognormal,exponential,weibull,weibull,exponential,-217.054,1,0.72907,0.11943,0
1663,loglogistic,loglogistic,lognormal,lognormal,lognormal,exponential,-217.053,1,0.72907,0.08059,0
1664,loglogistic,weibull,loglogistic,lognormal,lognormal,exponential,-217.043,1,0.72907,0.00042,0
1665,lognormal,weibull,lognormal,lognormal,weibull,exponential,-217.037,1,0.76349,0.00042,0
1666,lognormal,exponential,lognormal,lognormal,loglogistic,exponential,-217.036,1,0.76349,0.12377,0
1667,exponential,lognormal,exponential,loglogistic,loglogistic,weibull,-217.034,1,0.46701,0.11943,0
1668,exponential,loglogistic,weibull,loglogistic,lognormal,loglogistic,-217.012,1,0.46701,0.08059,0
1669,weibull,lognormal,exponential,weibull,weibull,exponential,-217.003,1,0.71139,0.11943,0
1670,weibull,loglogistic,lognormal,lognormal,lognormal,exponential,-217.002,1,0.71139,0.08059,0
1671,lognormal,lognormal,weibull,weibull,weibull,exponential,-216.993,1,0.76349,0.11943,0
1672,weibull,weibull,loglogistic,lognormal,lognormal,exponential,-216.992,1,0.71139,0.00042,0
1673,loglogistic,exponential,loglogistic,weibull,weibull,exponential,-216.991,1,0.72907,0.12377,0
1674,exponential,exponential,lognormal,loglogistic,lognormal,loglogistic,-216.987,1,0.46701,0.12377,0
1675,exponential,loglogistic,lognormal,loglogistic,weibull,weibull,-216.981,1,0.46701,0.08059,0
1676,exponential,weibull,loglogistic,loglogistic,weibull,weibull,-216.971,1,0.46701,0.00042,0
1677,exponential,exponential,loglogistic,loglogistic,loglogistic,weibull,-216.971,1,0.46701,0.12377,0
1678,loglogistic,weibull,weibull,lognormal,lognormal,exponential,-216.965,1,0.72907,0.00042,0
1679,exponential,lognormal,lognormal,loglogistic,lognormal,weibull,-216.965,1,0.46701,0.11943,0
1680,exponential,loglogistic,loglogistic,loglogistic,lognormal,lognormal,-216.952,1,0.46701,0.08059,0
1681,exponential,lognormal,lognormal,loglogistic,loglogistic,lognormal,-216.951,1,0.46701,0.11943,0
1682,loglogistic,loglogistic,loglogistic,lognormal,loglogistic,exponential,-216.946,1,0.72907,0.08059,0
1683,exponential,lognormal,exponential,loglogistic,loglogistic,loglogistic,-216.944,1,0.46701,0.11943,0
1684,weibull,exponential,loglogistic,weibull,weibull,exponential,-216.94,1,0.71139,0.12377,0
1685,exponential,exponential,exponential,loglogistic,lognormal,weibull,-216.933,1,0.46701,0.12377,0
1686,lognormal,loglogistic,loglogistic,lognormal,lognormal,exponential,-216.925,1,0.76349,0.08059,0
1687,lognormal,lognormal,lognormal,lognormal,loglogistic,exponential,-216.924,1,0.76349,0.11943,0
1688,exponential,weibull,exponential,loglogistic,weibull,lognormal,-216.92,1,0.46701,0.00042,0
1689,exponential,exponential,exponential,loglogistic,loglogistic,lognormal,-216.92,1,0.46701,0.12377,0
1690,weibull,weibull,weibull,lognormal,lognormal,exponential,-216.915,1,0.71139,0.00042,0
1691,loglogistic,exponential,weibull,weibull,weibull,exponential,-216.913,1,0.72907,0.12377,0
1692,loglogistic,loglogistic,exponential,lognormal,lognormal,exponential,-216.908,1,0.72907,0.08059,0
1693,weibull,loglogistic,loglogistic,lognormal,loglogistic,exponential,-216.896,1,0.71139,0.08059,0
1694,exponential,weibull,weibull,loglogistic,weibull,weibull,-216.894,1,0.46701,0.00042,0
1695,exponential,exponential,weibull,loglogistic,loglogistic,weibull,-216.893,1,0.46701,0.12377,0
1696,lognormal,weibull,exponential,lognormal,weibull,exponential,-216.892,1,0.76349,0.00042,0
1697,lognormal,exponential,exponential,lognormal,loglogistic,exponential,-216.892,1,0.76349,0.12377,0
1698,exponential,loglogistic,lognormal,loglogistic,weibull,loglogistic,-216.891,1,0.46701,0.08059,0
1699,exponential,weibull,loglogistic,loglogistic,weibull,loglogistic,-216.881,1,0.46701,0.00042,0
1700,exponential,exponential,loglogistic,loglogistic,loglogistic,loglogistic,-216.88,1,0.46701,0.12377,0
1701,loglogistic,lognormal,loglogistic,weibull,weibull,exponential,-216.878,1,0.72907,0.11943,0
1702,exponential,loglogistic,weibull,loglogistic,lognormal,lognormal,-216.875,1,0.46701,0.08059,0
1703,exponential,lognormal,lognormal,loglogistic,lognormal,loglogistic,-216.874,1,0.46701,0.11943,0
1704,loglogistic,loglogistic,weibull,lognormal,loglogistic,exponential,-216.869,1,0.72907,0.08059,0
1705,weibull,exponential,weibull,weibull,weibull,exponential,-216.863,1,0.71139,0.12377,0
1706,exponential,lognormal,loglogistic,loglogistic,loglogistic,weibull,-216.858,1,0.46701,0.11943,0
1707,weibull,loglogistic,exponential,lognormal,lognormal,exponential,-216.858,1,0.71139,0.08059,0
1708,exponential,exponential,lognormal,loglogistic,lognormal,lognormal,-216.85,1,0.46701,0.12377,0
1709,lognormal,loglogistic,weibull,lognormal,lognormal,exponential,-216.847,1,0.76349,0.08059,0
1710,loglogistic,weibull,lognormal,lognormal,weibull,exponential,-216.844,1,0.72907,0.00042,0
1711,loglogistic,exponential,lognormal,lognormal,loglogistic,exponential,-216.844,1,0.72907,0.12377,0
1712,exponential,exponential,exponential,loglogistic,lognormal,loglogistic,-216.843,1,0.46701,0.12377,0
1713,exponential,loglogistic,exponential,loglogistic,weibull,weibull,-216.837,1,0.46701,0.08059,0
1714,weibull,lognormal,loglogistic,weibull,weibull,exponential,-216.827,1,0.71139,0.11943,0
1715,lognormal,exponential,lognormal,lognormal,lognormal,exponential,-216.823,1,0.76349,0.12377,0
1716,exponential,lognormal,exponential,loglogistic,lognormal,weibull,-216.82,1,0.46701,0.11943,0
1717,weibull,loglogistic,weibull,lognormal,loglogistic,exponential,-216.818,1,0.71139,0.08059,0
1718,exponential,lognormal,exponential,loglogistic,loglogistic,lognormal,-216.807,1,0.46701,0.11943,0
1719,exponential,weibull,weibull,loglogistic,weibull,loglogistic,-216.803,1,0.46701,0.00042,0
1720,exponential,exponential,weibull,loglogistic,loglogistic,loglogistic,-216.803,1,0.46701,0.12377,0
1721,loglogistic,lognormal,weibull,weibull,weibull,exponential,-216.8,1,0.72907,0.11943,0
1722,weibull,weibull,lognormal,lognormal,weibull,exponential,-216.794,1,0.71139,0.00042,0
1723,weibull,exponential,lognormal,lognormal,loglogistic,exponential,-216.794,1,0.71139,0.12377,0
1724,exponential,lognormal,weibull,loglogistic,loglogistic,weibull,-216.781,1,0.46701,0.11943,0
1725,lognormal,lognormal,exponential,lognormal,loglogistic,exponential,-216.779,1,0.76349,0.11943,0
1726,exponential,lognormal,loglogistic,loglogistic,loglogistic,loglogistic,-216.768,1,0.46701,0.11943,0
1727,exponential,exponential,loglogistic,loglogistic,lognormal,weibull,-216.757,1,0.46701,0.12377,0
1728,exponential,loglogistic,lognormal,loglogistic,weibull,lognormal,-216.754,1,0.46701,0.08059,0
1729,weibull,lognormal,weibull,weibull,weibull,exponential,-216.75,1,0.71139,0.11943,0
1730,exponential,loglogistic,exponential,loglogistic,weibull,loglogistic,-216.746,1,0.46701,0.08059,0
1731,exponential,weibull,loglogistic,loglogistic,weibull,lognormal,-216.744,1,0.46701,0.00042,0
1732,exponential,exponential,loglogistic,loglogistic,loglogistic,lognormal,-216.744,1,0.46701,0.12377,0
1733,exponential,lognormal,lognormal,loglogistic,lognormal,lognormal,-216.737,1,0.46701,0.11943,0
1734,loglogistic,loglogistic,loglogistic,lognormal,lognormal,exponential,-216.732,1,0.72907,0.08059,0
1735,loglogistic,lognormal,lognormal,lognormal,loglogistic,exponential,-216.731,1,0.72907,0.11943,0
1736,exponential,lognormal,exponential,loglogistic,lognormal,loglogistic,-216.73,1,0.46701,0.11943,0
1737,lognormal,loglogistic,lognormal,lognormal,weibull,exponential,-216.726,1,0.76349,0.08059,0
1738,lognormal,weibull,loglogistic,lognormal,weibull,exponential,-216.716,1,0.76349,0.00042,0
1739,lognormal,exponential,loglogistic,lognormal,loglogistic,exponential,-216.716,1,0.76349,0.12377,0
1740,lognormal,lognormal,lognormal,lognormal,lognormal,exponential,-216.71,1,0.76349,0.11943,0
1741,exponential,exponential,exponential,loglogistic,lognormal,lognormal,-216.706,1,0.46701,0.12377,0
1742,loglogistic,weibull,exponential,lognormal,weibull,exponential,-216.7,1,0.72907,0.00042,0
1743,loglogistic,exponential,exponential,lognormal,loglogistic,exponential,-216.7,1,0.72907,0.12377,0
1744,exponential,lognormal,weibull,loglogistic,loglogistic,loglogistic,-216.69,1,0.46701,0.11943,0
1745,weibull,loglogistic,loglogistic,lognormal,lognormal,exponential,-216.682,1,0.71139,0.08059,0
1746,weibull,lognormal,lognormal,lognormal,loglogistic,exponential,-216.681,1,0.71139,0.11943,0
1747,exponential,exponential,weibull,loglogistic,lognormal,weibull,-216.68,1,0.46701,0.12377,0
1748,lognormal,exponential,exponential,lognormal,lognormal,exponential,-216.678,1,0.76349,0.12377,0
1749,exponential,exponential,loglogistic,loglogistic,lognormal,loglogistic,-216.667,1,0.46701,0.12377,0
1750,exponential,weibull,weibull,loglogistic,weibull,lognormal,-216.667,1,0.46701,0.00042,0
1751,exponential,exponential,weibull,loglogistic,loglogistic,lognormal,-216.666,1,0.46701,0.12377,0
1752,exponential,loglogistic,loglogistic,loglogistic,weibull,weibull,-216.661,1,0.46701,0.08059,0
1753,loglogistic,loglogistic,weibull,lognormal,lognormal,exponential,-216.655,1,0.72907,0.08059,0
1754,weibull,weibull,exponential,lognormal,weibull,exponential,-216.649,1,0.71139,0.00042,0
1755,weibull,exponential,exponential,lognormal,loglogistic,exponential,-216.649,1,0.71139,0.12377,0
1756,exponential,lognormal,loglogistic,loglogistic,lognormal,weibull,-216.644,1,0.46701,0.11943,0
1757,lognormal,weibull,weibull,lognormal,weibull,exponential,-216.639,1,0.76349,0.00042,0
1758,lognormal,exponential,weibull,lognormal,loglogistic,exponential,-216.639,1,0.76349,0.12377,0
1759,exponential,lognormal,loglogistic,loglogistic,loglogistic,lognormal,-216.631,1,0.46701,0.11943,0
1760,loglogistic,exponential,lognormal,lognormal,lognormal,exponential,-216.63,1,0.72907,0.12377,0
1761,exponential,loglogistic,exponential,loglogistic,weibull,lognormal,-216.61,1,0.46701,0.08059,0
1762,weibull,loglogistic,weibull,lognormal,lognormal,exponential,-216.604,1,0.71139,0.08059,0
1763,lognormal,lognormal,loglogistic,lognormal,loglogistic,exponential,-216.603,1,0.76349,0.11943,0
1764,exponential,lognormal,exponential,loglogistic,lognormal,lognormal,-216.593,1,0.46701,0.11943,0
1765,exponential,exponential,weibull,loglogistic,lognormal,loglogistic,-216.589,1,0.46701,0.12377,0
1766,loglogistic,lognormal,exponential,lognormal,loglogistic,exponential,-216.587,1,0.72907,0.11943,0
1767,exponential,loglogistic,weibull,loglogistic,weibull,weibull,-216.583,1,0.46701,0.08059,0
1768,lognormal,loglogistic,exponential,lognormal,weibull,exponential,-216.582,1,0.76349,0.08059,0
1769,weibull,exponential,lognormal,lognormal,lognormal,exponential,-216.58,1,0.71139,0.12377,0
1770,exponential,loglogistic,loglogistic,loglogistic,weibull,loglogistic,-216.57,1,0.46701,0.08059,0
1771,exponential,lognormal,weibull,loglogistic,lognormal,weibull,-216.567,1,0.46701,0.11943,0
1772,lognormal,lognormal,exponential,lognormal,lognormal,exponential,-216.565,1,0.76349,0.11943,0
1773,exponential,exponential,lognormal,loglogistic,weibull,weibull,-216.559,1,0.46701,0.12377,0
1774,exponential,lognormal,loglogistic,loglogistic,lognormal,loglogistic,-216.554,1,0.46701,0.11943,0
1775,exponential,lognormal,weibull,loglogistic,loglogistic,lognormal,-216.553,1,0.46701,0.11943,0
1776,weibull,lognormal,exponential,lognormal,loglogistic,exponential,-216.536,1,0.71139,0.11943,0
1777,loglogistic,loglogistic,lognormal,lognormal,weibull,exponential,-216.534,1,0.72907,0.08059,0
1778,exponential,exponential,loglogistic,loglogistic,lognormal,lognormal,-216.53,1,0.46701,0.12377,0
1779,lognormal,lognormal,weibull,lognormal,loglogistic,exponential,-216.526,1,0.76349,0.11943,0
1780,loglogistic,weibull,loglogistic,lognormal,weibull,exponential,-216.524,1,0.72907,0.00042,0
1781,loglogistic,exponential,loglogistic,lognormal,loglogistic,exponential,-216.524,1,0.72907,0.12377,0
1782,loglogistic,lognormal,lognormal,lognormal,lognormal,exponential,-216.517,1,0.72907,0.11943,0
1783,lognormal,exponential,loglogistic,lognormal,lognormal,exponential,-216.502,1,0.76349,0.12377,0
1784,exponential,loglogistic,weibull,loglogistic,weibull,loglogistic,-216.493,1,0.46701,0.08059,0
1785,loglogistic,exponential,exponential,lognormal,lognormal,exponential,-216.486,1,0.72907,0.12377,0
1786,weibull,loglogistic,lognormal,lognormal,weibull,exponential,-216.484,1,0.71139,0.08059,0
1787,exponential,lognormal,weibull,loglogistic,lognormal,loglogistic,-216.476,1,0.46701,0.11943,0
1788,weibull,weibull,loglogistic,lognormal,weibull,exponential,-216.474,1,0.71139,0.00042,0
1789,weibull,exponential,loglogistic,lognormal,loglogistic,exponential,-216.473,1,0.71139,0.12377,0
1790,exponential,exponential,lognormal,loglogistic,weibull,loglogistic,-216.468,1,0.46701,0.12377,0
1791,weibull,lognormal,lognormal,lognormal,lognormal,exponential,-216.467,1,0.71139,0.11943,0
1792,exponential,exponential,weibull,loglogistic,lognormal,lognormal,-216.453,1,0.46701,0.12377,0
1793,loglogistic,weibull,weibull,lognormal,weibull,exponential,-216.447,1,0.72907,0.00042,0
1794,loglogistic,exponential,weibull,lognormal,loglogistic,exponential,-216.446,1,0.72907,0.12377,0
1795,exponential,lognormal,lognormal,loglogistic,weibull,weibull,-216.446,1,0.46701,0.11943,0
1796,weibull,exponential,exponential,lognormal,lognormal,exponential,-216.435,1,0.71139,0.12377,0
1797,exponential,loglogistic,loglogistic,loglogistic,weibull,lognormal,-216.434,1,0.46701,0.08059,0
1798,lognormal,exponential,weibull,lognormal,lognormal,exponential,-216.425,1,0.76349,0.12377,0
1799,exponential,lognormal,loglogistic,loglogistic,lognormal,lognormal,-216.417,1,0.46701,0.11943,0
1800,exponential,exponential,exponential,loglogistic,weibull,weibull,-216.414,1,0.46701,0.12377,0
1801,loglogistic,lognormal,loglogistic,lognormal,loglogistic,exponential,-216.411,1,0.72907,0.11943,0
1802,lognormal,loglogistic,loglogistic,lognormal,weibull,exponential,-216.406,1,0.76349,0.08059,0
1803,weibull,weibull,weibull,lognormal,weibull,exponential,-216.396,1,0.71139,0.00042,0
1804,weibull,exponential,weibull,lognormal,loglogistic,exponential,-216.396,1,0.71139,0.12377,0
1805,loglogistic,loglogistic,exponential,lognormal,weibull,exponential,-216.39,1,0.72907,0.08059,0
1806,lognormal,lognormal,loglogistic,lognormal,lognormal,exponential,-216.389,1,0.76349,0.11943,0
1807,loglogistic,lognormal,exponential,lognormal,lognormal,exponential,-216.373,1,0.72907,0.11943,0
1808,weibull,lognormal,loglogistic,lognormal,loglogistic,exponential,-216.36,1,0.71139,0.11943,0
1809,exponential,loglogistic,weibull,loglogistic,weibull,lognormal,-216.356,1,0.46701,0.08059,0
1810,exponential,lognormal,lognormal,loglogistic,weibull,loglogistic,-216.355,1,0.46701,0.11943,0
1811,exponential,lognormal,weibull,loglogistic,lognormal,lognormal,-216.34,1,0.46701,0.11943,0
1812,weibull,loglogistic,exponential,lognormal,weibull,exponential,-216.339,1,0.71139,0.08059,0
1813,loglogistic,lognormal,weibull,lognormal,loglogistic,exponential,-216.333,1,0.72907,0.11943,0
1814,exponential,exponential,lognormal,loglogistic,weibull,lognormal,-216.332,1,0.46701,0.12377,0
1815,lognormal,loglogistic,weibull,lognormal,weibull,exponential,-216.329,1,0.76349,0.08059,0
1816,exponential,exponential,exponential,loglogistic,weibull,loglogistic,-216.324,1,0.46701,0.12377,0
1817,weibull,lognormal,exponential,lognormal,lognormal,exponential,-216.323,1,0.71139,0.11943,0
1818,lognormal,lognormal,weibull,lognormal,lognormal,exponential,-216.312,1,0.76349,0.11943,0
1819,loglogistic,exponential,loglogistic,lognormal,lognormal,exponential,-216.31,1,0.72907,0.12377,0
1820,lognormal,exponential,lognormal,lognormal,weibull,exponential,-216.304,1,0.76349,0.12377,0
1821,exponential,lognormal,exponential,loglogistic,weibull,weibull,-216.302,1,0.46701,0.11943,0
1822,weibull,lognormal,weibull,lognormal,loglogistic,exponential,-216.283,1,0.71139,0.11943,0
1823,weibull,exponential,loglogistic,lognormal,lognormal,exponential,-216.259,1,0.71139,0.12377,0
1824,exponential,weibull,lognormal,loglogistic,loglogistic,exponential,-216.246,1,0.46701,0.00042,0
1825,exponential,exponential,loglogistic,loglogistic,weibull,weibull,-216.238,1,0.46701,0.12377,0
1826,loglogistic,exponential,weibull,lognormal,lognormal,exponential,-216.233,1,0.72907,0.12377,0
1827,exponential,lognormal,lognormal,loglogistic,weibull,lognormal,-216.219,1,0.46701,0.11943,0
1828,loglogistic,loglogistic,loglogistic,lognormal,weibull,exponential,-216.214,1,0.72907,0.08059,0
1829,exponential,lognormal,exponential,loglogistic,weibull,loglogistic,-216.211,1,0.46701,0.11943,0
1830,loglogistic,lognormal,loglogistic,lognormal,lognormal,exponential,-216.197,1,0.72907,0.11943,0
1831,lognormal,lognormal,lognormal,lognormal,weibull,exponential,-216.191,1,0.76349,0.11943,0
1832,exponential,exponential,exponential,loglogistic,weibull,lognormal,-216.187,1,0.46701,0.12377,0
1833,weibull,exponential,weibull,lognormal,lognormal,exponential,-216.182,1,0.71139,0.12377,0
1834,weibull,loglogistic,loglogistic,lognormal,weibull,exponential,-216.163,1,0.71139,0.08059,0
1835,exponential,exponential,weibull,loglogistic,weibull,weibull,-216.161,1,0.46701,0.12377,0
1836,lognormal,exponential,exponential,lognormal,weibull,exponential,-216.16,1,0.76349,0.12377,0
1837,exponential,weibull,lognormal,weibull,loglogistic,weibull,-216.156,1,0.46701,0.00042,0
1838,exponential,exponential,loglogistic,loglogistic,weibull,loglogistic,-216.148,1,0.46701,0.12377,0
1839,weibull,lognormal,loglogistic,lognormal,lognormal,exponential,-216.147,1,0.71139,0.11943,0
1840,loglogistic,loglogistic,weibull,lognormal,weibull,exponential,-216.136,1,0.72907,0.08059,0
1841,exponential,lognormal,loglogistic,loglogistic,weibull,weibull,-216.126,1,0.46701,0.11943,0
1842,loglogistic,lognormal,weibull,lognormal,lognormal,exponential,-216.12,1,0.72907,0.11943,0
1843,loglogistic,exponential,lognormal,lognormal,weibull,exponential,-216.112,1,0.72907,0.12377,0
1844,exponential,weibull,exponential,loglogistic,loglogistic,exponential,-216.101,1,0.46701,0.00042,0
1845,weibull,loglogistic,weibull,lognormal,weibull,exponential,-216.086,1,0.71139,0.08059,0
1846,exponential,lognormal,exponential,loglogistic,weibull,lognormal,-216.074,1,0.46701,0.11943,0
1847,exponential,exponential,weibull,loglogistic,weibull,loglogistic,-216.071,1,0.46701,0.12377,0
1848,weibull,lognormal,weibull,lognormal,lognormal,exponential,-216.069,1,0.71139,0.11943,0
1849,exponential,weibull,lognormal,weibull,loglogistic,loglogistic,-216.066,1,0.46701,0.00042,0
1850,weibull,exponential,lognormal,lognormal,weibull,exponential,-216.061,1,0.71139,0.12377,0
1851,exponential,lognormal,weibull,loglogistic,weibull,weibull,-216.048,1,0.46701,0.11943,0
1852,lognormal,lognormal,exponential,lognormal,weibull,exponential,-216.047,1,0.76349,0.11943,0
1853,exponential,lognormal,loglogistic,loglogistic,weibull,loglogistic,-216.035,1,0.46701,0.11943,0
1854,exponential,weibull,lognormal,loglogistic,lognormal,exponential,-216.032,1,0.46701,0.00042,0
1855,exponential,weibull,exponential,weibull,loglogistic,weibull,-216.012,1,0.46701,0.00042,0
1856,exponential,exponential,loglogistic,loglogistic,weibull,lognormal,-216.011,1,0.46701,0.12377,0
1857,loglogistic,lognormal,lognormal,lognormal,weibull,exponential,-215.999,1,0.72907,0.11943,0
1858,lognormal,exponential,loglogistic,lognormal,weibull,exponential,-215.984,1,0.76349,0.12377,0
1859,loglogistic,exponential,exponential,lognormal,weibull,exponential,-215.967,1,0.72907,0.12377,0
1860,exponential,lognormal,weibull,loglogistic,weibull,loglogistic,-215.958,1,0.46701,0.11943,0
1861,weibull,lognormal,lognormal,lognormal,weibull,exponential,-215.948,1,0.71139,0.11943,0
1862,exponential,weibull,lognormal,weibull,lognormal,weibull,-215.942,1,0.46701,0.00042,0
1863,exponential,loglogistic,lognormal,loglogistic,loglogistic,exponential,-215.935,1,0.46701,0.08059,0
1864,exponential,exponential,weibull,loglogistic,weibull,lognormal,-215.934,1,0.46701,0.12377,0
1865,exponential,weibull,lognormal,weibull,loglogistic,lognormal,-215.929,1,0.46701,0.00042,0
1866,exponential,weibull,loglogistic,loglogistic,loglogistic,exponential,-215.925,1,0.46701,0.00042,0
1867,exponential,weibull,exponential,weibull,loglogistic,loglogistic,-215.921,1,0.46701,0.00042,0
1868,weibull,exponential,exponential,lognormal,weibull,exponential,-215.917,1,0.71139,0.12377,0
1869,lognormal,exponential,weibull,lognormal,weibull,exponential,-215.906,1,0.76349,0.12377,0
1870,exponential,lognormal,loglogistic,loglogistic,weibull,lognormal,-215.899,1,0.46701,0.11943,0
1871,exponential,weibull,exponential,loglogistic,lognormal,exponential,-215.887,1,0.46701,0.00042,0
1872,lognormal,lognormal,loglogistic,lognormal,weibull,exponential,-215.871,1,0.76349,0.11943,0
1873,loglogistic,lognormal,exponential,lognormal,weibull,exponential,-215.854,1,0.72907,0.11943,0
1874,exponential,weibull,lognormal,weibull,lognormal,loglogistic,-215.852,1,0.46701,0.00042,0
1875,exponential,weibull,weibull,loglogistic,loglogistic,exponential,-215.848,1,0.46701,0.00042,0
1876,exponential,loglogistic,lognormal,weibull,loglogistic,weibull,-215.846,1,0.46701,0.08059,0
1877,exponential,weibull,loglogistic,weibull,loglogistic,weibull,-215.836,1,0.46701,0.00042,0
1878,exponential,lognormal,weibull,loglogistic,weibull,lognormal,-215.821,1,0.46701,0.11943,0
1879,weibull,lognormal,exponential,lognormal,weibull,exponential,-215.804,1,0.71139,0.11943,0
1880,exponential,weibull,exponential,weibull,lognormal,weibull,-215.798,1,0.46701,0.00042,0
1881,lognormal,lognormal,weibull,lognormal,weibull,exponential,-215.793,1,0.76349,0.11943,0
1882,loglogistic,exponential,loglogistic,lognormal,weibull,exponential,-215.791,1,0.72907,0.12377,0
1883,exponential,loglogistic,exponential,loglogistic,loglogistic,exponential,-215.791,1,0.46701,0.08059,0
1884,exponential,weibull,exponential,weibull,loglogistic,lognormal,-215.785,1,0.46701,0.00042,0
1885,exponential,weibull,weibull,weibull,loglogistic,weibull,-215.758,1,0.46701,0.00042,0
1886,exponential,loglogistic,lognormal,weibull,loglogistic,loglogistic,-215.755,1,0.46701,0.08059,0
1887,exponential,weibull,loglogistic,weibull,loglogistic,loglogistic,-215.745,1,0.46701,0.00042,0
1888,weibull,exponential,loglogistic,lognormal,weibull,exponential,-215.741,1,0.71139,0.12377,0
1889,exponential,loglogistic,lognormal,loglogistic,lognormal,exponential,-215.722,1,0.46701,0.08059,0
1890,exponential,weibull,lognormal,weibull,lognormal,lognormal,-215.715,1,0.46701,0.00042,0
1891,loglogistic,exponential,weibull,lognormal,weibull,exponential,-215.714,1,0.72907,0.12377,0
1892,exponential,weibull,loglogistic,loglogistic,lognormal,exponential,-215.711,1,0.46701,0.00042,0
1893,exponential,weibull,exponential,weibull,lognormal,loglogistic,-215.707,1,0.46701,0.00042,0
1894,exponential,loglogistic,exponential,weibull,loglogistic,weibull,-215.701,1,0.46701,0.08059,0
1895,loglogistic,lognormal,loglogistic,lognormal,weibull,exponential,-215.679,1,0.72907,0.11943,0
1896,exponential,weibull,weibull,weibull,loglogistic,loglogistic,-215.668,1,0.46701,0.00042,0
1897,weibull,exponential,weibull,lognormal,weibull,exponential,-215.663,1,0.71139,0.12377,0
1898,exponential,weibull,weibull,loglogistic,lognormal,exponential,-215.634,1,0.46701,0.00042,0
1899,exponential,loglogistic,lognormal,weibull,lognormal,weibull,-215.632,1,0.46701,0.08059,0
1900,weibull,lognormal,loglogistic,lognormal,weibull,exponential,-215.628,1,0.71139,0.11943,0
1901,exponential,weibull,loglogistic,weibull,lognormal,weibull,-215.622,1,0.46701,0.00042,0
1902,exponential,loglogistic,lognormal,weibull,loglogistic,lognormal,-215.619,1,0.46701,0.08059,0
1903,exponential,loglogistic,loglogistic,loglogistic,loglogistic,exponential,-215.615,1,0.46701,0.08059,0
1904,exponential,loglogistic,exponential,weibull,loglogistic,loglogistic,-215.611,1,0.46701,0.08059,0
1905,exponential,weibull,loglogistic,weibull,loglogistic,lognormal,-215.609,1,0.46701,0.00042,0
1906,loglogistic,lognormal,weibull,lognormal,weibull,exponential,-215.601,1,0.72907,0.11943,0
1907,exponential,loglogistic,exponential,loglogistic,lognormal,exponential,-215.577,1,0.46701,0.08059,0
1908,exponential,weibull,exponential,weibull,lognormal,lognormal,-215.571,1,0.46701,0.00042,0
1909,weibull,lognormal,weibull,lognormal,weibull,exponential,-215.551,1,0.71139,0.11943,0
1910,exponential,weibull,weibull,weibull,lognormal,weibull,-215.544,1,0.46701,0.00042,0
1911,exponential,loglogistic,lognormal,weibull,lognormal,loglogistic,-215.542,1,0.46701,0.08059,0
1912,exponential,loglogistic,weibull,loglogistic,loglogistic,exponential,-215.538,1,0.46701,0.08059,0
1913,exponential,weibull,loglogistic,weibull,lognormal,loglogistic,-215.531,1,0.46701,0.00042,0
1914,exponential,weibull,weibull,weibull,loglogistic,lognormal,-215.531,1,0.46701,0.00042,0
1915,exponential,loglogistic,loglogistic,weibull,loglogistic,weibull,-215.526,1,0.46701,0.08059,0
1916,exponential,weibull,lognormal,loglogistic,weibull,exponential,-215.513,1,0.46701,0.00042,0
1917,exponential,exponential,lognormal,loglogistic,loglogistic,exponential,-215.513,1,0.46701,0.12377,0
1918,exponential,loglogistic,exponential,weibull,lognormal,weibull,-215.488,1,0.46701,0.08059,0
1919,exponential,loglogistic,exponential,weibull,loglogistic,lognormal,-215.474,1,0.46701,0.08059,0
1920,exponential,weibull,weibull,weibull,lognormal,loglogistic,-215.454,1,0.46701,0.00042,0
1921,exponential,loglogistic,weibull,weibull,loglogistic,weibull,-215.448,1,0.46701,0.08059,0
1922,exponential,loglogistic,loglogistic,weibull,loglogistic,loglogistic,-215.435,1,0.46701,0.08059,0
1923,exponential,weibull,lognormal,weibull,weibull,weibull,-215.424,1,0.46701,0.00042,0
1924,exponential,exponential,lognormal,weibull,loglogistic,weibull,-215.423,1,0.46701,0.12377,0
1925,exponential,loglogistic,lognormal,weibull,lognormal,lognormal,-215.405,1,0.46701,0.08059,0
1926,exponential,loglogistic,loglogistic,loglogistic,lognormal,exponential,-215.401,1,0.46701,0.08059,0
1927,exponential,lognormal,lognormal,loglogistic,loglogistic,exponential,-215.4,1,0.46701,0.11943,0
1928,exponential,loglogistic,exponential,weibull,lognormal,loglogistic,-215.397,1,0.46701,0.08059,0
1929,exponential,weibull,loglogistic,weibull,lognormal,lognormal,-215.395,1,0.46701,0.00042,0
1930,exponential,weibull,exponential,loglogistic,weibull,exponential,-215.369,1,0.46701,0.00042,0
1931,exponential,exponential,exponential,loglogistic,loglogistic,exponential,-215.369,1,0.46701,0.12377,0
1932,exponential,loglogistic,weibull,weibull,loglogistic,loglogistic,-215.358,1,0.46701,0.08059,0
1933,exponential,weibull,lognormal,weibull,weibull,loglogistic,-215.333,1,0.46701,0.00042,0
1934,exponential,exponential,lognormal,weibull,loglogistic,loglogistic,-215.333,1,0.46701,0.12377,0
1935,exponential,loglogistic,weibull,loglogistic,lognormal,exponential,-215.324,1,0.46701,0.08059,0
1936,exponential,weibull,weibull,weibull,lognormal,lognormal,-215.317,1,0.46701,0.00042,0
1937,exponential,loglogistic,loglogistic,weibull,lognormal,weibull,-215.312,1,0.46701,0.08059,0
1938,exponential,lognormal,lognormal,weibull,loglogistic,weibull,-215.311,1,0.46701,0.11943,0
1939,exponential,exponential,lognormal,loglogistic,lognormal,exponential,-215.299,1,0.46701,0.12377,0
1940,exponential,loglogistic,loglogistic,weibull,loglogistic,lognormal,-215.298,1,0.46701,0.08059,0
1941,exponential,weibull,exponential,weibull,weibull,weibull,-215.279,1,0.46701,0.00042,0
1942,exponential,exponential,exponential,weibull,loglogistic,weibull,-215.279,1,0.46701,0.12377,0
1943,exponential,loglogistic,exponential,weibull,lognormal,lognormal,-215.261,1,0.46701,0.08059,0
1944,exponential,lognormal,exponential,loglogistic,loglogistic,exponential,-215.256,1,0.46701,0.11943,0
1945,exponential,loglogistic,weibull,weibull,lognormal,weibull,-215.234,1,0.46701,0.08059,0
1946,exponential,loglogistic,loglogistic,weibull,lognormal,loglogistic,-215.221,1,0.46701,0.08059,0
1947,exponential,loglogistic,weibull,weibull,loglogistic,lognormal,-215.221,1,0.46701,0.08059,0
1948,exponential,lognormal,lognormal,weibull,loglogistic,loglogistic,-215.22,1,0.46701,0.11943,0
1949,exponential,exponential,lognormal,weibull,lognormal,weibull,-215.21,1,0.46701,0.12377,0
1950,exponential,loglogistic,lognormal,loglogistic,weibull,exponential,-215.203,1,0.46701,0.08059,0
1951,exponential,weibull,lognormal,weibull,weibull,lognormal,-215.197,1,0.46701,0.00042,0
1952,exponential,exponential,lognormal,weibull,loglogistic,lognormal,-215.196,1,0.46701,0.12377,0
1953,exponential,weibull,loglogistic,loglogistic,weibull,exponential,-215.193,1,0.46701,0.00042,0
1954,exponential,exponential,loglogistic,loglogistic,loglogistic,exponential,-215.193,1,0.46701,0.12377,0
1955,exponential,weibull,exponential,weibull,weibull,loglogistic,-215.189,1,0.46701,0.00042,0
1956,exponential,exponential,exponential,weibull,loglogistic,loglogistic,-215.189,1,0.46701,0.12377,0
1957,exponential,lognormal,lognormal,loglogistic,lognormal,exponential,-215.186,1,0.46701,0.11943,0
1958,exponential,lognormal,exponential,weibull,loglogistic,weibull,-215.166,1,0.46701,0.11943,0
1959,exponential,exponential,exponential,loglogistic,lognormal,exponential,-215.155,1,0.46701,0.12377,0
1960,exponential,loglogistic,weibull,weibull,lognormal,loglogistic,-215.144,1,0.46701,0.08059,0
1961,exponential,exponential,lognormal,weibull,lognormal,loglogistic,-215.119,1,0.46701,0.12377,0
1962,exponential,weibull,weibull,loglogistic,weibull,exponential,-215.115,1,0.46701,0.00042,0
1963,exponential,exponential,weibull,loglogistic,loglogistic,exponential,-215.115,1,0.46701,0.12377,0
1964,exponential,loglogistic,lognormal,weibull,weibull,weibull,-215.113,1,0.46701,0.08059,0
1965,exponential,weibull,loglogistic,weibull,weibull,weibull,-215.103,1,0.46701,0.00042,0
1966,exponential,exponential,loglogistic,weibull,loglogistic,weibull,-215.103,1,0.46701,0.12377,0
1967,exponential,lognormal,lognormal,weibull,lognormal,weibull,-215.097,1,0.46701,0.11943,0
1968,exponential,loglogistic,loglogistic,weibull,lognormal,lognormal,-215.085,1,0.46701,0.08059,0
1969,exponential,lognormal,lognormal,weibull,loglogistic,lognormal,-215.083,1,0.46701,0.11943,0
1970,exponential,lognormal,loglogistic,loglogistic,loglogistic,exponential,-215.08,1,0.46701,0.11943,0
1971,exponential,lognormal,exponential,weibull,loglogistic,loglogistic,-215.076,1,0.46701,0.11943,0
1972,exponential,exponential,exponential,weibull,lognormal,weibull,-215.065,1,0.46701,0.12377,0
1973,exponential,loglogistic,exponential,loglogistic,weibull,exponential,-215.059,1,0.46701,0.08059,0
1974,exponential,weibull,exponential,weibull,weibull,lognormal,-215.052,1,0.46701,0.00042,0
1975,exponential,exponential,exponential,weibull,loglogistic,lognormal,-215.052,1,0.46701,0.12377,0
1976,exponential,lognormal,exponential,loglogistic,lognormal,exponential,-215.042,1,0.46701,0.11943,0
1977,exponential,weibull,weibull,weibull,weibull,weibull,-215.026,1,0.46701,0.00042,0
1978,exponential,exponential,weibull,weibull,loglogistic,weibull,-215.026,1,0.46701,0.12377,0
1979,exponential,loglogistic,lognormal,weibull,weibull,loglogistic,-215.023,1,0.46701,0.08059,0
1980,exponential,weibull,loglogistic,weibull,weibull,loglogistic,-215.013,1,0.46701,0.00042,0
1981,exponential,exponential,loglogistic,weibull,loglogistic,loglogistic,-215.013,1,0.46701,0.12377,0
1982,exponential,loglogistic,weibull,weibull,lognormal,lognormal,-215.007,1,0.46701,0.08059,0
1983,exponential,lognormal,lognormal,weibull,lognormal,loglogistic,-215.006,1,0.46701,0.11943,0
1984,exponential,lognormal,weibull,loglogistic,loglogistic,exponential,-215.002,1,0.46701,0.11943,0
1985,exponential,lognormal,loglogistic,weibull,loglogistic,weibull,-214.99,1,0.46701,0.11943,0
1986,exponential,exponential,lognormal,weibull,lognormal,lognormal,-214.983,1,0.46701,0.12377,0
1987,exponential,exponential,loglogistic,loglogistic,lognormal,exponential,-214.979,1,0.46701,0.12377,0
1988,exponential,exponential,exponential,weibull,lognormal,loglogistic,-214.975,1,0.46701,0.12377,0
1989,exponential,loglogistic,exponential,weibull,weibull,weibull,-214.969,1,0.46701,0.08059,0
1990,exponential,weibull,lognormal,lognormal,loglogistic,weibull,-214.957,1,0.46701,0.00042,0
1991,exponential,lognormal,exponential,weibull,lognormal,weibull,-214.952,1,0.46701,0.11943,0
1992,exponential,lognormal,exponential,weibull,loglogistic,lognormal,-214.939,1,0.46701,0.11943,0
1993,exponential,weibull,weibull,weibull,weibull,loglogistic,-214.935,1,0.46701,0.00042,0
1994,exponential,exponential,weibull,weibull,loglogistic,loglogistic,-214.935,1,0.46701,0.12377,0
1995,exponential,lognormal,weibull,weibull,loglogistic,weibull,-214.913,1,0.46701,0.11943,0
1996,exponential,exponential,weibull,loglogistic,lognormal,exponential,-214.901,1,0.46701,0.12377,0
1997,exponential,lognormal,loglogistic,weibull,loglogistic,loglogistic,-214.9,1,0.46701,0.11943,0
1998,exponential,exponential,loglogistic,weibull,lognormal,weibull,-214.889,1,0.46701,0.12377,0
1999,exponential,loglogistic,lognormal,weibull,weibull,lognormal,-214.886,1,0.46701,0.08059,0
2000,exponential,loglogistic,loglogistic,loglogistic,weibull,exponential,-214.883,1,0.46701,0.08059,0
2001,exponential,loglogistic,exponential,weibull,weibull,loglogistic,-214.879,1,0.46701,0.08059,0
2002,exponential,weibull,loglogistic,weibull,weibull,lognormal,-214.876,1,0.46701,0.00042,0
2003,exponential,exponential,loglogistic,weibull,loglogistic,lognormal,-214.876,1,0.46701,0.12377,0
2004,exponential,lognormal,lognormal,weibull,lognormal,lognormal,-214.87,1,0.46701,0.11943,0
2005,exponential,weibull,lognormal,lognormal,loglogistic,loglogistic,-214.866,1,0.46701,0.00042,0
2006,exponential,lognormal,loglogistic,loglogistic,lognormal,exponential,-214.866,1,0.46701,0.11943,0
2007,exponential,lognormal,exponential,weibull,lognormal,loglogistic,-214.862,1,0.46701,0.11943,0
2008,exponential,exponential,exponential,weibull,lognormal,lognormal,-214.838,1,0.46701,0.12377,0
2009,exponential,lognormal,weibull,weibull,loglogistic,loglogistic,-214.822,1,0.46701,0.11943,0
2010,exponential,weibull,exponential,lognormal,loglogistic,weibull,-214.812,1,0.46701,0.00042,0
2011,exponential,exponential,weibull,weibull,lognormal,weibull,-214.812,1,0.46701,0.12377,0
2012,exponential,loglogistic,weibull,loglogistic,weibull,exponential,-214.805,1,0.46701,0.08059,0
2013,exponential,exponential,loglogistic,weibull,lognormal,loglogistic,-214.799,1,0.46701,0.12377,0
2014,exponential,weibull,weibull,weibull,weibull,lognormal,-214.799,1,0.46701,0.00042,0
2015,exponential,exponential,weibull,weibull,loglogistic,lognormal,-214.799,1,0.46701,0.12377,0
2016,exponential,loglogistic,loglogistic,weibull,weibull,weibull,-214.793,1,0.46701,0.08059,0
2017,exponential,lognormal,weibull,loglogistic,lognormal,exponential,-214.788,1,0.46701,0.11943,0
2018,exponential,exponential,lognormal,loglogistic,weibull,exponential,-214.78,1,0.46701,0.12377,0
2019,exponential,lognormal,loglogistic,weibull,lognormal,weibull,-214.776,1,0.46701,0.11943,0
2020,exponential,lognormal,loglogistic,weibull,loglogistic,lognormal,-214.763,1,0.46701,0.11943,0
2021,exponential,weibull,lognormal,lognormal,lognormal,weibull,-214.743,1,0.46701,0.00042,0
2022,exponential,loglogistic,exponential,weibull,weibull,lognormal,-214.742,1,0.46701,0.08059,0
2023,exponential,weibull,lognormal,lognormal,loglogistic,lognormal,-214.73,1,0.46701,0.00042,0
2024,exponential,lognormal,exponential,weibull,lognormal,lognormal,-214.725,1,0.46701,0.11943,0
2025,exponential,weibull,exponential,lognormal,loglogistic,loglogistic,-214.722,1,0.46701,0.00042,0
2026,exponential,exponential,weibull,weibull,lognormal,loglogistic,-214.721,1,0.46701,0.12377,0
2027,exponential,loglogistic,weibull,weibull,weibull,weibull,-214.716,1,0.46701,0.08059,0
2028,exponential,loglogistic,loglogistic,weibull,weibull,loglogistic,-214.703,1,0.46701,0.08059,0
2029,exponential,lognormal,weibull,weibull,lognormal,weibull,-214.699,1,0.46701,0.11943,0
2030,exponential,exponential,lognormal,weibull,weibull,weibull,-214.691,1,0.46701,0.12377,0
2031,exponential,lognormal,loglogistic,weibull,lognormal,loglogistic,-214.686,1,0.46701,0.11943,0
2032,exponential,lognormal,weibull,weibull,loglogistic,lognormal,-214.686,1,0.46701,0.11943,0
2033,exponential,lognormal,lognormal,loglogistic,weibull,exponential,-214.668,1,0.46701,0.11943,0
2034,exponential,exponential,loglogistic,weibull,lognormal,lognormal,-214.662,1,0.46701,0.12377,0
2035,exponential,weibull,lognormal,lognormal,lognormal,loglogistic,-214.653,1,0.46701,0.00042,0
2036,exponential,loglogistic,lognormal,lognormal,loglogistic,weibull,-214.647,1,0.46701,0.08059,0
2037,exponential,weibull,loglogistic,lognormal,loglogistic,weibull,-214.636,1,0.46701,0.00042,0
2038,exponential,exponential,exponential,loglogistic,weibull,exponential,-214.636,1,0.46701,0.12377,0
2039,exponential,loglogistic,weibull,weibull,weibull,loglogistic,-214.625,1,0.46701,0.08059,0
2040,exponential,lognormal,weibull,weibull,lognormal,loglogistic,-214.608,1,0.46701,0.11943,0
2041,exponential,exponential,lognormal,weibull,weibull,loglogistic,-214.601,1,0.46701,0.12377,0
2042,exponential,weibull,exponential,lognormal,lognormal,weibull,-214.599,1,0.46701,0.00042,0
2043,exponential,weibull,exponential,lognormal,loglogistic,lognormal,-214.585,1,0.46701,0.00042,0
2044,exponential,exponential,weibull,weibull,lognormal,lognormal,-214.585,1,0.46701,0.12377,0
2045,exponential,lognormal,lognormal,weibull,weibull,weibull,-214.578,1,0.46701,0.11943,0
2046,exponential,loglogistic,loglogistic,weibull,weibull,lognormal,-214.566,1,0.46701,0.08059,0
2047,exponential,weibull,weibull,lognormal,loglogistic,weibull,-214.559,1,0.46701,0.00042,0
2048,exponential,loglogistic,lognormal,lognormal,loglogistic,loglogistic,-214.556,1,0.46701,0.08059,0
2049,exponential,lognormal,loglogistic,weibull,lognormal,lognormal,-214.549,1,0.46701,0.11943,0
2050,exponential,exponential,exponential,weibull,weibull,weibull,-214.547,1,0.46701,0.12377,0
2051,exponential,weibull,loglogistic,lognormal,loglogistic,loglogistic,-214.546,1,0.46701,0.00042,0
2052,exponential,lognormal,exponential,loglogistic,weibull,exponential,-214.523,1,0.46701,0.11943,0
2053,exponential,weibull,lognormal,lognormal,lognormal,lognormal,-214.516,1,0.46701,0.00042,0
2054,exponential,weibull,exponential,lognormal,lognormal,loglogistic,-214.508,1,0.46701,0.00042,0
2055,exponential,loglogistic,exponential,lognormal,loglogistic,weibull,-214.502,1,0.46701,0.08059,0
2056,exponential,loglogistic,weibull,weibull,weibull,lognormal,-214.489,1,0.46701,0.08059,0
2057,exponential,lognormal,lognormal,weibull,weibull,loglogistic,-214.488,1,0.46701,0.11943,0
2058,exponential,lognormal,weibull,weibull,lognormal,lognormal,-214.472,1,0.46701,0.11943,0
2059,exponential,weibull,weibull,lognormal,loglogistic,loglogistic,-214.469,1,0.46701,0.00042,0
2060,exponential,exponential,lognormal,weibull,weibull,lognormal,-214.464,1,0.46701,0.12377,0
2061,exponential,exponential,loglogistic,loglogistic,weibull,exponential,-214.46,1,0.46701,0.12377,0
2062,exponential,exponential,exponential,weibull,weibull,loglogistic,-214.456,1,0.46701,0.12377,0
2063,exponential,lognormal,exponential,weibull,weibull,weibull,-214.434,1,0.46701,0.11943,0
2064,exponential,loglogistic,lognormal,lognormal,lognormal,weibull,-214.433,1,0.46701,0.08059,0
2065,exponential,weibull,loglogistic,lognormal,lognormal,weibull,-214.423,1,0.46701,0.00042,0
2066,exponential,loglogistic,lognormal,lognormal,loglogistic,lognormal,-214.419,1,0.46701,0.08059,0
2067,exponential,loglogistic,exponential,lognormal,loglogistic,loglogistic,-214.412,1,0.46701,0.08059,0
2068,exponential,weibull,loglogistic,lognormal,loglogistic,lognormal,-214.409,1,0.46701,0.00042,0
2069,exponential,exponential,weibull,loglogistic,weibull,exponential,-214.383,1,0.46701,0.12377,0
2070,exponential,weibull,lognormal,weibull,loglogistic,exponential,-214.378,1,0.46701,0.00042,0
2071,exponential,weibull,exponential,lognormal,lognormal,lognormal,-214.372,1,0.46701,0.00042,0
2072,exponential,exponential,loglogistic,weibull,weibull,weibull,-214.371,1,0.46701,0.12377,0
2073,exponential,lognormal,lognormal,weibull,weibull,lognormal,-214.351,1,0.46701,0.11943,0
2074,exponential,lognormal,loglogistic,loglogistic,weibull,exponential,-214.347,1,0.46701,0.11943,0
2075,exponential,weibull,weibull,lognormal,lognormal,weibull,-214.345,1,0.46701,0.00042,0
2076,exponential,lognormal,exponential,weibull,weibull,loglogistic,-214.343,1,0.46701,0.11943,0
2077,exponential,loglogistic,lognormal,lognormal,lognormal,loglogistic,-214.342,1,0.46701,0.08059,0
2078,exponential,weibull,loglogistic,lognormal,lognormal,loglogistic,-214.332,1,0.46701,0.00042,0
2079,exponential,weibull,weibull,lognormal,loglogistic,lognormal,-214.332,1,0.46701,0.00042,0
2080,exponential,loglogistic,loglogistic,lognormal,loglogistic,weibull,-214.326,1,0.46701,0.08059,0
2081,exponential,exponential,exponential,weibull,weibull,lognormal,-214.32,1,0.46701,0.12377,0
2082,exponential,exponential,weibull,weibull,weibull,weibull,-214.293,1,0.46701,0.12377,0
2083,exponential,loglogistic,exponential,lognormal,lognormal,weibull,-214.288,1,0.46701,0.08059,0
2084,exponential,exponential,loglogistic,weibull,weibull,loglogistic,-214.28,1,0.46701,0.12377,0
2085,exponential,loglogistic,exponential,lognormal,loglogistic,lognormal,-214.275,1,0.46701,0.08059,0
2086,exponential,lognormal,weibull,loglogistic,weibull,exponential,-214.27,1,0.46701,0.11943,0
2087,exponential,lognormal,loglogistic,weibull,weibull,weibull,-214.258,1,0.46701,0.11943,0
2088,exponential,weibull,weibull,lognormal,lognormal,loglogistic,-214.255,1,0.46701,0.00042,0
2089,exponential,loglogistic,weibull,lognormal,loglogistic,weibull,-214.249,1,0.46701,0.08059,0
2090,exponential,loglogistic,loglogistic,lognormal,loglogistic,loglogistic,-214.236,1,0.46701,0.08059,0
2091,exponential,weibull,exponential,weibull,loglogistic,exponential,-214.233,1,0.46701,0.00042,0
2092,exponential,weibull,lognormal,lognormal,weibull,weibull,-214.224,1,0.46701,0.00042,0
2093,exponential,exponential,lognormal,lognormal,loglogistic,weibull,-214.224,1,0.46701,0.12377,0
2094,exponential,lognormal,exponential,weibull,weibull,lognormal,-214.207,1,0.46701,0.11943,0
2095,exponential,loglogistic,lognormal,lognormal,lognormal,lognormal,-214.206,1,0.46701,0.08059,0
2096,exponential,exponential,weibull,weibull,weibull,loglogistic,-214.203,1,0.46701,0.12377,0
2097,exponential,loglogistic,exponential,lognormal,lognormal,loglogistic,-214.198,1,0.46701,0.08059,0
2098,exponential,weibull,loglogistic,lognormal,lognormal,lognormal,-214.196,1,0.46701,0.00042,0
2099,exponential,lognormal,weibull,weibull,weibull,weibull,-214.18,1,0.46701,0.11943,0
2100,exponential,lognormal,loglogistic,weibull,weibull,loglogistic,-214.167,1,0.46701,0.11943,0
2101,exponential,weibull,lognormal,weibull,lognormal,exponential,-214.164,1,0.46701,0.00042,0
2102,exponential,loglogistic,weibull,lognormal,loglogistic,loglogistic,-214.158,1,0.46701,0.08059,0
2103,exponential,exponential,loglogistic,weibull,weibull,lognormal,-214.144,1,0.46701,0.12377,0
2104,exponential,weibull,lognormal,lognormal,weibull,loglogistic,-214.134,1,0.46701,0.00042,0
2105,exponential,exponential,lognormal,lognormal,loglogistic,loglogistic,-214.134,1,0.46701,0.12377,0
2106,exponential,weibull,weibull,lognormal,lognormal,lognormal,-214.118,1,0.46701,0.00042,0
2107,exponential,loglogistic,loglogistic,lognormal,lognormal,weibull,-214.112,1,0.46701,0.08059,0
2108,exponential,lognormal,lognormal,lognormal,loglogistic,weibull,-214.111,1,0.46701,0.11943,0
2109,exponential,loglogistic,loglogistic,lognormal,loglogistic,lognormal,-214.099,1,0.46701,0.08059,0
2110,exponential,lognormal,weibull,weibull,weibull,loglogistic,-214.09,1,0.46701,0.11943,0
2111,exponential,weibull,exponential,lognormal,weibull,weibull,-214.08,1,0.46701,0.00042,0
2112,exponential,exponential,exponential,lognormal,loglogistic,weibull,-214.08,1,0.46701,0.12377,0
2113,exponential,loglogistic,lognormal,weibull,loglogistic,exponential,-214.068,1,0.46701,0.08059,0
2114,exponential,exponential,weibull,weibull,weibull,lognormal,-214.066,1,0.46701,0.12377,0
2115,exponential,loglogistic,exponential,lognormal,lognormal,lognormal,-214.061,1,0.46701,0.08059,0
2116,exponential,weibull,loglogistic,weibull,loglogistic,exponential,-214.057,1,0.46701,0.00042,0
2117,exponential,loglogistic,weibull,lognormal,lognormal,weibull,-214.035,1,0.46701,0.08059,0
2118,exponential,lognormal,loglogistic,weibull,weibull,lognormal,-214.031,1,0.46701,0.11943,0
2119,exponential,loglogistic,loglogistic,lognormal,lognormal,loglogistic,-214.022,1,0.46701,0.08059,0
2120,exponential,loglogistic,weibull,lognormal,loglogistic,lognormal,-214.022,1,0.46701,0.08059,0
2121,exponential,lognormal,lognormal,lognormal,loglogistic,loglogistic,-214.021,1,0.46701,0.11943,0
2122,exponential,weibull,exponential,weibull,lognormal,exponential,-214.02,1,0.46701,0.00042,0
2123,exponential,exponential,lognormal,lognormal,lognormal,weibull,-214.01,1,0.46701,0.12377,0
2124,exponential,weibull,lognormal,lognormal,weibull,lognormal,-213.997,1,0.46701,0.00042,0
2125,exponential,exponential,lognormal,lognormal,loglogistic,lognormal,-213.997,1,0.46701,0.12377,0
2126,exponential,weibull,exponential,lognormal,weibull,loglogistic,-213.99,1,0.46701,0.00042,0
2127,exponential,exponential,exponential,lognormal,loglogistic,loglogistic,-213.989,1,0.46701,0.12377,0
2128,exponential,weibull,weibull,weibull,loglogistic,exponential,-213.98,1,0.46701,0.00042,0
2129,exponential,lognormal,exponential,lognormal,loglogistic,weibull,-213.967,1,0.46701,0.11943,0
2130,exponential,lognormal,weibull,weibull,weibull,lognormal,-213.953,1,0.46701,0.11943,0
2131,exponential,loglogistic,weibull,lognormal,lognormal,loglogistic,-213.945,1,0.46701,0.08059,0
2132,exponential,loglogistic,exponential,weibull,loglogistic,exponential,-213.923,1,0.46701,0.08059,0
2133,exponential,exponential,lognormal,lognormal,lognormal,loglogistic,-213.92,1,0.46701,0.12377,0
2134,exponential,loglogistic,lognormal,lognormal,weibull,weibull,-213.914,1,0.46701,0.08059,0
2135,exponential,weibull,loglogistic,lognormal,weibull,weibull,-213.904,1,0.46701,0.00042,0
2136,exponential,exponential,loglogistic,lognormal,loglogistic,weibull,-213.904,1,0.46701,0.12377,0
2137,exponential,lognormal,lognormal,lognormal,lognormal,weibull,-213.897,1,0.46701,0.11943,0
2138,exponential,loglogistic,loglogistic,lognormal,lognormal,lognormal,-213.885,1,0.46701,0.08059,0
2139,exponential,lognormal,lognormal,lognormal,loglogistic,lognormal,-213.884,1,0.46701,0.11943,0
2140,exponential,lognormal,exponential,lognormal,loglogistic,loglogistic,-213.876,1,0.46701,0.11943,0
2141,exponential,exponential,exponential,lognormal,lognormal,weibull,-213.866,1,0.46701,0.12377,0
2142,exponential,loglogistic,lognormal,weibull,lognormal,exponential,-213.854,1,0.46701,0.08059,0
2143,exponential,weibull,exponential,lognormal,weibull,lognormal,-213.853,1,0.46701,0.00042,0
2144,exponential,exponential,exponential,lognormal,loglogistic,lognormal,-213.853,1,0.46701,0.12377,0
2145,exponential,weibull,loglogistic,weibull,lognormal,exponential,-213.844,1,0.46701,0.00042,0
2146,exponential,weibull,weibull,lognormal,weibull,weibull,-213.827,1,0.46701,0.00042,0
2147,exponential,exponential,weibull,lognormal,loglogistic,weibull,-213.826,1,0.46701,0.12377,0
2148,exponential,loglogistic,lognormal,lognormal,weibull,loglogistic,-213.824,1,0.46701,0.08059,0
2149,exponential,weibull,loglogistic,lognormal,weibull,loglogistic,-213.814,1,0.46701,0.00042,0
2150,exponential,exponential,loglogistic,lognormal,loglogistic,loglogistic,-213.813,1,0.46701,0.12377,0
2151,exponential,loglogistic,weibull,lognormal,lognormal,lognormal,-213.808,1,0.46701,0.08059,0
2152,exponential,lognormal,lognormal,lognormal,lognormal,loglogistic,-213.807,1,0.46701,0.11943,0
2153,exponential,lognormal,loglogistic,lognormal,loglogistic,weibull,-213.791,1,0.46701,0.11943,0
2154,exponential,exponential,lognormal,lognormal,lognormal,lognormal,-213.783,1,0.46701,0.12377,0
2155,exponential,exponential,exponential,lognormal,lognormal,loglogistic,-213.775,1,0.46701,0.12377,0
2156,exponential,loglogistic,exponential,lognormal,weibull,weibull,-213.77,1,0.46701,0.08059,0
2157,exponential,weibull,weibull,weibull,lognormal,exponential,-213.766,1,0.46701,0.00042,0
2158,exponential,lognormal,exponential,lognormal,lognormal,weibull,-213.753,1,0.46701,0.11943,0
2159,exponential,loglogistic,loglogistic,weibull,loglogistic,exponential,-213.747,1,0.46701,0.08059,0
2160,exponential,lognormal,exponential,lognormal,loglogistic,lognormal,-213.74,1,0.46701,0.11943,0
2161,exponential,weibull,weibull,lognormal,weibull,loglogistic,-213.736,1,0.46701,0.00042,0
2162,exponential,exponential,weibull,lognormal,loglogistic,loglogistic,-213.736,1,0.46701,0.12377,0
2163,exponential,lognormal,weibull,lognormal,loglogistic,weibull,-213.713,1,0.46701,0.11943,0
2164,exponential,loglogistic,exponential,weibull,lognormal,exponential,-213.709,1,0.46701,0.08059,0
2165,exponential,lognormal,loglogistic,lognormal,loglogistic,loglogistic,-213.701,1,0.46701,0.11943,0
2166,exponential,exponential,loglogistic,lognormal,lognormal,weibull,-213.69,1,0.46701,0.12377,0
2167,exponential,loglogistic,lognormal,lognormal,weibull,lognormal,-213.687,1,0.46701,0.08059,0
2168,exponential,loglogistic,exponential,lognormal,weibull,loglogistic,-213.679,1,0.46701,0.08059,0
2169,exponential,weibull,loglogistic,lognormal,weibull,lognormal,-213.677,1,0.46701,0.00042,0
2170,exponential,exponential,loglogistic,lognormal,loglogistic,lognormal,-213.677,1,0.46701,0.12377,0
2171,exponential,lognormal,lognormal,lognormal,lognormal,lognormal,-213.67,1,0.46701,0.11943,0
2172,exponential,loglogistic,weibull,weibull,loglogistic,exponential,-213.67,1,0.46701,0.08059,0
2173,exponential,lognormal,exponential,lognormal,lognormal,loglogistic,-213.663,1,0.46701,0.11943,0
2174,exponential,weibull,lognormal,weibull,weibull,exponential,-213.645,1,0.46701,0.00042,0
2175,exponential,exponential,lognormal,weibull,loglogistic,exponential,-213.645,1,0.46701,0.12377,0
2176,exponential,exponential,exponential,lognormal,lognormal,lognormal,-213.639,1,0.46701,0.12377,0
2177,exponential,lognormal,weibull,lognormal,loglogistic,loglogistic,-213.623,1,0.46701,0.11943,0
2178,exponential,exponential,weibull,lognormal,lognormal,weibull,-213.612,1,0.46701,0.12377,0
2179,exponential,exponential,loglogistic,lognormal,lognormal,loglogistic,-213.6,1,0.46701,0.12377,0
2180,exponential,weibull,weibull,lognormal,weibull,lognormal,-213.599,1,0.46701,0.00042,0
2181,exponential,exponential,weibull,lognormal,loglogistic,lognormal,-213.599,1,0.46701,0.12377,0
2182,exponential,loglogistic,loglogistic,lognormal,weibull,weibull,-213.594,1,0.46701,0.08059,0
2183,exponential,lognormal,loglogistic,lognormal,lognormal,weibull,-213.577,1,0.46701,0.11943,0
2184,exponential,lognormal,loglogistic,lognormal,loglogistic,lognormal,-213.564,1,0.46701,0.11943,0
2185,exponential,loglogistic,exponential,lognormal,weibull,lognormal,-213.543,1,0.46701,0.08059,0
2186,exponential,loglogistic,loglogistic,weibull,lognormal,exponential,-213.533,1,0.46701,0.08059,0
2187,exponential,lognormal,lognormal,weibull,loglogistic,exponential,-213.532,1,0.46701,0.11943,0
2188,exponential,lognormal,exponential,lognormal,lognormal,lognormal,-213.526,1,0.46701,0.11943,0
2189,exponential,exponential,weibull,lognormal,lognormal,loglogistic,-213.522,1,0.46701,0.12377,0
2190,exponential,loglogistic,weibull,lognormal,weibull,weibull,-213.516,1,0.46701,0.08059,0
2191,exponential,loglogistic,loglogistic,lognormal,weibull,loglogistic,-213.503,1,0.46701,0.08059,0
2192,exponential,weibull,exponential,weibull,weibull,exponential,-213.501,1,0.46701,0.00042,0
2193,exponential,exponential,exponential,weibull,loglogistic,exponential,-213.501,1,0.46701,0.12377,0
2194,exponential,lognormal,weibull,lognormal,lognormal,weibull,-213.5,1,0.46701,0.11943,0
2195,exponential,exponential,lognormal,lognormal,weibull,weibull,-213.492,1,0.46701,0.12377,0
2196,exponential,lognormal,loglogistic,lognormal,lognormal,loglogistic,-213.487,1,0.46701,0.11943,0
2197,exponential,lognormal,weibull,lognormal,loglogistic,lognormal,-213.486,1,0.46701,0.11943,0
2198,exponential,exponential,loglogistic,lognormal,lognormal,lognormal,-213.463,1,0.46701,0.12377,0
2199,exponential,loglogistic,weibull,weibull,lognormal,exponential,-213.456,1,0.46701,0.08059,0
2200,exponential,exponential,lognormal,weibull,lognormal,exponential,-213.431,1,0.46701,0.12377,0
2201,exponential,loglogistic,weibull,lognormal,weibull,loglogistic,-213.426,1,0.46701,0.08059,0
2202,exponential,lognormal,weibull,lognormal,lognormal,loglogistic,-213.409,1,0.46701,0.11943,0
2203,exponential,exponential,lognormal,lognormal,weibull,loglogistic,-213.401,1,0.46701,0.12377,0
2204,exponential,lognormal,exponential,weibull,loglogistic,exponential,-213.388,1,0.46701,0.11943,0
2205,exponential,exponential,weibull,lognormal,lognormal,lognormal,-213.385,1,0.46701,0.12377,0
2206,exponential,lognormal,lognormal,lognormal,weibull,weibull,-213.379,1,0.46701,0.11943,0
2207,exponential,loglogistic,loglogistic,lognormal,weibull,lognormal,-213.367,1,0.46701,0.08059,0
2208,exponential,lognormal,loglogistic,lognormal,lognormal,lognormal,-213.35,1,0.46701,0.11943,0
2209,exponential,exponential,exponential,lognormal,weibull,weibull,-213.347,1,0.46701,0.12377,0
2210,exponential,loglogistic,lognormal,weibull,weibull,exponential,-213.335,1,0.46701,0.08059,0
2211,exponential,weibull,loglogistic,weibull,weibull,exponential,-213.325,1,0.46701,0.00042,0
2212,exponential,exponential,loglogistic,weibull,loglogistic,exponential,-213.325,1,0.46701,0.12377,0
2213,exponential,lognormal,lognormal,weibull,lognormal,exponential,-213.318,1,0.46701,0.11943,0
2214,lognormal,weibull,lognormal,loglogistic,exponential,weibull,-213.295,1,0.76349,0.00042,0
2215,exponential,loglogistic,weibull,lognormal,weibull,lognormal,-213.289,1,0.46701,0.08059,0
2216,exponential,lognormal,lognormal,lognormal,weibull,loglogistic,-213.288,1,0.46701,0.11943,0
2217,exponential,exponential,exponential,weibull,lognormal,exponential,-213.287,1,0.46701,0.12377,0
2218,exponential,lognormal,weibull,lognormal,lognormal,lognormal,-213.273,1,0.46701,0.11943,0
2219,exponential,exponential,lognormal,lognormal,weibull,lognormal,-213.265,1,0.46701,0.12377,0
2220,exponential,exponential,exponential,lognormal,weibull,loglogistic,-213.257,1,0.46701,0.12377,0
2221,exponential,weibull,weibull,weibull,weibull,exponential,-213.248,1,0.46701,0.00042,0
2222,exponential,exponential,weibull,weibull,loglogistic,exponential,-213.247,1,0.46701,0.12377,0
2223,exponential,lognormal,exponential,lognormal,weibull,weibull,-213.234,1,0.46701,0.11943,0
2224,exponential,lognormal,loglogistic,weibull,loglogistic,exponential,-213.212,1,0.46701,0.11943,0
2225,lognormal,weibull,lognormal,loglogistic,exponential,loglogistic,-213.205,1,0.76349,0.00042,0
2226,exponential,loglogistic,exponential,weibull,weibull,exponential,-213.191,1,0.46701,0.08059,0
2227,exponential,weibull,lognormal,lognormal,loglogistic,exponential,-213.178,1,0.46701,0.00042,0
2228,exponential,lognormal,exponential,weibull,lognormal,exponential,-213.174,1,0.46701,0.11943,0
2229,exponential,exponential,loglogistic,lognormal,weibull,weibull,-213.171,1,0.46701,0.12377,0
2230,exponential,lognormal,lognormal,lognormal,weibull,lognormal,-213.152,1,0.46701,0.11943,0
2231,lognormal,weibull,exponential,loglogistic,exponential,weibull,-213.151,1,0.76349,0.00042,0
2232,exponential,lognormal,exponential,lognormal,weibull,loglogistic,-213.144,1,0.46701,0.11943,0
2233,exponential,lognormal,weibull,weibull,loglogistic,exponential,-213.134,1,0.46701,0.11943,0
2234,exponential,exponential,exponential,lognormal,weibull,lognormal,-213.12,1,0.46701,0.12377,0
2235,exponential,exponential,loglogistic,weibull,lognormal,exponential,-213.111,1,0.46701,0.12377,0
2236,loglogistic,weibull,lognormal,loglogistic,exponential,weibull,-213.103,1,0.72907,0.00042,0
2237,exponential,exponential,weibull,lognormal,weibull,weibull,-213.094,1,0.46701,0.12377,0
2238,exponential,exponential,loglogistic,lognormal,weibull,loglogistic,-213.081,1,0.46701,0.12377,0
2239,lognormal,weibull,lognormal,loglogistic,exponential,lognormal,-213.068,1,0.76349,0.00042,0
2240,lognormal,weibull,exponential,loglogistic,exponential,loglogistic,-213.06,1,0.76349,0.00042,0
2241,exponential,lognormal,loglogistic,lognormal,weibull,weibull,-213.058,1,0.46701,0.11943,0
2242,weibull,weibull,lognormal,loglogistic,exponential,weibull,-213.052,1,0.71139,0.00042,0
2243,exponential,weibull,exponential,lognormal,loglogistic,exponential,-213.034,1,0.46701,0.00042,0
2244,exponential,exponential,weibull,weibull,lognormal,exponential,-213.033,1,0.46701,0.12377,0
2245,exponential,loglogistic,loglogistic,weibull,weibull,exponential,-213.015,1,0.46701,0.08059,0
2246,loglogistic,weibull,lognormal,loglogistic,exponential,loglogistic,-213.012,1,0.72907,0.00042,0
2247,exponential,lognormal,exponential,lognormal,weibull,lognormal,-213.007,1,0.46701,0.11943,0
2248,exponential,exponential,weibull,lognormal,weibull,loglogistic,-213.003,1,0.46701,0.12377,0
2249,exponential,lognormal,loglogistic,weibull,lognormal,exponential,-212.998,1,0.46701,0.11943,0
2250,lognormal,loglogistic,lognormal,loglogistic,exponential,weibull,-212.985,1,0.76349,0.08059,0
2251,exponential,lognormal,weibull,lognormal,weibull,weibull,-212.981,1,0.46701,0.11943,0
2252,lognormal,weibull,loglogistic,loglogistic,exponential,weibull,-212.975,1,0.76349,0.00042,0
2253,exponential,lognormal,loglogistic,lognormal,weibull,loglogistic,-212.968,1,0.46701,0.11943,0
2254,exponential,weibull,lognormal,lognormal,lognormal,exponential,-212.965,1,0.46701,0.00042,0
2255,weibull,weibull,lognormal,loglogistic,exponential,loglogistic,-212.962,1,0.71139,0.00042,0
2256,loglogistic,weibull,exponential,loglogistic,exponential,weibull,-212.958,1,0.72907,0.00042,0
2257,exponential,exponential,loglogistic,lognormal,weibull,lognormal,-212.944,1,0.46701,0.12377,0
2258,exponential,loglogistic,weibull,weibull,weibull,exponential,-212.937,1,0.46701,0.08059,0
2259,lognormal,weibull,exponential,loglogistic,exponential,lognormal,-212.924,1,0.76349,0.00042,0
2260,exponential,lognormal,weibull,weibull,lognormal,exponential,-212.921,1,0.46701,0.11943,0
2261,exponential,exponential,lognormal,weibull,weibull,exponential,-212.913,1,0.46701,0.12377,0
2262,weibull,weibull,exponential,loglogistic,exponential,weibull,-212.908,1,0.71139,0.00042,0
2263,lognormal,weibull,weibull,loglogistic,exponential,weibull,-212.897,1,0.76349,0.00042,0
2264,lognormal,loglogistic,lognormal,loglogistic,exponential,loglogistic,-212.894,1,0.76349,0.08059,0
2265,exponential,lognormal,weibull,lognormal,weibull,loglogistic,-212.891,1,0.46701,0.11943,0
2266,lognormal,weibull,loglogistic,loglogistic,exponential,loglogistic,-212.884,1,0.76349,0.00042,0
2267,loglogistic,weibull,lognormal,loglogistic,exponential,lognormal,-212.876,1,0.72907,0.00042,0
2268,exponential,loglogistic,lognormal,lognormal,loglogistic,exponential,-212.868,1,0.46701,0.08059,0
2269,loglogistic,weibull,exponential,loglogistic,exponential,loglogistic,-212.868,1,0.72907,0.00042,0
2270,exponential,exponential,weibull,lognormal,weibull,lognormal,-212.867,1,0.46701,0.12377,0
2271,exponential,weibull,loglogistic,lognormal,loglogistic,exponential,-212.858,1,0.46701,0.00042,0
2272,lognormal,loglogistic,exponential,loglogistic,exponential,weibull,-212.841,1,0.76349,0.08059,0
2273,exponential,lognormal,loglogistic,lognormal,weibull,lognormal,-212.831,1,0.46701,0.11943,0
2274,weibull,weibull,lognormal,loglogistic,exponential,lognormal,-212.825,1,0.71139,0.00042,0
2275,exponential,weibull,exponential,lognormal,lognormal,exponential,-212.82,1,0.46701,0.00042,0
2276,weibull,weibull,exponential,loglogistic,exponential,loglogistic,-212.817,1,0.71139,0.00042,0
2277,lognormal,weibull,weibull,loglogistic,exponential,loglogistic,-212.807,1,0.76349,0.00042,0
2278,exponential,lognormal,lognormal,weibull,weibull,exponential,-212.8,1,0.46701,0.11943,0
2279,loglogistic,loglogistic,lognormal,loglogistic,exponential,weibull,-212.793,1,0.72907,0.08059,0
2280,loglogistic,weibull,loglogistic,loglogistic,exponential,weibull,-212.782,1,0.72907,0.00042,0
2281,exponential,weibull,weibull,lognormal,loglogistic,exponential,-212.781,1,0.46701,0.00042,0
2282,exponential,exponential,exponential,weibull,weibull,exponential,-212.768,1,0.46701,0.12377,0
2283,lognormal,loglogistic,lognormal,loglogistic,exponential,lognormal,-212.758,1,0.76349,0.08059,0
2284,exponential,lognormal,weibull,lognormal,weibull,lognormal,-212.754,1,0.46701,0.11943,0
2285,lognormal,loglogistic,exponential,loglogistic,exponential,loglogistic,-212.75,1,0.76349,0.08059,0
2286,lognormal,weibull,loglogistic,loglogistic,exponential,lognormal,-212.748,1,0.76349,0.00042,0
2287,weibull,loglogistic,lognormal,loglogistic,exponential,weibull,-212.742,1,0.71139,0.08059,0
2288,weibull,weibull,loglogistic,loglogistic,exponential,weibull,-212.732,1,0.71139,0.00042,0
2289,loglogistic,weibull,exponential,loglogistic,exponential,lognormal,-212.731,1,0.72907,0.00042,0
2290,exponential,loglogistic,exponential,lognormal,loglogistic,exponential,-212.724,1,0.46701,0.08059,0
2291,loglogistic,weibull,weibull,loglogistic,exponential,weibull,-212.705,1,0.72907,0.00042,0
2292,loglogistic,loglogistic,lognormal,loglogistic,exponential,loglogistic,-212.702,1,0.72907,0.08059,0
2293,loglogistic,weibull,loglogistic,loglogistic,exponential,loglogistic,-212.692,1,0.72907,0.00042,0
2294,weibull,weibull,exponential,loglogistic,exponential,lognormal,-212.681,1,0.71139,0.00042,0
2295,lognormal,weibull,weibull,loglogistic,exponential,lognormal,-212.67,1,0.76349,0.00042,0
2296,lognormal,loglogistic,loglogistic,loglogistic,exponential,weibull,-212.665,1,0.76349,0.08059,0
2297,exponential,lognormal,exponential,weibull,weibull,exponential,-212.655,1,0.46701,0.11943,0
2298,exponential,loglogistic,lognormal,lognormal,lognormal,exponential,-212.654,1,0.46701,0.08059,0
2299,weibull,weibull,weibull,loglogistic,exponential,weibull,-212.654,1,0.71139,0.00042,0
2300,weibull,loglogistic,lognormal,loglogistic,exponential,loglogistic,-212.652,1,0.71139,0.08059,0
2301,loglogistic,loglogistic,exponential,loglogistic,exponential,weibull,-212.648,1,0.72907,0.08059,0
2302,exponential,weibull,loglogistic,lognormal,lognormal,exponential,-212.644,1,0.46701,0.00042,0
2303,weibull,weibull,loglogistic,loglogistic,exponential,loglogistic,-212.641,1,0.71139,0.00042,0
2304,loglogistic,weibull,weibull,loglogistic,exponential,loglogistic,-212.614,1,0.72907,0.00042,0
2305,lognormal,loglogistic,exponential,loglogistic,exponential,lognormal,-212.613,1,0.76349,0.08059,0
2306,weibull,loglogistic,exponential,loglogistic,exponential,weibull,-212.598,1,0.71139,0.08059,0
2307,exponential,exponential,loglogistic,weibull,weibull,exponential,-212.592,1,0.46701,0.12377,0
2308,lognormal,loglogistic,weibull,loglogistic,exponential,weibull,-212.587,1,0.76349,0.08059,0
2309,lognormal,loglogistic,loglogistic,loglogistic,exponential,loglogistic,-212.574,1,0.76349,0.08059,0
2310,exponential,weibull,weibull,lognormal,lognormal,exponential,-212.567,1,0.46701,0.00042,0
2311,loglogistic,loglogistic,lognormal,loglogistic,exponential,lognormal,-212.565,1,0.72907,0.08059,0
2312,weibull,weibull,weibull,loglogistic,exponential,loglogistic,-212.564,1,0.71139,0.00042,0
2313,lognormal,exponential,lognormal,loglogistic,exponential,weibull,-212.562,1,0.76349,0.12377,0
2314,loglogistic,loglogistic,exponential,loglogistic,exponential,loglogistic,-212.558,1,0.72907,0.08059,0
2315,loglogistic,weibull,loglogistic,loglogistic,exponential,lognormal,-212.555,1,0.72907,0.00042,0
2316,exponential,loglogistic,loglogistic,lognormal,loglogistic,exponential,-212.548,1,0.46701,0.08059,0
2317,weibull,loglogistic,lognormal,loglogistic,exponential,lognormal,-212.515,1,0.71139,0.08059,0
2318,exponential,exponential,weibull,weibull,weibull,exponential,-212.515,1,0.46701,0.12377,0
2319,exponential,loglogistic,exponential,lognormal,lognormal,exponential,-212.51,1,0.46701,0.08059,0
2320,weibull,loglogistic,exponential,loglogistic,exponential,loglogistic,-212.507,1,0.71139,0.08059,0
2321,weibull,weibull,loglogistic,loglogistic,exponential,lognormal,-212.505,1,0.71139,0.00042,0
2322,lognormal,loglogistic,weibull,loglogistic,exponential,loglogistic,-212.497,1,0.76349,0.08059,0
2323,exponential,lognormal,loglogistic,weibull,weibull,exponential,-212.479,1,0.46701,0.11943,0
2324,loglogistic,weibull,weibull,loglogistic,exponential,lognormal,-212.478,1,0.72907,0.00042,0
2325,loglogistic,loglogistic,loglogistic,loglogistic,exponential,weibull,-212.472,1,0.72907,0.08059,0
2326,lognormal,exponential,lognormal,loglogistic,exponential,loglogistic,-212.472,1,0.76349,0.12377,0
2327,exponential,loglogistic,weibull,lognormal,loglogistic,exponential,-212.47,1,0.46701,0.08059,0
2328,lognormal,lognormal,lognormal,loglogistic,exponential,weibull,-212.45,1,0.76349,0.11943,0
2329,exponential,weibull,lognormal,lognormal,weibull,exponential,-212.446,1,0.46701,0.00042,0
2330,exponential,exponential,lognormal,lognormal,loglogistic,exponential,-212.446,1,0.46701,0.12377,0
2331,lognormal,loglogistic,loglogistic,loglogistic,exponential,lognormal,-212.437,1,0.76349,0.08059,0
2332,weibull,weibull,weibull,loglogistic,exponential,lognormal,-212.427,1,0.71139,0.00042,0
2333,weibull,loglogistic,loglogistic,loglogistic,exponential,weibull,-212.422,1,0.71139,0.08059,0
2334,loglogistic,loglogistic,exponential,loglogistic,exponential,lognormal,-212.421,1,0.72907,0.08059,0
2335,lognormal,exponential,exponential,loglogistic,exponential,weibull,-212.418,1,0.76349,0.12377,0
2336,exponential,lognormal,weibull,weibull,weibull,exponential,-212.402,1,0.46701,0.11943,0
2337,loglogistic,loglogistic,weibull,loglogistic,exponential,weibull,-212.395,1,0.72907,0.08059,0
2338,loglogistic,loglogistic,loglogistic,loglogistic,exponential,loglogistic,-212.382,1,0.72907,0.08059,0
2339,weibull,loglogistic,exponential,loglogistic,exponential,lognormal,-212.371,1,0.71139,0.08059,0
2340,loglogistic,exponential,lognormal,loglogistic,exponential,weibull,-212.37,1,0.72907,0.12377,0
2341,lognormal,loglogistic,weibull,loglogistic,exponential,lognormal,-212.36,1,0.76349,0.08059,0
2342,lognormal,lognormal,lognormal,loglogistic,exponential,loglogistic,-212.359,1,0.76349,0.11943,0
2343,weibull,loglogistic,weibull,loglogistic,exponential,weibull,-212.344,1,0.71139,0.08059,0
2344,lognormal,exponential,lognormal,loglogistic,exponential,lognormal,-212.335,1,0.76349,0.12377,0
2345,exponential,loglogistic,loglogistic,lognormal,lognormal,exponential,-212.334,1,0.46701,0.08059,0
2346,exponential,lognormal,lognormal,lognormal,loglogistic,exponential,-212.333,1,0.46701,0.11943,0
2347,weibull,loglogistic,loglogistic,loglogistic,exponential,loglogistic,-212.331,1,0.71139,0.08059,0
2348,lognormal,exponential,exponential,loglogistic,exponential,loglogistic,-212.328,1,0.76349,0.12377,0
2349,weibull,exponential,lognormal,loglogistic,exponential,weibull,-212.32,1,0.71139,0.12377,0
2350,lognormal,lognormal,exponential,loglogistic,exponential,weibull,-212.305,1,0.76349,0.11943,0
2351,loglogistic,loglogistic,weibull,loglogistic,exponential,loglogistic,-212.304,1,0.72907,0.08059,0
2352,exponential,weibull,exponential,lognormal,weibull,exponential,-212.302,1,0.46701,0.00042,0
2353,exponential,exponential,exponential,lognormal,loglogistic,exponential,-212.301,1,0.46701,0.12377,0
2354,loglogistic,exponential,lognormal,loglogistic,exponential,loglogistic,-212.28,1,0.72907,0.12377,0
2355,loglogistic,lognormal,lognormal,loglogistic,exponential,weibull,-212.257,1,0.72907,0.11943,0
2356,exponential,loglogistic,weibull,lognormal,lognormal,exponential,-212.257,1,0.46701,0.08059,0
2357,weibull,loglogistic,weibull,loglogistic,exponential,loglogistic,-212.254,1,0.71139,0.08059,0
2358,loglogistic,loglogistic,loglogistic,loglogistic,exponential,lognormal,-212.245,1,0.72907,0.08059,0
2359,lognormal,exponential,loglogistic,loglogistic,exponential,weibull,-212.242,1,0.76349,0.12377,0
2360,exponential,exponential,lognormal,lognormal,lognormal,exponential,-212.232,1,0.46701,0.12377,0
2361,weibull,exponential,lognormal,loglogistic,exponential,loglogistic,-212.229,1,0.71139,0.12377,0
2362,loglogistic,exponential,exponential,loglogistic,exponential,weibull,-212.226,1,0.72907,0.12377,0
2363,lognormal,lognormal,lognormal,loglogistic,exponential,lognormal,-212.222,1,0.76349,0.11943,0
2364,lognormal,lognormal,exponential,loglogistic,exponential,loglogistic,-212.215,1,0.76349,0.11943,0
2365,weibull,lognormal,lognormal,loglogistic,exponential,weibull,-212.207,1,0.71139,0.11943,0
2366,weibull,loglogistic,loglogistic,loglogistic,exponential,lognormal,-212.195,1,0.71139,0.08059,0
2367,lognormal,exponential,exponential,loglogistic,exponential,lognormal,-212.191,1,0.76349,0.12377,0
2368,exponential,lognormal,exponential,lognormal,loglogistic,exponential,-212.189,1,0.46701,0.11943,0
2369,weibull,exponential,exponential,loglogistic,exponential,weibull,-212.175,1,0.71139,0.12377,0
2370,loglogistic,loglogistic,weibull,loglogistic,exponential,lognormal,-212.168,1,0.72907,0.08059,0
2371,loglogistic,lognormal,lognormal,loglogistic,exponential,loglogistic,-212.167,1,0.72907,0.11943,0
2372,lognormal,exponential,weibull,loglogistic,exponential,weibull,-212.165,1,0.76349,0.12377,0
2373,lognormal,exponential,loglogistic,loglogistic,exponential,loglogistic,-212.152,1,0.76349,0.12377,0
2374,loglogistic,exponential,lognormal,loglogistic,exponential,lognormal,-212.143,1,0.72907,0.12377,0
2375,exponential,loglogistic,lognormal,lognormal,weibull,exponential,-212.136,1,0.46701,0.08059,0
2376,loglogistic,exponential,exponential,loglogistic,exponential,loglogistic,-212.135,1,0.72907,0.12377,0
2377,lognormal,lognormal,loglogistic,loglogistic,exponential,weibull,-212.129,1,0.76349,0.11943,0
2378,exponential,weibull,loglogistic,lognormal,weibull,exponential,-212.126,1,0.46701,0.00042,0
2379,exponential,exponential,loglogistic,lognormal,loglogistic,exponential,-212.125,1,0.46701,0.12377,0
2380,exponential,lognormal,lognormal,lognormal,lognormal,exponential,-212.119,1,0.46701,0.11943,0
2381,weibull,loglogistic,weibull,loglogistic,exponential,lognormal,-212.117,1,0.71139,0.08059,0
2382,weibull,lognormal,lognormal,loglogistic,exponential,loglogistic,-212.116,1,0.71139,0.11943,0
2383,loglogistic,lognormal,exponential,loglogistic,exponential,weibull,-212.113,1,0.72907,0.11943,0
2384,weibull,exponential,lognormal,loglogistic,exponential,lognormal,-212.092,1,0.71139,0.12377,0
2385,exponential,exponential,exponential,lognormal,lognormal,exponential,-212.088,1,0.46701,0.12377,0
2386,weibull,exponential,exponential,loglogistic,exponential,loglogistic,-212.085,1,0.71139,0.12377,0
2387,lognormal,lognormal,exponential,loglogistic,exponential,lognormal,-212.078,1,0.76349,0.11943,0
2388,lognormal,exponential,weibull,loglogistic,exponential,loglogistic,-212.074,1,0.76349,0.12377,0
2389,weibull,lognormal,exponential,loglogistic,exponential,weibull,-212.062,1,0.71139,0.11943,0
2390,lognormal,lognormal,weibull,loglogistic,exponential,weibull,-212.052,1,0.76349,0.11943,0
2391,loglogistic,exponential,loglogistic,loglogistic,exponential,weibull,-212.05,1,0.72907,0.12377,0
2392,exponential,weibull,weibull,lognormal,weibull,exponential,-212.048,1,0.46701,0.00042,0
2393,exponential,exponential,weibull,lognormal,loglogistic,exponential,-212.048,1,0.46701,0.12377,0
2394,lognormal,lognormal,loglogistic,loglogistic,exponential,loglogistic,-212.039,1,0.76349,0.11943,0
2395,loglogistic,lognormal,lognormal,loglogistic,exponential,lognormal,-212.03,1,0.72907,0.11943,0
2396,loglogistic,lognormal,exponential,loglogistic,exponential,loglogistic,-212.022,1,0.72907,0.11943,0
2397,lognormal,exponential,loglogistic,loglogistic,exponential,lognormal,-212.015,1,0.76349,0.12377,0
2398,exponential,lognormal,loglogistic,lognormal,loglogistic,exponential,-212.013,1,0.46701,0.11943,0
2399,weibull,exponential,loglogistic,loglogistic,exponential,weibull,-211.999,1,0.71139,0.12377,0
2400,loglogistic,exponential,exponential,loglogistic,exponential,lognormal,-211.999,1,0.72907,0.12377,0
2401,exponential,loglogistic,exponential,lognormal,weibull,exponential,-211.991,1,0.46701,0.08059,0
2402,weibull,lognormal,lognormal,loglogistic,exponential,lognormal,-211.98,1,0.71139,0.11943,0
2403,exponential,lognormal,exponential,lognormal,lognormal,exponential,-211.975,1,0.46701,0.11943,0
2404,loglogistic,exponential,weibull,loglogistic,exponential,weibull,-211.972,1,0.72907,0.12377,0
2405,weibull,lognormal,exponential,loglogistic,exponential,loglogistic,-211.972,1,0.71139,0.11943,0
2406,lognormal,lognormal,weibull,loglogistic,exponential,loglogistic,-211.961,1,0.76349,0.11943,0
2407,loglogistic,exponential,loglogistic,loglogistic,exponential,loglogistic,-211.959,1,0.72907,0.12377,0
2408,weibull,exponential,exponential,loglogistic,exponential,lognormal,-211.948,1,0.71139,0.12377,0
2409,lognormal,exponential,weibull,loglogistic,exponential,lognormal,-211.938,1,0.76349,0.12377,0
2410,loglogistic,lognormal,loglogistic,loglogistic,exponential,weibull,-211.937,1,0.72907,0.11943,0
2411,exponential,lognormal,weibull,lognormal,loglogistic,exponential,-211.935,1,0.46701,0.11943,0
2412,weibull,exponential,weibull,loglogistic,exponential,weibull,-211.922,1,0.71139,0.12377,0
2413,exponential,exponential,loglogistic,lognormal,lognormal,exponential,-211.912,1,0.46701,0.12377,0
2414,weibull,exponential,loglogistic,loglogistic,exponential,loglogistic,-211.909,1,0.71139,0.12377,0
2415,lognormal,lognormal,loglogistic,loglogistic,exponential,lognormal,-211.902,1,0.76349,0.11943,0
2416,weibull,lognormal,loglogistic,loglogistic,exponential,weibull,-211.886,1,0.71139,0.11943,0
2417,loglogistic,lognormal,exponential,loglogistic,exponential,lognormal,-211.886,1,0.72907,0.11943,0
2418,loglogistic,exponential,weibull,loglogistic,exponential,loglogistic,-211.882,1,0.72907,0.12377,0
2419,loglogistic,lognormal,weibull,loglogistic,exponential,weibull,-211.859,1,0.72907,0.11943,0
2420,loglogistic,lognormal,loglogistic,loglogistic,exponential,loglogistic,-211.846,1,0.72907,0.11943,0
2421,weibull,lognormal,exponential,loglogistic,exponential,lognormal,-211.835,1,0.71139,0.11943,0
2422,exponential,exponential,weibull,lognormal,lognormal,exponential,-211.834,1,0.46701,0.12377,0
2423,weibull,exponential,weibull,loglogistic,exponential,loglogistic,-211.831,1,0.71139,0.12377,0
2424,lognormal,lognormal,weibull,loglogistic,exponential,lognormal,-211.825,1,0.76349,0.11943,0
2425,loglogistic,exponential,loglogistic,loglogistic,exponential,lognormal,-211.823,1,0.72907,0.12377,0
2426,exponential,loglogistic,loglogistic,lognormal,weibull,exponential,-211.815,1,0.46701,0.08059,0
2427,weibull,lognormal,weibull,loglogistic,exponential,weibull,-211.809,1,0.71139,0.11943,0
2428,exponential,lognormal,loglogistic,lognormal,lognormal,exponential,-211.799,1,0.46701,0.11943,0
2429,weibull,lognormal,loglogistic,loglogistic,exponential,loglogistic,-211.796,1,0.71139,0.11943,0
2430,weibull,exponential,loglogistic,loglogistic,exponential,lognormal,-211.772,1,0.71139,0.12377,0
2431,loglogistic,lognormal,weibull,loglogistic,exponential,loglogistic,-211.769,1,0.72907,0.11943,0
2432,loglogistic,exponential,weibull,loglogistic,exponential,lognormal,-211.745,1,0.72907,0.12377,0
2433,exponential,loglogistic,weibull,lognormal,weibull,exponential,-211.738,1,0.46701,0.08059,0
2434,lognormal,weibull,lognormal,exponential,loglogistic,weibull,-211.727,1,0.76349,0.00042,0
2435,exponential,lognormal,weibull,lognormal,lognormal,exponential,-211.721,1,0.46701,0.11943,0
2436,weibull,lognormal,weibull,loglogistic,exponential,loglogistic,-211.718,1,0.71139,0.11943,0
2437,exponential,exponential,lognormal,lognormal,weibull,exponential,-211.713,1,0.46701,0.12377,0
2438,loglogistic,lognormal,loglogistic,loglogistic,exponential,lognormal,-211.71,1,0.72907,0.11943,0
2439,weibull,exponential,weibull,loglogistic,exponential,lognormal,-211.695,1,0.71139,0.12377,0
2440,weibull,lognormal,loglogistic,loglogistic,exponential,lognormal,-211.659,1,0.71139,0.11943,0
2441,lognormal,weibull,lognormal,exponential,loglogistic,loglogistic,-211.636,1,0.76349,0.00042,0
2442,loglogistic,lognormal,weibull,loglogistic,exponential,lognormal,-211.632,1,0.72907,0.11943,0
2443,exponential,lognormal,lognormal,lognormal,weibull,exponential,-211.6,1,0.46701,0.11943,0
2444,lognormal,weibull,exponential,exponential,loglogistic,weibull,-211.583,1,0.76349,0.00042,0
2445,weibull,lognormal,weibull,loglogistic,exponential,lognormal,-211.582,1,0.71139,0.11943,0
2446,exponential,exponential,exponential,lognormal,weibull,exponential,-211.569,1,0.46701,0.12377,0
2447,loglogistic,weibull,lognormal,exponential,loglogistic,weibull,-211.535,1,0.72907,0.00042,0
2448,lognormal,weibull,lognormal,loglogistic,exponential,exponential,-211.517,1,0.76349,0.00042,0
2449,lognormal,weibull,lognormal,exponential,lognormal,weibull,-211.513,1,0.76349,0.00042,0
2450,lognormal,weibull,lognormal,exponential,loglogistic,lognormal,-211.5,1,0.76349,0.00042,0
2451,lognormal,weibull,exponential,exponential,loglogistic,loglogistic,-211.492,1,0.76349,0.00042,0
2452,weibull,weibull,lognormal,exponential,loglogistic,weibull,-211.484,1,0.71139,0.00042,0
2453,exponential,lognormal,exponential,lognormal,weibull,exponential,-211.456,1,0.46701,0.11943,0
2454,loglogistic,weibull,lognormal,exponential,loglogistic,loglogistic,-211.444,1,0.72907,0.00042,0
2455,lognormal,weibull,lognormal,weibull,exponential,weibull,-211.427,1,0.76349,0.00042,0
2456,lognormal,weibull,lognormal,exponential,lognormal,loglogistic,-211.423,1,0.76349,0.00042,0
2457,lognormal,loglogistic,lognormal,exponential,loglogistic,weibull,-211.417,1,0.76349,0.08059,0
2458,lognormal,weibull,loglogistic,exponential,loglogistic,weibull,-211.407,1,0.76349,0.00042,0
2459,weibull,weibull,lognormal,exponential,loglogistic,loglogistic,-211.394,1,0.71139,0.00042,0
2460,exponential,exponential,loglogistic,lognormal,weibull,exponential,-211.393,1,0.46701,0.12377,0
2461,loglogistic,weibull,exponential,exponential,loglogistic,weibull,-211.39,1,0.72907,0.00042,0
2462,lognormal,weibull,exponential,loglogistic,exponential,exponential,-211.372,1,0.76349,0.00042,0
2463,lognormal,weibull,exponential,exponential,lognormal,weibull,-211.369,1,0.76349,0.00042,0
2464,lognormal,weibull,exponential,exponential,loglogistic,lognormal,-211.355,1,0.76349,0.00042,0
2465,weibull,weibull,exponential,exponential,loglogistic,weibull,-211.34,1,0.71139,0.00042,0
2466,lognormal,weibull,lognormal,weibull,exponential,loglogistic,-211.337,1,0.76349,0.00042,0
2467,lognormal,weibull,weibull,exponential,loglogistic,weibull,-211.329,1,0.76349,0.00042,0
2468,lognormal,loglogistic,lognormal,exponential,loglogistic,loglogistic,-211.326,1,0.76349,0.08059,0
2469,loglogistic,weibull,lognormal,loglogistic,exponential,exponential,-211.324,1,0.72907,0.00042,0
2470,loglogistic,weibull,lognormal,exponential,lognormal,weibull,-211.321,1,0.72907,0.00042,0
2471,lognormal,weibull,loglogistic,exponential,loglogistic,loglogistic,-211.316,1,0.76349,0.00042,0
2472,exponential,exponential,weibull,lognormal,weibull,exponential,-211.316,1,0.46701,0.12377,0
2473,loglogistic,weibull,lognormal,exponential,loglogistic,lognormal,-211.307,1,0.72907,0.00042,0
2474,loglogistic,weibull,exponential,exponential,loglogistic,loglogistic,-211.3,1,0.72907,0.00042,0
2475,lognormal,weibull,lognormal,exponential,lognormal,lognormal,-211.286,1,0.76349,0.00042,0
2476,lognormal,weibull,exponential,weibull,exponential,weibull,-211.283,1,0.76349,0.00042,0
2477,exponential,lognormal,loglogistic,lognormal,weibull,exponential,-211.28,1,0.46701,0.11943,0
2478,lognormal,weibull,exponential,exponential,lognormal,loglogistic,-211.278,1,0.76349,0.00042,0
2479,weibull,weibull,lognormal,loglogistic,exponential,exponential,-211.274,1,0.71139,0.00042,0
2480,lognormal,loglogistic,exponential,exponential,loglogistic,weibull,-211.272,1,0.76349,0.08059,0
2481,weibull,weibull,lognormal,exponential,lognormal,weibull,-211.27,1,0.71139,0.00042,0
2482,weibull,weibull,lognormal,exponential,loglogistic,lognormal,-211.257,1,0.71139,0.00042,0
2483,weibull,weibull,exponential,exponential,loglogistic,loglogistic,-211.249,1,0.71139,0.00042,0
2484,lognormal,weibull,weibull,exponential,loglogistic,loglogistic,-211.239,1,0.76349,0.00042,0
2485,loglogistic,weibull,lognormal,weibull,exponential,weibull,-211.235,1,0.72907,0.00042,0
2486,loglogistic,weibull,lognormal,exponential,lognormal,loglogistic,-211.23,1,0.72907,0.00042,0
2487,loglogistic,loglogistic,lognormal,exponential,loglogistic,weibull,-211.224,1,0.72907,0.08059,0
2488,loglogistic,weibull,loglogistic,exponential,loglogistic,weibull,-211.214,1,0.72907,0.00042,0
2489,lognormal,loglogistic,lognormal,loglogistic,exponential,exponential,-211.207,1,0.76349,0.08059,0
2490,lognormal,loglogistic,lognormal,exponential,lognormal,weibull,-211.203,1,0.76349,0.08059,0
2491,exponential,lognormal,weibull,lognormal,weibull,exponential,-211.203,1,0.46701,0.11943,0
2492,lognormal,weibull,lognormal,weibull,exponential,lognormal,-211.2,1,0.76349,0.00042,0
2493,lognormal,weibull,loglogistic,loglogistic,exponential,exponential,-211.196,1,0.76349,0.00042,0
2494,lognormal,weibull,loglogistic,exponential,lognormal,weibull,-211.193,1,0.76349,0.00042,0
2495,lognormal,weibull,exponential,weibull,exponential,loglogistic,-211.192,1,0.76349,0.00042,0
2496,lognormal,loglogistic,lognormal,exponential,loglogistic,lognormal,-211.19,1,0.76349,0.08059,0
2497,weibull,weibull,lognormal,weibull,exponential,weibull,-211.184,1,0.71139,0.00042,0
2498,lognormal,loglogistic,exponential,exponential,loglogistic,loglogistic,-211.182,1,0.76349,0.08059,0
2499,loglogistic,weibull,exponential,loglogistic,exponential,exponential,-211.18,1,0.72907,0.00042,0
2500,weibull,weibull,lognormal,exponential,lognormal,loglogistic,-211.18,1,0.71139,0.00042,0
2501,lognormal,weibull,loglogistic,exponential,loglogistic,lognormal,-211.18,1,0.76349,0.00042,0
2502,loglogistic,weibull,exponential,exponential,lognormal,weibull,-211.176,1,0.72907,0.00042,0
2503,weibull,loglogistic,lognormal,exponential,loglogistic,weibull,-211.174,1,0.71139,0.08059,0
2504,weibull,weibull,loglogistic,exponential,loglogistic,weibull,-211.164,1,0.71139,0.00042,0
2505,loglogistic,weibull,exponential,exponential,loglogistic,lognormal,-211.163,1,0.72907,0.00042,0
2506,loglogistic,weibull,lognormal,weibull,exponential,loglogistic,-211.144,1,0.72907,0.00042,0
2507,lognormal,weibull,exponential,exponential,lognormal,lognormal,-211.142,1,0.76349,0.00042,0
2508,loglogistic,weibull,weibull,exponential,loglogistic,weibull,-211.137,1,0.72907,0.00042,0
2509,loglogistic,loglogistic,lognormal,exponential,loglogistic,loglogistic,-211.134,1,0.72907,0.08059,0
2510,weibull,weibull,exponential,loglogistic,exponential,exponential,-211.13,1,0.71139,0.00042,0
2511,weibull,weibull,exponential,exponential,lognormal,weibull,-211.126,1,0.71139,0.00042,0
2512,loglogistic,weibull,loglogistic,exponential,loglogistic,loglogistic,-211.124,1,0.72907,0.00042,0
2513,lognormal,weibull,weibull,loglogistic,exponential,exponential,-211.119,1,0.76349,0.00042,0
2514,lognormal,loglogistic,lognormal,weibull,exponential,weibull,-211.117,1,0.76349,0.08059,0
2515,lognormal,weibull,weibull,exponential,lognormal,weibull,-211.115,1,0.76349,0.00042,0
2516,weibull,weibull,exponential,exponential,loglogistic,lognormal,-211.113,1,0.71139,0.00042,0
2517,lognormal,loglogistic,lognormal,exponential,lognormal,loglogistic,-211.112,1,0.76349,0.08059,0
2518,lognormal,weibull,loglogistic,weibull,exponential,weibull,-211.107,1,0.76349,0.00042,0
2519,lognormal,weibull,loglogistic,exponential,lognormal,loglogistic,-211.102,1,0.76349,0.00042,0
2520,lognormal,weibull,weibull,exponential,loglogistic,lognormal,-211.102,1,0.76349,0.00042,0
2521,lognormal,loglogistic,loglogistic,exponential,loglogistic,weibull,-211.096,1,0.76349,0.08059,0
2522,weibull,weibull,lognormal,weibull,exponential,loglogistic,-211.094,1,0.71139,0.00042,0
2523,loglogistic,weibull,lognormal,exponential,lognormal,lognormal,-211.094,1,0.72907,0.00042,0
2524,loglogistic,weibull,exponential,weibull,exponential,weibull,-211.091,1,0.72907,0.00042,0
2525,weibull,weibull,weibull,exponential,loglogistic,weibull,-211.086,1,0.71139,0.00042,0
2526,loglogistic,weibull,exponential,exponential,lognormal,loglogistic,-211.086,1,0.72907,0.00042,0
2527,weibull,loglogistic,lognormal,exponential,loglogistic,loglogistic,-211.083,1,0.71139,0.08059,0
2528,loglogistic,loglogistic,exponential,exponential,loglogistic,weibull,-211.08,1,0.72907,0.08059,0
2529,weibull,weibull,loglogistic,exponential,loglogistic,loglogistic,-211.073,1,0.71139,0.00042,0
2530,lognormal,loglogistic,exponential,loglogistic,exponential,exponential,-211.062,1,0.76349,0.08059,0
2531,lognormal,loglogistic,exponential,exponential,lognormal,weibull,-211.059,1,0.76349,0.08059,0
2532,lognormal,weibull,exponential,weibull,exponential,lognormal,-211.056,1,0.76349,0.00042,0
2533,loglogistic,weibull,weibull,exponential,loglogistic,loglogistic,-211.046,1,0.72907,0.00042,0
2534,lognormal,loglogistic,exponential,exponential,loglogistic,lognormal,-211.045,1,0.76349,0.08059,0
2535,weibull,weibull,lognormal,exponential,lognormal,lognormal,-211.043,1,0.71139,0.00042,0
2536,weibull,weibull,exponential,weibull,exponential,weibull,-211.04,1,0.71139,0.00042,0
2537,weibull,weibull,exponential,exponential,lognormal,loglogistic,-211.035,1,0.71139,0.00042,0
2538,lognormal,weibull,weibull,weibull,exponential,weibull,-211.029,1,0.76349,0.00042,0
2539,weibull,loglogistic,exponential,exponential,loglogistic,weibull,-211.029,1,0.71139,0.08059,0
2540,lognormal,loglogistic,lognormal,weibull,exponential,loglogistic,-211.027,1,0.76349,0.08059,0
2541,lognormal,weibull,weibull,exponential,lognormal,loglogistic,-211.025,1,0.76349,0.00042,0
2542,lognormal,loglogistic,weibull,exponential,loglogistic,weibull,-211.019,1,0.76349,0.08059,0
2543,lognormal,weibull,loglogistic,weibull,exponential,loglogistic,-211.017,1,0.76349,0.00042,0
2544,loglogistic,loglogistic,lognormal,loglogistic,exponential,exponential,-211.014,1,0.72907,0.08059,0
2545,loglogistic,loglogistic,lognormal,exponential,lognormal,weibull,-211.011,1,0.72907,0.08059,0
2546,loglogistic,weibull,lognormal,weibull,exponential,lognormal,-211.008,1,0.72907,0.00042,0
2547,lognormal,loglogistic,loglogistic,exponential,loglogistic,loglogistic,-211.006,1,0.76349,0.08059,0
2548,loglogistic,weibull,loglogistic,loglogistic,exponential,exponential,-211.004,1,0.72907,0.00042,0
2549,loglogistic,weibull,loglogistic,exponential,lognormal,weibull,-211.0,1,0.72907,0.00042,0
2550,loglogistic,weibull,exponential,weibull,exponential,loglogistic,-211.0,1,0.72907,0.00042,0
2551,loglogistic,loglogistic,lognormal,exponential,loglogistic,lognormal,-210.997,1,0.72907,0.08059,0
2552,weibull,weibull,weibull,exponential,loglogistic,loglogistic,-210.996,1,0.71139,0.00042,0
2553,lognormal,weibull,lognormal,exponential,weibull,weibull,-210.994,1,0.76349,0.00042,0
2554,lognormal,exponential,lognormal,exponential,loglogistic,weibull,-210.994,1,0.76349,0.12377,0
2555,loglogistic,loglogistic,exponential,exponential,loglogistic,loglogistic,-210.99,1,0.72907,0.08059,0
2556,loglogistic,weibull,loglogistic,exponential,loglogistic,lognormal,-210.987,1,0.72907,0.00042,0
2557,lognormal,loglogistic,lognormal,exponential,lognormal,lognormal,-210.976,1,0.76349,0.08059,0
2558,lognormal,loglogistic,exponential,weibull,exponential,weibull,-210.973,1,0.76349,0.08059,0
2559,lognormal,loglogistic,exponential,exponential,lognormal,loglogistic,-210.968,1,0.76349,0.08059,0
2560,lognormal,weibull,loglogistic,exponential,lognormal,lognormal,-210.966,1,0.76349,0.00042,0
2561,weibull,loglogistic,lognormal,loglogistic,exponential,exponential,-210.964,1,0.71139,0.08059,0
2562,weibull,loglogistic,lognormal,exponential,lognormal,weibull,-210.96,1,0.71139,0.08059,0
2563,weibull,weibull,lognormal,weibull,exponential,lognormal,-210.957,1,0.71139,0.00042,0
2564,weibull,weibull,loglogistic,loglogistic,exponential,exponential,-210.954,1,0.71139,0.00042,0
2565,weibull,weibull,loglogistic,exponential,lognormal,weibull,-210.95,1,0.71139,0.00042,0
2566,weibull,weibull,exponential,weibull,exponential,loglogistic,-210.95,1,0.71139,0.00042,0
2567,loglogistic,weibull,exponential,exponential,lognormal,lognormal,-210.949,1,0.72907,0.00042,0
2568,weibull,loglogistic,lognormal,exponential,loglogistic,lognormal,-210.947,1,0.71139,0.08059,0
2569,lognormal,weibull,weibull,weibull,exponential,loglogistic,-210.939,1,0.76349,0.00042,0
2570,weibull,loglogistic,exponential,exponential,loglogistic,loglogistic,-210.939,1,0.71139,0.08059,0
2571,weibull,weibull,loglogistic,exponential,loglogistic,lognormal,-210.937,1,0.71139,0.00042,0
2572,lognormal,loglogistic,weibull,exponential,loglogistic,loglogistic,-210.928,1,0.76349,0.08059,0
2573,loglogistic,weibull,weibull,loglogistic,exponential,exponential,-210.927,1,0.72907,0.00042,0
2574,loglogistic,loglogistic,lognormal,weibull,exponential,weibull,-210.925,1,0.72907,0.08059,0
2575,loglogistic,weibull,weibull,exponential,lognormal,weibull,-210.923,1,0.72907,0.00042,0
2576,loglogistic,loglogistic,lognormal,exponential,lognormal,loglogistic,-210.92,1,0.72907,0.08059,0
2577,loglogistic,weibull,loglogistic,weibull,exponential,weibull,-210.915,1,0.72907,0.00042,0
2578,loglogistic,weibull,loglogistic,exponential,lognormal,loglogistic,-210.91,1,0.72907,0.00042,0
2579,loglogistic,weibull,weibull,exponential,loglogistic,lognormal,-210.91,1,0.72907,0.00042,0
2580,loglogistic,loglogistic,loglogistic,exponential,loglogistic,weibull,-210.904,1,0.72907,0.08059,0
2581,lognormal,weibull,lognormal,exponential,weibull,loglogistic,-210.904,1,0.76349,0.00042,0
2582,lognormal,exponential,lognormal,exponential,loglogistic,loglogistic,-210.904,1,0.76349,0.12377,0
2583,weibull,weibull,exponential,exponential,lognormal,lognormal,-210.899,1,0.71139,0.00042,0
2584,lognormal,loglogistic,lognormal,weibull,exponential,lognormal,-210.89,1,0.76349,0.08059,0
2585,lognormal,weibull,weibull,exponential,lognormal,lognormal,-210.888,1,0.76349,0.00042,0
2586,lognormal,loglogistic,loglogistic,loglogistic,exponential,exponential,-210.886,1,0.76349,0.08059,0
2587,lognormal,loglogistic,loglogistic,exponential,lognormal,weibull,-210.883,1,0.76349,0.08059,0
2588,lognormal,loglogistic,exponential,weibull,exponential,loglogistic,-210.882,1,0.76349,0.08059,0
2589,lognormal,lognormal,lognormal,exponential,loglogistic,weibull,-210.881,1,0.76349,0.11943,0
2590,lognormal,weibull,loglogistic,weibull,exponential,lognormal,-210.88,1,0.76349,0.00042,0
2591,weibull,weibull,weibull,loglogistic,exponential,exponential,-210.876,1,0.71139,0.00042,0
2592,weibull,loglogistic,lognormal,weibull,exponential,weibull,-210.874,1,0.71139,0.08059,0
2593,weibull,weibull,weibull,exponential,lognormal,weibull,-210.872,1,0.71139,0.00042,0
2594,loglogistic,loglogistic,exponential,loglogistic,exponential,exponential,-210.87,1,0.72907,0.08059,0
2595,weibull,loglogistic,lognormal,exponential,lognormal,loglogistic,-210.87,1,0.71139,0.08059,0
2596,lognormal,loglogistic,loglogistic,exponential,loglogistic,lognormal,-210.869,1,0.76349,0.08059,0
2597,loglogistic,loglogistic,exponential,exponential,lognormal,weibull,-210.866,1,0.72907,0.08059,0
2598,weibull,weibull,loglogistic,weibull,exponential,weibull,-210.864,1,0.71139,0.00042,0
2599,loglogistic,weibull,exponential,weibull,exponential,lognormal,-210.863,1,0.72907,0.00042,0
2600,weibull,weibull,loglogistic,exponential,lognormal,loglogistic,-210.859,1,0.71139,0.00042,0
2601,weibull,weibull,weibull,exponential,loglogistic,lognormal,-210.859,1,0.71139,0.00042,0
2602,weibull,loglogistic,loglogistic,exponential,loglogistic,weibull,-210.854,1,0.71139,0.08059,0
2603,loglogistic,loglogistic,exponential,exponential,loglogistic,lognormal,-210.853,1,0.72907,0.08059,0
2604,lognormal,weibull,exponential,exponential,weibull,weibull,-210.85,1,0.76349,0.00042,0
2605,lognormal,exponential,exponential,exponential,loglogistic,weibull,-210.85,1,0.76349,0.12377,0
2606,loglogistic,weibull,weibull,weibull,exponential,weibull,-210.837,1,0.72907,0.00042,0
2607,loglogistic,loglogistic,lognormal,weibull,exponential,loglogistic,-210.834,1,0.72907,0.08059,0
2608,loglogistic,weibull,weibull,exponential,lognormal,loglogistic,-210.832,1,0.72907,0.00042,0
2609,lognormal,loglogistic,exponential,exponential,lognormal,lognormal,-210.831,1,0.76349,0.08059,0
2610,loglogistic,loglogistic,weibull,exponential,loglogistic,weibull,-210.827,1,0.72907,0.08059,0
2611,loglogistic,weibull,loglogistic,weibull,exponential,loglogistic,-210.824,1,0.72907,0.00042,0
2612,weibull,loglogistic,exponential,loglogistic,exponential,exponential,-210.819,1,0.71139,0.08059,0
2613,weibull,loglogistic,exponential,exponential,lognormal,weibull,-210.816,1,0.71139,0.08059,0
2614,loglogistic,loglogistic,loglogistic,exponential,loglogistic,loglogistic,-210.814,1,0.72907,0.08059,0
2615,weibull,weibull,exponential,weibull,exponential,lognormal,-210.813,1,0.71139,0.00042,0
2616,lognormal,loglogistic,weibull,loglogistic,exponential,exponential,-210.809,1,0.76349,0.08059,0
2617,lognormal,loglogistic,weibull,exponential,lognormal,weibull,-210.805,1,0.76349,0.08059,0
2618,lognormal,weibull,weibull,weibull,exponential,lognormal,-210.802,1,0.76349,0.00042,0
2619,weibull,loglogistic,exponential,exponential,loglogistic,lognormal,-210.802,1,0.71139,0.08059,0
2620,loglogistic,weibull,lognormal,exponential,weibull,weibull,-210.802,1,0.72907,0.00042,0
2621,loglogistic,exponential,lognormal,exponential,loglogistic,weibull,-210.802,1,0.72907,0.12377,0
2622,lognormal,loglogistic,loglogistic,weibull,exponential,weibull,-210.797,1,0.76349,0.08059,0
2623,lognormal,loglogistic,loglogistic,exponential,lognormal,loglogistic,-210.792,1,0.76349,0.08059,0
2624,lognormal,loglogistic,weibull,exponential,loglogistic,lognormal,-210.792,1,0.76349,0.08059,0
2625,lognormal,lognormal,lognormal,exponential,loglogistic,loglogistic,-210.791,1,0.76349,0.11943,0
2626,weibull,weibull,weibull,weibull,exponential,weibull,-210.787,1,0.71139,0.00042,0
2627,lognormal,exponential,lognormal,loglogistic,exponential,exponential,-210.784,1,0.76349,0.12377,0
2628,weibull,loglogistic,lognormal,weibull,exponential,loglogistic,-210.784,1,0.71139,0.08059,0
2629,loglogistic,loglogistic,lognormal,exponential,lognormal,lognormal,-210.783,1,0.72907,0.08059,0
2630,weibull,weibull,weibull,exponential,lognormal,loglogistic,-210.782,1,0.71139,0.00042,0
2631,lognormal,exponential,lognormal,exponential,lognormal,weibull,-210.78,1,0.76349,0.12377,0
2632,loglogistic,loglogistic,exponential,weibull,exponential,weibull,-210.78,1,0.72907,0.08059,0
2633,weibull,loglogistic,weibull,exponential,loglogistic,weibull,-210.776,1,0.71139,0.08059,0
2634,loglogistic,loglogistic,exponential,exponential,lognormal,loglogistic,-210.776,1,0.72907,0.08059,0
2635,weibull,weibull,loglogistic,weibull,exponential,loglogistic,-210.774,1,0.71139,0.00042,0
2636,loglogistic,weibull,loglogistic,exponential,lognormal,lognormal,-210.773,1,0.72907,0.00042,0
2637,lognormal,weibull,lognormal,exponential,weibull,lognormal,-210.767,1,0.76349,0.00042,0
2638,lognormal,exponential,lognormal,exponential,loglogistic,lognormal,-210.767,1,0.76349,0.12377,0
2639,weibull,loglogistic,loglogistic,exponential,loglogistic,loglogistic,-210.763,1,0.71139,0.08059,0
2640,lognormal,weibull,exponential,exponential,weibull,loglogistic,-210.76,1,0.76349,0.00042,0
2641,lognormal,exponential,exponential,exponential,loglogistic,loglogistic,-210.759,1,0.76349,0.12377,0
2642,weibull,weibull,lognormal,exponential,weibull,weibull,-210.752,1,0.71139,0.00042,0
2643,weibull,exponential,lognormal,exponential,loglogistic,weibull,-210.751,1,0.71139,0.12377,0
2644,loglogistic,weibull,weibull,weibull,exponential,loglogistic,-210.747,1,0.72907,0.00042,0
2645,lognormal,loglogistic,exponential,weibull,exponential,lognormal,-210.746,1,0.76349,0.08059,0
2646,lognormal,lognormal,exponential,exponential,loglogistic,weibull,-210.737,1,0.76349,0.11943,0
2647,loglogistic,loglogistic,weibull,exponential,loglogistic,loglogistic,-210.736,1,0.72907,0.08059,0
2648,weibull,loglogistic,lognormal,exponential,lognormal,lognormal,-210.733,1,0.71139,0.08059,0
2649,weibull,loglogistic,exponential,weibull,exponential,weibull,-210.73,1,0.71139,0.08059,0
2650,weibull,loglogistic,exponential,exponential,lognormal,loglogistic,-210.725,1,0.71139,0.08059,0
2651,weibull,weibull,loglogistic,exponential,lognormal,lognormal,-210.723,1,0.71139,0.00042,0
2652,lognormal,loglogistic,weibull,weibull,exponential,weibull,-210.719,1,0.76349,0.08059,0
2653,lognormal,loglogistic,weibull,exponential,lognormal,loglogistic,-210.715,1,0.76349,0.08059,0
2654,loglogistic,weibull,lognormal,exponential,weibull,loglogistic,-210.712,1,0.72907,0.00042,0
2655,loglogistic,exponential,lognormal,exponential,loglogistic,loglogistic,-210.711,1,0.72907,0.12377,0
2656,lognormal,loglogistic,loglogistic,weibull,exponential,loglogistic,-210.706,1,0.76349,0.08059,0
2657,loglogistic,loglogistic,lognormal,weibull,exponential,lognormal,-210.698,1,0.72907,0.08059,0
2658,weibull,weibull,weibull,weibull,exponential,loglogistic,-210.696,1,0.71139,0.00042,0
2659,loglogistic,weibull,weibull,exponential,lognormal,lognormal,-210.696,1,0.72907,0.00042,0
2660,lognormal,exponential,lognormal,weibull,exponential,weibull,-210.695,1,0.76349,0.12377,0
2661,loglogistic,loglogistic,loglogistic,loglogistic,exponential,exponential,-210.694,1,0.72907,0.08059,0
2662,loglogistic,loglogistic,loglogistic,exponential,lognormal,weibull,-210.69,1,0.72907,0.08059,0
2663,lognormal,exponential,lognormal,exponential,lognormal,loglogistic,-210.69,1,0.76349,0.12377,0
2664,loglogistic,loglogistic,exponential,weibull,exponential,loglogistic,-210.69,1,0.72907,0.08059,0
2665,loglogistic,lognormal,lognormal,exponential,loglogistic,weibull,-210.689,1,0.72907,0.11943,0
2666,loglogistic,weibull,loglogistic,weibull,exponential,lognormal,-210.688,1,0.72907,0.00042,0
2667,weibull,loglogistic,weibull,exponential,loglogistic,loglogistic,-210.686,1,0.71139,0.08059,0
2668,lognormal,loglogistic,lognormal,exponential,weibull,weibull,-210.684,1,0.76349,0.08059,0
2669,loglogistic,loglogistic,loglogistic,exponential,loglogistic,lognormal,-210.677,1,0.72907,0.08059,0
2670,lognormal,weibull,loglogistic,exponential,weibull,weibull,-210.674,1,0.76349,0.00042,0
2671,lognormal,exponential,loglogistic,exponential,loglogistic,weibull,-210.674,1,0.76349,0.12377,0
2672,lognormal,lognormal,lognormal,loglogistic,exponential,exponential,-210.671,1,0.76349,0.11943,0
2673,lognormal,lognormal,lognormal,exponential,lognormal,weibull,-210.668,1,0.76349,0.11943,0
2674,weibull,weibull,lognormal,exponential,weibull,loglogistic,-210.661,1,0.71139,0.00042,0
2675,weibull,exponential,lognormal,exponential,loglogistic,loglogistic,-210.661,1,0.71139,0.12377,0
2676,loglogistic,weibull,exponential,exponential,weibull,weibull,-210.658,1,0.72907,0.00042,0
2677,loglogistic,exponential,exponential,exponential,loglogistic,weibull,-210.658,1,0.72907,0.12377,0
2678,lognormal,loglogistic,loglogistic,exponential,lognormal,lognormal,-210.655,1,0.76349,0.08059,0
2679,lognormal,lognormal,lognormal,exponential,loglogistic,lognormal,-210.654,1,0.76349,0.11943,0
2680,weibull,loglogistic,lognormal,weibull,exponential,lognormal,-210.647,1,0.71139,0.08059,0
2681,lognormal,lognormal,exponential,exponential,loglogistic,loglogistic,-210.647,1,0.76349,0.11943,0
2682,weibull,weibull,weibull,exponential,lognormal,lognormal,-210.645,1,0.71139,0.00042,0
2683,weibull,loglogistic,loglogistic,loglogistic,exponential,exponential,-210.643,1,0.71139,0.08059,0
2684,lognormal,exponential,exponential,loglogistic,exponential,exponential,-210.64,1,0.76349,0.12377,0
2685,weibull,loglogistic,loglogistic,exponential,lognormal,weibull,-210.64,1,0.71139,0.08059,0
2686,weibull,loglogistic,exponential,weibull,exponential,loglogistic,-210.639,1,0.71139,0.08059,0
2687,loglogistic,loglogistic,exponential,exponential,lognormal,lognormal,-210.639,1,0.72907,0.08059,0
2688,weibull,lognormal,lognormal,exponential,loglogistic,weibull,-210.639,1,0.71139,0.11943,0
2689,weibull,weibull,loglogistic,weibull,exponential,lognormal,-210.637,1,0.71139,0.00042,0
2690,lognormal,exponential,exponential,exponential,lognormal,weibull,-210.636,1,0.76349,0.12377,0
2691,lognormal,loglogistic,weibull,weibull,exponential,loglogistic,-210.629,1,0.76349,0.08059,0
2692,weibull,loglogistic,loglogistic,exponential,loglogistic,lognormal,-210.626,1,0.71139,0.08059,0
2693,lognormal,weibull,exponential,exponential,weibull,lognormal,-210.623,1,0.76349,0.00042,0
2694,lognormal,exponential,exponential,exponential,loglogistic,lognormal,-210.623,1,0.76349,0.12377,0
2695,loglogistic,loglogistic,weibull,loglogistic,exponential,exponential,-210.616,1,0.72907,0.08059,0
2696,loglogistic,loglogistic,weibull,exponential,lognormal,weibull,-210.613,1,0.72907,0.08059,0
2697,loglogistic,weibull,weibull,weibull,exponential,lognormal,-210.61,1,0.72907,0.00042,0
2698,weibull,weibull,exponential,exponential,weibull,weibull,-210.607,1,0.71139,0.00042,0
2699,weibull,exponential,exponential,exponential,loglogistic,weibull,-210.607,1,0.71139,0.12377,0
2700,loglogistic,loglogistic,loglogistic,weibull,exponential,weibull,-210.604,1,0.72907,0.08059,0
2701,lognormal,exponential,lognormal,weibull,exponential,loglogistic,-210.604,1,0.76349,0.12377,0
2702,loglogistic,loglogistic,loglogistic,exponential,lognormal,loglogistic,-210.6,1,0.72907,0.08059,0
2703,loglogistic,loglogistic,weibull,exponential,loglogistic,lognormal,-210.599,1,0.72907,0.08059,0
2704,loglogistic,lognormal,lognormal,exponential,loglogistic,loglogistic,-210.599,1,0.72907,0.11943,0
2705,lognormal,weibull,weibull,exponential,weibull,weibull,-210.597,1,0.76349,0.00042,0
2706,lognormal,exponential,weibull,exponential,loglogistic,weibull,-210.596,1,0.76349,0.12377,0
2707,lognormal,loglogistic,lognormal,exponential,weibull,loglogistic,-210.594,1,0.76349,0.08059,0
2708,loglogistic,exponential,lognormal,loglogistic,exponential,exponential,-210.592,1,0.72907,0.12377,0
2709,weibull,loglogistic,exponential,exponential,lognormal,lognormal,-210.589,1,0.71139,0.08059,0
2710,loglogistic,exponential,lognormal,exponential,lognormal,weibull,-210.588,1,0.72907,0.12377,0
2711,lognormal,weibull,loglogistic,exponential,weibull,loglogistic,-210.584,1,0.76349,0.00042,0
2712,lognormal,exponential,loglogistic,exponential,loglogistic,loglogistic,-210.583,1,0.76349,0.12377,0
2713,lognormal,lognormal,lognormal,weibull,exponential,weibull,-210.582,1,0.76349,0.11943,0
2714,lognormal,loglogistic,weibull,exponential,lognormal,lognormal,-210.578,1,0.76349,0.08059,0
2715,lognormal,lognormal,lognormal,exponential,lognormal,loglogistic,-210.577,1,0.76349,0.11943,0
2716,loglogistic,weibull,lognormal,exponential,weibull,lognormal,-210.575,1,0.72907,0.00042,0
2717,loglogistic,exponential,lognormal,exponential,loglogistic,lognormal,-210.575,1,0.72907,0.12377,0
2718,lognormal,loglogistic,loglogistic,weibull,exponential,lognormal,-210.57,1,0.76349,0.08059,0
2719,loglogistic,weibull,exponential,exponential,weibull,loglogistic,-210.567,1,0.72907,0.00042,0
2720,loglogistic,exponential,exponential,exponential,loglogistic,loglogistic,-210.567,1,0.72907,0.12377,0
2721,weibull,loglogistic,weibull,loglogistic,exponential,exponential,-210.566,1,0.71139,0.08059,0
2722,weibull,loglogistic,weibull,exponential,lognormal,weibull,-210.562,1,0.71139,0.08059,0
2723,lognormal,lognormal,loglogistic,exponential,loglogistic,weibull,-210.561,1,0.76349,0.11943,0
2724,weibull,weibull,weibull,weibull,exponential,lognormal,-210.56,1,0.71139,0.00042,0
2725,weibull,loglogistic,loglogistic,weibull,exponential,weibull,-210.554,1,0.71139,0.08059,0
2726,lognormal,exponential,lognormal,exponential,lognormal,lognormal,-210.553,1,0.76349,0.12377,0
2727,loglogistic,loglogistic,exponential,weibull,exponential,lognormal,-210.553,1,0.72907,0.08059,0
2728,lognormal,exponential,exponential,weibull,exponential,weibull,-210.55,1,0.76349,0.12377,0
2729,weibull,loglogistic,loglogistic,exponential,lognormal,loglogistic,-210.549,1,0.71139,0.08059,0
2730,weibull,loglogistic,weibull,exponential,loglogistic,lognormal,-210.549,1,0.71139,0.08059,0
2731,weibull,lognormal,lognormal,exponential,loglogistic,loglogistic,-210.548,1,0.71139,0.11943,0
2732,lognormal,exponential,exponential,exponential,lognormal,loglogistic,-210.546,1,0.76349,0.12377,0
2733,loglogistic,lognormal,exponential,exponential,loglogistic,weibull,-210.545,1,0.72907,0.11943,0
2734,weibull,exponential,lognormal,loglogistic,exponential,exponential,-210.541,1,0.71139,0.12377,0
2735,lognormal,loglogistic,exponential,exponential,weibull,weibull,-210.54,1,0.76349,0.08059,0
2736,weibull,exponential,lognormal,exponential,lognormal,weibull,-210.538,1,0.71139,0.12377,0
2737,loglogistic,loglogistic,weibull,weibull,exponential,weibull,-210.527,1,0.72907,0.08059,0
2738,lognormal,lognormal,exponential,loglogistic,exponential,exponential,-210.527,1,0.76349,0.11943,0
2739,weibull,weibull,lognormal,exponential,weibull,lognormal,-210.525,1,0.71139,0.00042,0
2740,weibull,exponential,lognormal,exponential,loglogistic,lognormal,-210.524,1,0.71139,0.12377,0
2741,lognormal,lognormal,exponential,exponential,lognormal,weibull,-210.523,1,0.76349,0.11943,0
2742,loglogistic,loglogistic,weibull,exponential,lognormal,loglogistic,-210.522,1,0.72907,0.08059,0
2743,weibull,weibull,exponential,exponential,weibull,loglogistic,-210.517,1,0.71139,0.00042,0
2744,weibull,exponential,exponential,exponential,loglogistic,loglogistic,-210.517,1,0.71139,0.12377,0
2745,loglogistic,loglogistic,loglogistic,weibull,exponential,loglogistic,-210.514,1,0.72907,0.08059,0
2746,lognormal,lognormal,exponential,exponential,loglogistic,lognormal,-210.51,1,0.76349,0.11943,0
2747,lognormal,weibull,weibull,exponential,weibull,loglogistic,-210.506,1,0.76349,0.00042,0
2748,lognormal,exponential,weibull,exponential,loglogistic,loglogistic,-210.506,1,0.76349,0.12377,0
2749,weibull,loglogistic,exponential,weibull,exponential,lognormal,-210.503,1,0.71139,0.08059,0
2750,loglogistic,exponential,lognormal,weibull,exponential,weibull,-210.502,1,0.72907,0.12377,0
2751,loglogistic,exponential,lognormal,exponential,lognormal,loglogistic,-210.498,1,0.72907,0.12377,0
2752,weibull,lognormal,exponential,exponential,loglogistic,weibull,-210.494,1,0.71139,0.11943,0
2753,lognormal,loglogistic,weibull,weibull,exponential,lognormal,-210.492,1,0.76349,0.08059,0
2754,loglogistic,loglogistic,lognormal,exponential,weibull,weibull,-210.492,1,0.72907,0.08059,0
2755,lognormal,lognormal,lognormal,weibull,exponential,loglogistic,-210.491,1,0.76349,0.11943,0
2756,lognormal,lognormal,weibull,exponential,loglogistic,weibull,-210.484,1,0.76349,0.11943,0
2757,loglogistic,weibull,loglogistic,exponential,weibull,weibull,-210.482,1,0.72907,0.00042,0
2758,loglogistic,exponential,loglogistic,exponential,loglogistic,weibull,-210.482,1,0.72907,0.12377,0
2759,loglogistic,lognormal,lognormal,loglogistic,exponential,exponential,-210.479,1,0.72907,0.11943,0
2760,weibull,loglogistic,weibull,weibull,exponential,weibull,-210.476,1,0.71139,0.08059,0
2761,loglogistic,lognormal,lognormal,exponential,lognormal,weibull,-210.475,1,0.72907,0.11943,0
2762,weibull,loglogistic,weibull,exponential,lognormal,loglogistic,-210.472,1,0.71139,0.08059,0
2763,lognormal,lognormal,loglogistic,exponential,loglogistic,loglogistic,-210.471,1,0.76349,0.11943,0
2764,lognormal,exponential,lognormal,weibull,exponential,lognormal,-210.468,1,0.76349,0.12377,0
2765,lognormal,exponential,loglogistic,loglogistic,exponential,exponential,-210.464,1,0.76349,0.12377,0
2766,weibull,loglogistic,loglogistic,weibull,exponential,loglogistic,-210.463,1,0.71139,0.08059,0
2767,loglogistic,loglogistic,loglogistic,exponential,lognormal,lognormal,-210.463,1,0.72907,0.08059,0
2768,loglogistic,lognormal,lognormal,exponential,loglogistic,lognormal,-210.462,1,0.72907,0.11943,0
2769,lognormal,exponential,loglogistic,exponential,lognormal,weibull,-210.46,1,0.76349,0.12377,0
2770,lognormal,exponential,exponential,weibull,exponential,loglogistic,-210.46,1,0.76349,0.12377,0
2771,lognormal,loglogistic,lognormal,exponential,weibull,lognormal,-210.457,1,0.76349,0.08059,0
2772,loglogistic,lognormal,exponential,exponential,loglogistic,loglogistic,-210.454,1,0.72907,0.11943,0
2773,weibull,exponential,lognormal,weibull,exponential,weibull,-210.452,1,0.71139,0.12377,0
2774,lognormal,loglogistic,exponential,exponential,weibull,loglogistic,-210.449,1,0.76349,0.08059,0
2775,loglogistic,exponential,exponential,loglogistic,exponential,exponential,-210.447,1,0.72907,0.12377,0
2776,weibull,exponential,lognormal,exponential,lognormal,loglogistic,-210.447,1,0.71139,0.12377,0
2777,lognormal,weibull,loglogistic,exponential,weibull,lognormal,-210.447,1,0.76349,0.00042,0
2778,lognormal,exponential,loglogistic,exponential,loglogistic,lognormal,-210.447,1,0.76349,0.12377,0
2779,loglogistic,exponential,exponential,exponential,lognormal,weibull,-210.444,1,0.72907,0.12377,0
2780,weibull,loglogistic,lognormal,exponential,weibull,weibull,-210.441,1,0.71139,0.08059,0
2781,lognormal,lognormal,lognormal,exponential,lognormal,lognormal,-210.44,1,0.76349,0.11943,0
2782,lognormal,lognormal,exponential,weibull,exponential,weibull,-210.437,1,0.76349,0.11943,0
2783,loglogistic,loglogistic,weibull,weibull,exponential,loglogistic,-210.436,1,0.72907,0.08059,0
2784,lognormal,lognormal,exponential,exponential,lognormal,loglogistic,-210.433,1,0.76349,0.11943,0
2785,weibull,weibull,loglogistic,exponential,weibull,weibull,-210.431,1,0.71139,0.00042,0
2786,weibull,exponential,loglogistic,exponential,loglogistic,weibull,-210.431,1,0.71139,0.12377,0
2787,loglogistic,weibull,exponential,exponential,weibull,lognormal,-210.431,1,0.72907,0.00042,0
2788,loglogistic,exponential,exponential,exponential,loglogistic,lognormal,-210.43,1,0.72907,0.12377,0
2789,weibull,lognormal,lognormal,loglogistic,exponential,exponential,-210.428,1,0.71139,0.11943,0
2790,weibull,lognormal,lognormal,exponential,lognormal,weibull,-210.425,1,0.71139,0.11943,0
2791,weibull,loglogistic,loglogistic,exponential,lognormal,lognormal,-210.413,1,0.71139,0.08059,0
2792,loglogistic,exponential,lognormal,weibull,exponential,loglogistic,-210.412,1,0.72907,0.12377,0
2793,weibull,lognormal,lognormal,exponential,loglogistic,lognormal,-210.411,1,0.71139,0.11943,0
2794,lognormal,exponential,exponential,exponential,lognormal,lognormal,-210.409,1,0.76349,0.12377,0
2795,loglogistic,weibull,weibull,exponential,weibull,weibull,-210.404,1,0.72907,0.00042,0
2796,loglogistic,exponential,weibull,exponential,loglogistic,weibull,-210.404,1,0.72907,0.12377,0
2797,weibull,lognormal,exponential,exponential,loglogistic,loglogistic,-210.404,1,0.71139,0.11943,0
2798,loglogistic,loglogistic,lognormal,exponential,weibull,loglogistic,-210.401,1,0.72907,0.08059,0
2799,weibull,exponential,exponential,loglogistic,exponential,exponential,-210.397,1,0.71139,0.12377,0
2800,weibull,exponential,exponential,exponential,lognormal,weibull,-210.393,1,0.71139,0.12377,0
2801,lognormal,lognormal,weibull,exponential,loglogistic,loglogistic,-210.393,1,0.76349,0.11943,0
2802,loglogistic,weibull,loglogistic,exponential,weibull,loglogistic,-210.391,1,0.72907,0.00042,0
2803,loglogistic,exponential,loglogistic,exponential,loglogistic,loglogistic,-210.391,1,0.72907,0.12377,0
2804,loglogistic,lognormal,lognormal,weibull,exponential,weibull,-210.389,1,0.72907,0.11943,0
2805,lognormal,exponential,weibull,loglogistic,exponential,exponential,-210.386,1,0.76349,0.12377,0
2806,weibull,loglogistic,weibull,weibull,exponential,loglogistic,-210.386,1,0.71139,0.08059,0
2807,loglogistic,loglogistic,weibull,exponential,lognormal,lognormal,-210.386,1,0.72907,0.08059,0
2808,loglogistic,lognormal,lognormal,exponential,lognormal,loglogistic,-210.385,1,0.72907,0.11943,0
2809,lognormal,exponential,weibull,exponential,lognormal,weibull,-210.383,1,0.76349,0.12377,0
2810,weibull,weibull,exponential,exponential,weibull,lognormal,-210.38,1,0.71139,0.00042,0
2811,weibull,exponential,exponential,exponential,loglogistic,lognormal,-210.38,1,0.71139,0.12377,0
2812,loglogistic,loglogistic,loglogistic,weibull,exponential,lognormal,-210.377,1,0.72907,0.08059,0
2813,lognormal,exponential,loglogistic,weibull,exponential,weibull,-210.374,1,0.76349,0.12377,0
2814,lognormal,exponential,loglogistic,exponential,lognormal,loglogistic,-210.37,1,0.76349,0.12377,0
2815,lognormal,weibull,weibull,exponential,weibull,lognormal,-210.37,1,0.76349,0.00042,0
2816,lognormal,exponential,weibull,exponential,loglogistic,lognormal,-210.369,1,0.76349,0.12377,0
2817,loglogistic,lognormal,loglogistic,exponential,loglogistic,weibull,-210.369,1,0.72907,0.11943,0
2818,lognormal,loglogistic,loglogistic,exponential,weibull,weibull,-210.364,1,0.76349,0.08059,0
2819,weibull,exponential,lognormal,weibull,exponential,loglogistic,-210.361,1,0.71139,0.12377,0
2820,loglogistic,exponential,lognormal,exponential,lognormal,lognormal,-210.361,1,0.72907,0.12377,0
2821,loglogistic,exponential,exponential,weibull,exponential,weibull,-210.358,1,0.72907,0.12377,0
2822,lognormal,lognormal,lognormal,weibull,exponential,lognormal,-210.355,1,0.76349,0.11943,0
2823,weibull,weibull,weibull,exponential,weibull,weibull,-210.354,1,0.71139,0.00042,0
2824,weibull,exponential,weibull,exponential,loglogistic,weibull,-210.354,1,0.71139,0.12377,0
2825,loglogistic,exponential,exponential,exponential,lognormal,loglogistic,-210.353,1,0.72907,0.12377,0
2826,weibull,loglogistic,lognormal,exponential,weibull,loglogistic,-210.351,1,0.71139,0.08059,0
2827,lognormal,lognormal,loglogistic,loglogistic,exponential,exponential,-210.351,1,0.76349,0.11943,0
2828,loglogistic,loglogistic,exponential,exponential,weibull,weibull,-210.348,1,0.72907,0.08059,0
2829,lognormal,lognormal,loglogistic,exponential,lognormal,weibull,-210.347,1,0.76349,0.11943,0
2830,lognormal,lognormal,exponential,weibull,exponential,loglogistic,-210.347,1,0.76349,0.11943,0
2831,weibull,weibull,loglogistic,exponential,weibull,loglogistic,-210.341,1,0.71139,0.00042,0
2832,weibull,exponential,loglogistic,exponential,loglogistic,loglogistic,-210.341,1,0.71139,0.12377,0
2833,weibull,lognormal,lognormal,weibull,exponential,weibull,-210.339,1,0.71139,0.11943,0
2834,weibull,loglogistic,weibull,exponential,lognormal,lognormal,-210.335,1,0.71139,0.08059,0
2835,loglogistic,lognormal,exponential,loglogistic,exponential,exponential,-210.335,1,0.72907,0.11943,0
2836,weibull,lognormal,lognormal,exponential,lognormal,loglogistic,-210.334,1,0.71139,0.11943,0
2837,lognormal,lognormal,loglogistic,exponential,loglogistic,lognormal,-210.334,1,0.76349,0.11943,0
2838,loglogistic,lognormal,exponential,exponential,lognormal,weibull,-210.331,1,0.72907,0.11943,0
2839,weibull,loglogistic,loglogistic,weibull,exponential,lognormal,-210.327,1,0.71139,0.08059,0
2840,lognormal,exponential,exponential,weibull,exponential,lognormal,-210.323,1,0.76349,0.12377,0
2841,weibull,lognormal,loglogistic,exponential,loglogistic,weibull,-210.318,1,0.71139,0.11943,0
2842,loglogistic,lognormal,exponential,exponential,loglogistic,lognormal,-210.318,1,0.72907,0.11943,0
2843,loglogistic,weibull,weibull,exponential,weibull,loglogistic,-210.314,1,0.72907,0.00042,0
2844,loglogistic,exponential,weibull,exponential,loglogistic,loglogistic,-210.314,1,0.72907,0.12377,0
2845,lognormal,loglogistic,exponential,exponential,weibull,lognormal,-210.313,1,0.76349,0.08059,0
2846,weibull,exponential,lognormal,exponential,lognormal,lognormal,-210.31,1,0.71139,0.12377,0
2847,weibull,exponential,exponential,weibull,exponential,weibull,-210.307,1,0.71139,0.12377,0
2848,weibull,exponential,exponential,exponential,lognormal,loglogistic,-210.303,1,0.71139,0.12377,0
2849,loglogistic,loglogistic,weibull,weibull,exponential,lognormal,-210.3,1,0.72907,0.08059,0
2850,loglogistic,lognormal,lognormal,weibull,exponential,loglogistic,-210.299,1,0.72907,0.11943,0
2851,weibull,loglogistic,exponential,exponential,weibull,weibull,-210.297,1,0.71139,0.08059,0
2852,lognormal,exponential,weibull,weibull,exponential,weibull,-210.297,1,0.76349,0.12377,0
2853,lognormal,lognormal,exponential,exponential,lognormal,lognormal,-210.296,1,0.76349,0.11943,0
2854,lognormal,exponential,weibull,exponential,lognormal,loglogistic,-210.292,1,0.76349,0.12377,0
2855,loglogistic,lognormal,weibull,exponential,loglogistic,weibull,-210.291,1,0.72907,0.11943,0
2856,lognormal,loglogistic,weibull,exponential,weibull,weibull,-210.286,1,0.76349,0.08059,0
2857,weibull,lognormal,exponential,loglogistic,exponential,exponential,-210.284,1,0.71139,0.11943,0
2858,lognormal,exponential,loglogistic,weibull,exponential,loglogistic,-210.284,1,0.76349,0.12377,0
2859,weibull,lognormal,exponential,exponential,lognormal,weibull,-210.28,1,0.71139,0.11943,0
2860,loglogistic,lognormal,loglogistic,exponential,loglogistic,loglogistic,-210.278,1,0.72907,0.11943,0
2861,loglogistic,exponential,lognormal,weibull,exponential,lognormal,-210.275,1,0.72907,0.12377,0
2862,lognormal,loglogistic,loglogistic,exponential,weibull,loglogistic,-210.273,1,0.76349,0.08059,0
2863,lognormal,lognormal,weibull,loglogistic,exponential,exponential,-210.273,1,0.76349,0.11943,0
2864,loglogistic,exponential,loglogistic,loglogistic,exponential,exponential,-210.271,1,0.72907,0.12377,0
2865,lognormal,lognormal,weibull,exponential,lognormal,weibull,-210.27,1,0.76349,0.11943,0
2866,loglogistic,exponential,loglogistic,exponential,lognormal,weibull,-210.268,1,0.72907,0.12377,0
2867,loglogistic,exponential,exponential,weibull,exponential,loglogistic,-210.267,1,0.72907,0.12377,0
2868,weibull,lognormal,exponential,exponential,loglogistic,lognormal,-210.267,1,0.71139,0.11943,0
2869,loglogistic,loglogistic,lognormal,exponential,weibull,lognormal,-210.265,1,0.72907,0.08059,0
2870,weibull,weibull,weibull,exponential,weibull,loglogistic,-210.263,1,0.71139,0.00042,0
2871,weibull,exponential,weibull,exponential,loglogistic,loglogistic,-210.263,1,0.71139,0.12377,0
2872,lognormal,exponential,lognormal,exponential,weibull,weibull,-210.262,1,0.76349,0.12377,0
2873,lognormal,lognormal,loglogistic,weibull,exponential,weibull,-210.261,1,0.76349,0.11943,0
2874,loglogistic,loglogistic,exponential,exponential,weibull,loglogistic,-210.257,1,0.72907,0.08059,0
2875,lognormal,lognormal,loglogistic,exponential,lognormal,loglogistic,-210.257,1,0.76349,0.11943,0
2876,lognormal,lognormal,weibull,exponential,loglogistic,lognormal,-210.257,1,0.76349,0.11943,0
2877,loglogistic,weibull,loglogistic,exponential,weibull,lognormal,-210.255,1,0.72907,0.00042,0
2878,loglogistic,exponential,loglogistic,exponential,loglogistic,lognormal,-210.254,1,0.72907,0.12377,0
2879,weibull,loglogistic,weibull,weibull,exponential,lognormal,-210.249,1,0.71139,0.08059,0
2880,weibull,lognormal,lognormal,weibull,exponential,loglogistic,-210.248,1,0.71139,0.11943,0
2881,loglogistic,lognormal,lognormal,exponential,lognormal,lognormal,-210.248,1,0.72907,0.11943,0
2882,loglogistic,lognormal,exponential,weibull,exponential,weibull,-210.245,1,0.72907,0.11943,0
2883,weibull,lognormal,weibull,exponential,loglogistic,weibull,-210.241,1,0.71139,0.11943,0
2884,loglogistic,lognormal,exponential,exponential,lognormal,loglogistic,-210.24,1,0.72907,0.11943,0
2885,lognormal,exponential,loglogistic,exponential,lognormal,lognormal,-210.233,1,0.76349,0.12377,0
2886,lognormal,weibull,lognormal,lognormal,exponential,weibull,-210.228,1,0.76349,0.00042,0
2887,weibull,lognormal,loglogistic,exponential,loglogistic,loglogistic,-210.228,1,0.71139,0.11943,0
2888,weibull,exponential,lognormal,weibull,exponential,lognormal,-210.225,1,0.71139,0.12377,0
2889,weibull,exponential,loglogistic,loglogistic,exponential,exponential,-210.221,1,0.71139,0.12377,0
2890,weibull,exponential,loglogistic,exponential,lognormal,weibull,-210.217,1,0.71139,0.12377,0
2891,weibull,exponential,exponential,weibull,exponential,loglogistic,-210.217,1,0.71139,0.12377,0
2892,loglogistic,exponential,exponential,exponential,lognormal,lognormal,-210.217,1,0.72907,0.12377,0
2893,weibull,loglogistic,lognormal,exponential,weibull,lognormal,-210.214,1,0.71139,0.08059,0
2894,lognormal,lognormal,exponential,weibull,exponential,lognormal,-210.21,1,0.76349,0.11943,0
2895,weibull,loglogistic,exponential,exponential,weibull,loglogistic,-210.207,1,0.71139,0.08059,0
2896,lognormal,exponential,weibull,weibull,exponential,loglogistic,-210.206,1,0.76349,0.12377,0
2897,weibull,weibull,loglogistic,exponential,weibull,lognormal,-210.204,1,0.71139,0.00042,0
2898,weibull,exponential,loglogistic,exponential,loglogistic,lognormal,-210.204,1,0.71139,0.12377,0
2899,loglogistic,lognormal,weibull,exponential,loglogistic,loglogistic,-210.201,1,0.72907,0.11943,0
2900,weibull,lognormal,lognormal,exponential,lognormal,lognormal,-210.198,1,0.71139,0.11943,0
2901,lognormal,loglogistic,weibull,exponential,weibull,loglogistic,-210.196,1,0.76349,0.08059,0
2902,weibull,lognormal,exponential,weibull,exponential,weibull,-210.195,1,0.71139,0.11943,0
2903,loglogistic,exponential,weibull,loglogistic,exponential,exponential,-210.194,1,0.72907,0.12377,0
2904,loglogistic,exponential,weibull,exponential,lognormal,weibull,-210.19,1,0.72907,0.12377,0
2905,weibull,lognormal,exponential,exponential,lognormal,loglogistic,-210.19,1,0.71139,0.11943,0
2906,lognormal,lognormal,weibull,weibull,exponential,weibull,-210.184,1,0.76349,0.11943,0
2907,loglogistic,exponential,loglogistic,weibull,exponential,weibull,-210.182,1,0.72907,0.12377,0
2908,lognormal,lognormal,weibull,exponential,lognormal,loglogistic,-210.179,1,0.76349,0.11943,0
2909,loglogistic,exponential,loglogistic,exponential,lognormal,loglogistic,-210.177,1,0.72907,0.12377,0
2910,loglogistic,weibull,weibull,exponential,weibull,lognormal,-210.177,1,0.72907,0.00042,0
2911,loglogistic,exponential,weibull,exponential,loglogistic,lognormal,-210.177,1,0.72907,0.12377,0
2912,loglogistic,loglogistic,loglogistic,exponential,weibull,weibull,-210.172,1,0.72907,0.08059,0
2913,lognormal,exponential,lognormal,exponential,weibull,loglogistic,-210.171,1,0.76349,0.12377,0
2914,lognormal,lognormal,loglogistic,weibull,exponential,loglogistic,-210.171,1,0.76349,0.11943,0
2915,weibull,exponential,exponential,exponential,lognormal,lognormal,-210.166,1,0.71139,0.12377,0
2916,loglogistic,lognormal,lognormal,weibull,exponential,lognormal,-210.162,1,0.72907,0.11943,0
2917,loglogistic,lognormal,loglogistic,loglogistic,exponential,exponential,-210.159,1,0.72907,0.11943,0
2918,lognormal,exponential,weibull,exponential,lognormal,lognormal,-210.156,1,0.76349,0.12377,0
2919,loglogistic,lognormal,loglogistic,exponential,lognormal,weibull,-210.155,1,0.72907,0.11943,0
2920,loglogistic,lognormal,exponential,weibull,exponential,loglogistic,-210.155,1,0.72907,0.11943,0
2921,weibull,lognormal,weibull,exponential,loglogistic,loglogistic,-210.15,1,0.71139,0.11943,0
2922,lognormal,lognormal,lognormal,exponential,weibull,weibull,-210.149,1,0.76349,0.11943,0
2923,lognormal,exponential,loglogistic,weibull,exponential,lognormal,-210.147,1,0.76349,0.12377,0
2924,weibull,exponential,weibull,loglogistic,exponential,exponential,-210.143,1,0.71139,0.12377,0
2925,loglogistic,lognormal,loglogistic,exponential,loglogistic,lognormal,-210.142,1,0.72907,0.11943,0
2926,weibull,exponential,weibull,exponential,lognormal,weibull,-210.14,1,0.71139,0.12377,0
2927,lognormal,weibull,lognormal,lognormal,exponential,loglogistic,-210.138,1,0.76349,0.00042,0
2928,lognormal,loglogistic,loglogistic,exponential,weibull,lognormal,-210.137,1,0.76349,0.08059,0
2929,weibull,exponential,loglogistic,weibull,exponential,weibull,-210.131,1,0.71139,0.12377,0
2930,loglogistic,exponential,exponential,weibull,exponential,lognormal,-210.131,1,0.72907,0.12377,0
2931,weibull,exponential,loglogistic,exponential,lognormal,loglogistic,-210.127,1,0.71139,0.12377,0
2932,weibull,weibull,weibull,exponential,weibull,lognormal,-210.127,1,0.71139,0.00042,0
2933,weibull,exponential,weibull,exponential,loglogistic,lognormal,-210.126,1,0.71139,0.12377,0
2934,weibull,loglogistic,loglogistic,exponential,weibull,weibull,-210.121,1,0.71139,0.08059,0
2935,loglogistic,loglogistic,exponential,exponential,weibull,lognormal,-210.12,1,0.72907,0.08059,0
2936,lognormal,lognormal,loglogistic,exponential,lognormal,lognormal,-210.12,1,0.76349,0.11943,0
2937,lognormal,exponential,exponential,exponential,weibull,weibull,-210.117,1,0.76349,0.12377,0
2938,weibull,lognormal,lognormal,weibull,exponential,lognormal,-210.112,1,0.71139,0.11943,0
2939,weibull,lognormal,loglogistic,loglogistic,exponential,exponential,-210.108,1,0.71139,0.11943,0
2940,loglogistic,exponential,weibull,weibull,exponential,weibull,-210.104,1,0.72907,0.12377,0
2941,weibull,lognormal,loglogistic,exponential,lognormal,weibull,-210.104,1,0.71139,0.11943,0
2942,weibull,lognormal,exponential,weibull,exponential,loglogistic,-210.104,1,0.71139,0.11943,0
2943,loglogistic,lognormal,exponential,exponential,lognormal,lognormal,-210.104,1,0.72907,0.11943,0
2944,loglogistic,exponential,weibull,exponential,lognormal,loglogistic,-210.1,1,0.72907,0.12377,0
2945,loglogistic,loglogistic,weibull,exponential,weibull,weibull,-210.094,1,0.72907,0.08059,0
2946,lognormal,lognormal,weibull,weibull,exponential,loglogistic,-210.094,1,0.76349,0.11943,0
2947,loglogistic,exponential,loglogistic,weibull,exponential,loglogistic,-210.091,1,0.72907,0.12377,0
2948,weibull,lognormal,loglogistic,exponential,loglogistic,lognormal,-210.091,1,0.71139,0.11943,0
2949,lognormal,weibull,exponential,lognormal,exponential,weibull,-210.084,1,0.76349,0.00042,0
2950,loglogistic,loglogistic,loglogistic,exponential,weibull,loglogistic,-210.081,1,0.72907,0.08059,0
2951,loglogistic,lognormal,weibull,loglogistic,exponential,exponential,-210.081,1,0.72907,0.11943,0
2952,weibull,exponential,exponential,weibull,exponential,lognormal,-210.08,1,0.71139,0.12377,0
2953,loglogistic,lognormal,weibull,exponential,lognormal,weibull,-210.077,1,0.72907,0.11943,0
2954,weibull,loglogistic,exponential,exponential,weibull,lognormal,-210.07,1,0.71139,0.08059,0
2955,lognormal,exponential,weibull,weibull,exponential,lognormal,-210.07,1,0.76349,0.12377,0
2956,loglogistic,exponential,lognormal,exponential,weibull,weibull,-210.069,1,0.72907,0.12377,0
2957,loglogistic,lognormal,loglogistic,weibull,exponential,weibull,-210.069,1,0.72907,0.11943,0
2958,loglogistic,lognormal,loglogistic,exponential,lognormal,loglogistic,-210.064,1,0.72907,0.11943,0
2959,loglogistic,lognormal,weibull,exponential,loglogistic,lognormal,-210.064,1,0.72907,0.11943,0
2960,lognormal,loglogistic,weibull,exponential,weibull,lognormal,-210.059,1,0.76349,0.08059,0
2961,lognormal,lognormal,lognormal,exponential,weibull,loglogistic,-210.059,1,0.76349,0.11943,0
2962,weibull,exponential,weibull,weibull,exponential,weibull,-210.054,1,0.71139,0.12377,0
2963,weibull,lognormal,exponential,exponential,lognormal,lognormal,-210.053,1,0.71139,0.11943,0
2964,weibull,exponential,weibull,exponential,lognormal,loglogistic,-210.049,1,0.71139,0.12377,0
2965,weibull,loglogistic,weibull,exponential,weibull,weibull,-210.044,1,0.71139,0.08059,0
2966,lognormal,lognormal,weibull,exponential,lognormal,lognormal,-210.043,1,0.76349,0.11943,0
2967,weibull,exponential,loglogistic,weibull,exponential,loglogistic,-210.041,1,0.71139,0.12377,0
2968,loglogistic,exponential,loglogistic,exponential,lognormal,lognormal,-210.041,1,0.72907,0.12377,0
2969,loglogistic,weibull,lognormal,lognormal,exponential,weibull,-210.036,1,0.72907,0.00042,0
2970,lognormal,exponential,lognormal,exponential,weibull,lognormal,-210.035,1,0.76349,0.12377,0
2971,lognormal,lognormal,loglogistic,weibull,exponential,lognormal,-210.034,1,0.76349,0.11943,0
2972,weibull,loglogistic,loglogistic,exponential,weibull,loglogistic,-210.031,1,0.71139,0.08059,0
2973,weibull,lognormal,weibull,loglogistic,exponential,exponential,-210.031,1,0.71139,0.11943,0
2974,lognormal,exponential,exponential,exponential,weibull,loglogistic,-210.027,1,0.76349,0.12377,0
2975,weibull,lognormal,weibull,exponential,lognormal,weibull,-210.027,1,0.71139,0.11943,0
2976,weibull,exponential,lognormal,exponential,weibull,weibull,-210.019,1,0.71139,0.12377,0
2977,weibull,lognormal,loglogistic,weibull,exponential,weibull,-210.019,1,0.71139,0.11943,0
2978,loglogistic,lognormal,exponential,weibull,exponential,lognormal,-210.018,1,0.72907,0.11943,0
2979,loglogistic,exponential,weibull,weibull,exponential,loglogistic,-210.014,1,0.72907,0.12377,0
2980,weibull,lognormal,loglogistic,exponential,lognormal,loglogistic,-210.014,1,0.71139,0.11943,0
2981,weibull,lognormal,weibull,exponential,loglogistic,lognormal,-210.014,1,0.71139,0.11943,0
2982,lognormal,lognormal,exponential,exponential,weibull,weibull,-210.005,1,0.76349,0.11943,0
2983,loglogistic,loglogistic,weibull,exponential,weibull,loglogistic,-210.004,1,0.72907,0.08059,0
2984,lognormal,weibull,lognormal,lognormal,exponential,lognormal,-210.001,1,0.76349,0.00042,0
2985,lognormal,weibull,exponential,lognormal,exponential,loglogistic,-209.993,1,0.76349,0.00042,0
2986,loglogistic,lognormal,weibull,weibull,exponential,weibull,-209.992,1,0.72907,0.11943,0
2987,weibull,exponential,loglogistic,exponential,lognormal,lognormal,-209.99,1,0.71139,0.12377,0
2988,loglogistic,lognormal,weibull,exponential,lognormal,loglogistic,-209.987,1,0.72907,0.11943,0
2989,weibull,weibull,lognormal,lognormal,exponential,weibull,-209.985,1,0.71139,0.00042,0
2990,loglogistic,exponential,lognormal,exponential,weibull,loglogistic,-209.979,1,0.72907,0.12377,0
2991,loglogistic,lognormal,loglogistic,weibull,exponential,loglogistic,-209.979,1,0.72907,0.11943,0
2992,weibull,lognormal,exponential,weibull,exponential,lognormal,-209.967,1,0.71139,0.11943,0
2993,weibull,exponential,weibull,weibull,exponential,loglogistic,-209.963,1,0.71139,0.12377,0
2994,loglogistic,exponential,weibull,exponential,lognormal,lognormal,-209.963,1,0.72907,0.12377,0
2995,lognormal,lognormal,weibull,weibull,exponential,lognormal,-209.957,1,0.76349,0.11943,0
2996,loglogistic,lognormal,lognormal,exponential,weibull,weibull,-209.957,1,0.72907,0.11943,0
2997,loglogistic,exponential,loglogistic,weibull,exponential,lognormal,-209.955,1,0.72907,0.12377,0
2998,weibull,loglogistic,weibull,exponential,weibull,loglogistic,-209.953,1,0.71139,0.08059,0
2999,lognormal,weibull,lognormal,exponential,loglogistic,exponential,-209.949,1,0.76349,0.00042,0
3000,loglogistic,weibull,lognormal,lognormal,exponential,loglogistic,-209.945,1,0.72907,0.00042,0
3001,loglogistic,loglogistic,loglogistic,exponential,weibull,lognormal,-209.945,1,0.72907,0.08059,0
3002,lognormal,exponential,loglogistic,exponential,weibull,weibull,-209.941,1,0.76349,0.12377,0
3003,weibull,lognormal,weibull,weibull,exponential,weibull,-209.941,1,0.71139,0.11943,0
3004,weibull,lognormal,weibull,exponential,lognormal,loglogistic,-209.936,1,0.71139,0.11943,0
3005,weibull,exponential,lognormal,exponential,weibull,loglogistic,-209.928,1,0.71139,0.12377,0
3006,weibull,lognormal,loglogistic,weibull,exponential,loglogistic,-209.928,1,0.71139,0.11943,0
3007,loglogistic,lognormal,loglogistic,exponential,lognormal,lognormal,-209.928,1,0.72907,0.11943,0
3008,loglogistic,exponential,exponential,exponential,weibull,weibull,-209.925,1,0.72907,0.12377,0
3009,lognormal,lognormal,lognormal,exponential,weibull,lognormal,-209.922,1,0.76349,0.11943,0
3010,lognormal,loglogistic,lognormal,lognormal,exponential,weibull,-209.918,1,0.76349,0.08059,0
3011,lognormal,lognormal,exponential,exponential,weibull,loglogistic,-209.914,1,0.76349,0.11943,0
3012,weibull,exponential,weibull,exponential,lognormal,lognormal,-209.913,1,0.71139,0.12377,0
3013,lognormal,weibull,loglogistic,lognormal,exponential,weibull,-209.908,1,0.76349,0.00042,0
3014,weibull,lognormal,lognormal,exponential,weibull,weibull,-209.906,1,0.71139,0.11943,0
3015,weibull,exponential,loglogistic,weibull,exponential,lognormal,-209.904,1,0.71139,0.12377,0
3016,loglogistic,lognormal,weibull,weibull,exponential,loglogistic,-209.901,1,0.72907,0.11943,0
3017,weibull,weibull,lognormal,lognormal,exponential,loglogistic,-209.895,1,0.71139,0.00042,0
3018,weibull,loglogistic,loglogistic,exponential,weibull,lognormal,-209.894,1,0.71139,0.08059,0
3019,loglogistic,weibull,exponential,lognormal,exponential,weibull,-209.891,1,0.72907,0.00042,0
3020,lognormal,exponential,exponential,exponential,weibull,lognormal,-209.89,1,0.76349,0.12377,0
3021,loglogistic,exponential,weibull,weibull,exponential,lognormal,-209.877,1,0.72907,0.12377,0
3022,weibull,lognormal,loglogistic,exponential,lognormal,lognormal,-209.877,1,0.71139,0.11943,0
3023,weibull,exponential,exponential,exponential,weibull,weibull,-209.875,1,0.71139,0.12377,0
3024,loglogistic,loglogistic,weibull,exponential,weibull,lognormal,-209.867,1,0.72907,0.08059,0
3025,loglogistic,lognormal,lognormal,exponential,weibull,loglogistic,-209.866,1,0.72907,0.11943,0
3026,lognormal,exponential,weibull,exponential,weibull,weibull,-209.864,1,0.76349,0.12377,0
3027,lognormal,weibull,exponential,lognormal,exponential,lognormal,-209.857,1,0.76349,0.00042,0
3028,lognormal,exponential,loglogistic,exponential,weibull,loglogistic,-209.851,1,0.76349,0.12377,0
3029,weibull,lognormal,weibull,weibull,exponential,loglogistic,-209.851,1,0.71139,0.11943,0
3030,loglogistic,lognormal,weibull,exponential,lognormal,lognormal,-209.85,1,0.72907,0.11943,0
3031,loglogistic,exponential,lognormal,exponential,weibull,lognormal,-209.842,1,0.72907,0.12377,0
3032,loglogistic,lognormal,loglogistic,weibull,exponential,lognormal,-209.842,1,0.72907,0.11943,0
3033,weibull,weibull,exponential,lognormal,exponential,weibull,-209.841,1,0.71139,0.00042,0
3034,loglogistic,exponential,exponential,exponential,weibull,loglogistic,-209.835,1,0.72907,0.12377,0
3035,lognormal,weibull,weibull,lognormal,exponential,weibull,-209.83,1,0.76349,0.00042,0
3036,lognormal,lognormal,loglogistic,exponential,weibull,weibull,-209.829,1,0.76349,0.11943,0
3037,lognormal,loglogistic,lognormal,lognormal,exponential,loglogistic,-209.827,1,0.76349,0.08059,0
3038,weibull,exponential,weibull,weibull,exponential,lognormal,-209.827,1,0.71139,0.12377,0
3039,lognormal,weibull,loglogistic,lognormal,exponential,loglogistic,-209.817,1,0.76349,0.00042,0
3040,weibull,loglogistic,weibull,exponential,weibull,lognormal,-209.816,1,0.71139,0.08059,0
3041,weibull,lognormal,lognormal,exponential,weibull,loglogistic,-209.816,1,0.71139,0.11943,0
3042,loglogistic,lognormal,exponential,exponential,weibull,weibull,-209.812,1,0.72907,0.11943,0
3043,loglogistic,weibull,lognormal,lognormal,exponential,lognormal,-209.809,1,0.72907,0.00042,0
3044,lognormal,weibull,exponential,exponential,loglogistic,exponential,-209.804,1,0.76349,0.00042,0
3045,loglogistic,weibull,exponential,lognormal,exponential,loglogistic,-209.801,1,0.72907,0.00042,0
3046,weibull,lognormal,weibull,exponential,lognormal,lognormal,-209.8,1,0.71139,0.11943,0
3047,weibull,exponential,lognormal,exponential,weibull,lognormal,-209.792,1,0.71139,0.12377,0
3048,weibull,lognormal,loglogistic,weibull,exponential,lognormal,-209.791,1,0.71139,0.11943,0
3049,weibull,exponential,exponential,exponential,weibull,loglogistic,-209.784,1,0.71139,0.12377,0
3050,lognormal,lognormal,exponential,exponential,weibull,lognormal,-209.777,1,0.76349,0.11943,0
3051,lognormal,exponential,weibull,exponential,weibull,loglogistic,-209.774,1,0.76349,0.12377,0
3052,lognormal,loglogistic,exponential,lognormal,exponential,weibull,-209.773,1,0.76349,0.08059,0
3053,loglogistic,lognormal,weibull,weibull,exponential,lognormal,-209.765,1,0.72907,0.11943,0
3054,weibull,lognormal,exponential,exponential,weibull,weibull,-209.762,1,0.71139,0.11943,0
3055,weibull,weibull,lognormal,lognormal,exponential,lognormal,-209.758,1,0.71139,0.00042,0
3056,loglogistic,weibull,lognormal,exponential,loglogistic,exponential,-209.756,1,0.72907,0.00042,0
3057,lognormal,lognormal,weibull,exponential,weibull,weibull,-209.751,1,0.76349,0.11943,0
3058,weibull,weibull,exponential,lognormal,exponential,loglogistic,-209.75,1,0.71139,0.00042,0
3059,loglogistic,exponential,loglogistic,exponential,weibull,weibull,-209.749,1,0.72907,0.12377,0
3060,lognormal,weibull,weibull,lognormal,exponential,loglogistic,-209.74,1,0.76349,0.00042,0
3061,lognormal,lognormal,loglogistic,exponential,weibull,loglogistic,-209.738,1,0.76349,0.11943,0
3062,lognormal,weibull,lognormal,exponential,lognormal,exponential,-209.735,1,0.76349,0.00042,0
3063,loglogistic,lognormal,lognormal,exponential,weibull,lognormal,-209.73,1,0.72907,0.11943,0
3064,loglogistic,loglogistic,lognormal,lognormal,exponential,weibull,-209.725,1,0.72907,0.08059,0
3065,loglogistic,lognormal,exponential,exponential,weibull,loglogistic,-209.722,1,0.72907,0.11943,0
3066,loglogistic,weibull,loglogistic,lognormal,exponential,weibull,-209.715,1,0.72907,0.00042,0
3067,lognormal,exponential,loglogistic,exponential,weibull,lognormal,-209.714,1,0.76349,0.12377,0
3068,weibull,lognormal,weibull,weibull,exponential,lognormal,-209.714,1,0.71139,0.11943,0
3069,weibull,weibull,lognormal,exponential,loglogistic,exponential,-209.706,1,0.71139,0.00042,0
3070,weibull,exponential,loglogistic,exponential,weibull,weibull,-209.699,1,0.71139,0.12377,0
3071,loglogistic,exponential,exponential,exponential,weibull,lognormal,-209.698,1,0.72907,0.12377,0
3072,lognormal,loglogistic,lognormal,lognormal,exponential,lognormal,-209.691,1,0.76349,0.08059,0
3073,lognormal,loglogistic,exponential,lognormal,exponential,loglogistic,-209.683,1,0.76349,0.08059,0
3074,lognormal,weibull,loglogistic,lognormal,exponential,lognormal,-209.681,1,0.76349,0.00042,0
3075,weibull,lognormal,lognormal,exponential,weibull,lognormal,-209.679,1,0.71139,0.11943,0
3076,weibull,loglogistic,lognormal,lognormal,exponential,weibull,-209.675,1,0.71139,0.08059,0
3077,loglogistic,exponential,weibull,exponential,weibull,weibull,-209.672,1,0.72907,0.12377,0
3078,weibull,lognormal,exponential,exponential,weibull,loglogistic,-209.671,1,0.71139,0.11943,0
3079,weibull,weibull,loglogistic,lognormal,exponential,weibull,-209.665,1,0.71139,0.00042,0
3080,loglogistic,weibull,exponential,lognormal,exponential,lognormal,-209.664,1,0.72907,0.00042,0
3081,lognormal,lognormal,weibull,exponential,weibull,loglogistic,-209.661,1,0.76349,0.11943,0
3082,loglogistic,exponential,loglogistic,exponential,weibull,loglogistic,-209.659,1,0.72907,0.12377,0
3083,lognormal,weibull,lognormal,weibull,exponential,exponential,-209.649,1,0.76349,0.00042,0
3084,weibull,exponential,exponential,exponential,weibull,lognormal,-209.647,1,0.71139,0.12377,0
3085,lognormal,loglogistic,lognormal,exponential,loglogistic,exponential,-209.638,1,0.76349,0.08059,0
3086,loglogistic,weibull,weibull,lognormal,exponential,weibull,-209.638,1,0.72907,0.00042,0
3087,lognormal,exponential,weibull,exponential,weibull,lognormal,-209.637,1,0.76349,0.12377,0
3088,loglogistic,lognormal,loglogistic,exponential,weibull,weibull,-209.636,1,0.72907,0.11943,0
3089,loglogistic,loglogistic,lognormal,lognormal,exponential,loglogistic,-209.635,1,0.72907,0.08059,0
3090,lognormal,weibull,loglogistic,exponential,loglogistic,exponential,-209.628,1,0.76349,0.00042,0
3091,loglogistic,weibull,loglogistic,lognormal,exponential,loglogistic,-209.625,1,0.72907,0.00042,0
3092,weibull,exponential,weibull,exponential,weibull,weibull,-209.621,1,0.71139,0.12377,0
3093,weibull,weibull,exponential,lognormal,exponential,lognormal,-209.614,1,0.71139,0.00042,0
3094,loglogistic,weibull,exponential,exponential,loglogistic,exponential,-209.612,1,0.72907,0.00042,0
3095,weibull,exponential,loglogistic,exponential,weibull,loglogistic,-209.608,1,0.71139,0.12377,0
3096,lognormal,weibull,weibull,lognormal,exponential,lognormal,-209.603,1,0.76349,0.00042,0
3097,lognormal,lognormal,loglogistic,exponential,weibull,lognormal,-209.602,1,0.76349,0.11943,0
3098,lognormal,loglogistic,loglogistic,lognormal,exponential,weibull,-209.597,1,0.76349,0.08059,0
3099,lognormal,weibull,exponential,exponential,lognormal,exponential,-209.59,1,0.76349,0.00042,0
3100,weibull,weibull,weibull,lognormal,exponential,weibull,-209.587,1,0.71139,0.00042,0
3101,weibull,lognormal,loglogistic,exponential,weibull,weibull,-209.586,1,0.71139,0.11943,0
3102,loglogistic,lognormal,exponential,exponential,weibull,lognormal,-209.585,1,0.72907,0.11943,0
3103,weibull,loglogistic,lognormal,lognormal,exponential,loglogistic,-209.584,1,0.71139,0.08059,0
3104,loglogistic,exponential,weibull,exponential,weibull,loglogistic,-209.581,1,0.72907,0.12377,0
3105,loglogistic,loglogistic,exponential,lognormal,exponential,weibull,-209.581,1,0.72907,0.08059,0
3106,weibull,weibull,loglogistic,lognormal,exponential,loglogistic,-209.574,1,0.71139,0.00042,0
3107,weibull,weibull,exponential,exponential,loglogistic,exponential,-209.561,1,0.71139,0.00042,0
3108,loglogistic,lognormal,weibull,exponential,weibull,weibull,-209.559,1,0.72907,0.11943,0
3109,lognormal,weibull,weibull,exponential,loglogistic,exponential,-209.551,1,0.76349,0.00042,0
3110,loglogistic,weibull,weibull,lognormal,exponential,loglogistic,-209.547,1,0.72907,0.00042,0
3111,lognormal,loglogistic,exponential,lognormal,exponential,lognormal,-209.546,1,0.76349,0.08059,0
3112,loglogistic,lognormal,loglogistic,exponential,weibull,loglogistic,-209.546,1,0.72907,0.11943,0
3113,loglogistic,weibull,lognormal,exponential,lognormal,exponential,-209.542,1,0.72907,0.00042,0
3114,weibull,lognormal,exponential,exponential,weibull,lognormal,-209.535,1,0.71139,0.11943,0
3115,weibull,exponential,weibull,exponential,weibull,loglogistic,-209.531,1,0.71139,0.12377,0
3116,weibull,loglogistic,exponential,lognormal,exponential,weibull,-209.531,1,0.71139,0.08059,0
3117,lognormal,lognormal,weibull,exponential,weibull,lognormal,-209.524,1,0.76349,0.11943,0
3118,loglogistic,exponential,loglogistic,exponential,weibull,lognormal,-209.522,1,0.72907,0.12377,0
3119,lognormal,loglogistic,weibull,lognormal,exponential,weibull,-209.52,1,0.76349,0.08059,0
3120,weibull,lognormal,weibull,exponential,weibull,weibull,-209.508,1,0.71139,0.11943,0
3121,lognormal,loglogistic,loglogistic,lognormal,exponential,loglogistic,-209.507,1,0.76349,0.08059,0
3122,lognormal,weibull,exponential,weibull,exponential,exponential,-209.505,1,0.76349,0.00042,0
3123,loglogistic,loglogistic,lognormal,lognormal,exponential,lognormal,-209.498,1,0.72907,0.08059,0
3124,weibull,weibull,weibull,lognormal,exponential,loglogistic,-209.497,1,0.71139,0.00042,0
3125,lognormal,exponential,lognormal,lognormal,exponential,weibull,-209.495,1,0.76349,0.12377,0
3126,weibull,lognormal,loglogistic,exponential,weibull,loglogistic,-209.495,1,0.71139,0.11943,0
3127,lognormal,loglogistic,exponential,exponential,loglogistic,exponential,-209.494,1,0.76349,0.08059,0
3128,weibull,weibull,lognormal,exponential,lognormal,exponential,-209.492,1,0.71139,0.00042,0
3129,loglogistic,loglogistic,exponential,lognormal,exponential,loglogistic,-209.491,1,0.72907,0.08059,0
3130,loglogistic,weibull,loglogistic,lognormal,exponential,lognormal,-209.488,1,0.72907,0.00042,0
3131,weibull,exponential,loglogistic,exponential,weibull,lognormal,-209.472,1,0.71139,0.12377,0
3132,loglogistic,lognormal,weibull,exponential,weibull,loglogistic,-209.468,1,0.72907,0.11943,0
3133,loglogistic,weibull,lognormal,weibull,exponential,exponential,-209.457,1,0.72907,0.00042,0
3134,weibull,loglogistic,lognormal,lognormal,exponential,lognormal,-209.448,1,0.71139,0.08059,0
3135,loglogistic,loglogistic,lognormal,exponential,loglogistic,exponential,-209.446,1,0.72907,0.08059,0
3136,loglogistic,exponential,weibull,exponential,weibull,lognormal,-209.445,1,0.72907,0.12377,0
3137,weibull,loglogistic,exponential,lognormal,exponential,loglogistic,-209.44,1,0.71139,0.08059,0
3138,weibull,weibull,loglogistic,lognormal,exponential,lognormal,-209.438,1,0.71139,0.00042,0
3139,loglogistic,weibull,loglogistic,exponential,loglogistic,exponential,-209.436,1,0.72907,0.00042,0
3140,lognormal,loglogistic,weibull,lognormal,exponential,loglogistic,-209.43,1,0.76349,0.08059,0
3141,lognormal,loglogistic,lognormal,exponential,lognormal,exponential,-209.425,1,0.76349,0.08059,0
3142,weibull,lognormal,weibull,exponential,weibull,loglogistic,-209.418,1,0.71139,0.11943,0
3143,lognormal,weibull,loglogistic,exponential,lognormal,exponential,-209.414,1,0.76349,0.00042,0
3144,loglogistic,weibull,weibull,lognormal,exponential,lognormal,-209.411,1,0.72907,0.00042,0
3145,loglogistic,lognormal,loglogistic,exponential,weibull,lognormal,-209.409,1,0.72907,0.11943,0
3146,weibull,weibull,lognormal,weibull,exponential,exponential,-209.406,1,0.71139,0.00042,0
3147,loglogistic,loglogistic,loglogistic,lognormal,exponential,weibull,-209.405,1,0.72907,0.08059,0
3148,lognormal,exponential,lognormal,lognormal,exponential,loglogistic,-209.405,1,0.76349,0.12377,0
3149,loglogistic,weibull,exponential,exponential,lognormal,exponential,-209.398,1,0.72907,0.00042,0
3150,weibull,loglogistic,lognormal,exponential,loglogistic,exponential,-209.395,1,0.71139,0.08059,0
3151,weibull,exponential,weibull,exponential,weibull,lognormal,-209.394,1,0.71139,0.12377,0
3152,weibull,weibull,loglogistic,exponential,loglogistic,exponential,-209.385,1,0.71139,0.00042,0
3153,lognormal,lognormal,lognormal,lognormal,exponential,weibull,-209.382,1,0.76349,0.11943,0
3154,lognormal,loglogistic,loglogistic,lognormal,exponential,lognormal,-209.37,1,0.76349,0.08059,0
3155,weibull,weibull,weibull,lognormal,exponential,lognormal,-209.36,1,0.71139,0.00042,0
3156,weibull,lognormal,loglogistic,exponential,weibull,lognormal,-209.359,1,0.71139,0.11943,0
3157,loglogistic,weibull,weibull,exponential,loglogistic,exponential,-209.358,1,0.72907,0.00042,0
3158,weibull,loglogistic,loglogistic,lognormal,exponential,weibull,-209.355,1,0.71139,0.08059,0
3159,loglogistic,loglogistic,exponential,lognormal,exponential,lognormal,-209.354,1,0.72907,0.08059,0
3160,lognormal,exponential,exponential,lognormal,exponential,weibull,-209.351,1,0.76349,0.12377,0
3161,weibull,weibull,exponential,exponential,lognormal,exponential,-209.348,1,0.71139,0.00042,0
3162,lognormal,loglogistic,lognormal,weibull,exponential,exponential,-209.339,1,0.76349,0.08059,0
3163,lognormal,weibull,weibull,exponential,lognormal,exponential,-209.337,1,0.76349,0.00042,0
3164,loglogistic,lognormal,weibull,exponential,weibull,lognormal,-209.332,1,0.72907,0.11943,0
3165,lognormal,weibull,loglogistic,weibull,exponential,exponential,-209.329,1,0.76349,0.00042,0
3166,loglogistic,loglogistic,weibull,lognormal,exponential,weibull,-209.328,1,0.72907,0.08059,0
3167,lognormal,loglogistic,loglogistic,exponential,loglogistic,exponential,-209.318,1,0.76349,0.08059,0
3168,loglogistic,loglogistic,loglogistic,lognormal,exponential,loglogistic,-209.315,1,0.72907,0.08059,0
3169,loglogistic,weibull,exponential,weibull,exponential,exponential,-209.312,1,0.72907,0.00042,0
3170,weibull,weibull,weibull,exponential,loglogistic,exponential,-209.308,1,0.71139,0.00042,0
3171,weibull,loglogistic,exponential,lognormal,exponential,lognormal,-209.303,1,0.71139,0.08059,0
3172,loglogistic,exponential,lognormal,lognormal,exponential,weibull,-209.303,1,0.72907,0.12377,0
3173,loglogistic,loglogistic,exponential,exponential,loglogistic,exponential,-209.302,1,0.72907,0.08059,0
3174,lognormal,loglogistic,weibull,lognormal,exponential,lognormal,-209.293,1,0.76349,0.08059,0
3175,lognormal,lognormal,lognormal,lognormal,exponential,loglogistic,-209.292,1,0.76349,0.11943,0
3176,weibull,lognormal,weibull,exponential,weibull,lognormal,-209.281,1,0.71139,0.11943,0
3177,lognormal,loglogistic,exponential,exponential,lognormal,exponential,-209.28,1,0.76349,0.08059,0
3178,weibull,loglogistic,weibull,lognormal,exponential,weibull,-209.277,1,0.71139,0.08059,0
3179,lognormal,exponential,lognormal,lognormal,exponential,lognormal,-209.268,1,0.76349,0.12377,0
3180,weibull,loglogistic,loglogistic,lognormal,exponential,loglogistic,-209.264,1,0.71139,0.08059,0
3181,weibull,weibull,exponential,weibull,exponential,exponential,-209.262,1,0.71139,0.00042,0
3182,lognormal,exponential,exponential,lognormal,exponential,loglogistic,-209.261,1,0.76349,0.12377,0
3183,weibull,exponential,lognormal,lognormal,exponential,weibull,-209.252,1,0.71139,0.12377,0
3184,lognormal,weibull,weibull,weibull,exponential,exponential,-209.251,1,0.76349,0.00042,0
3185,weibull,loglogistic,exponential,exponential,loglogistic,exponential,-209.251,1,0.71139,0.08059,0
3186,lognormal,loglogistic,weibull,exponential,loglogistic,exponential,-209.241,1,0.76349,0.08059,0
3187,lognormal,lognormal,exponential,lognormal,exponential,weibull,-209.238,1,0.76349,0.11943,0
3188,loglogistic,loglogistic,weibull,lognormal,exponential,loglogistic,-209.237,1,0.72907,0.08059,0
3189,loglogistic,loglogistic,lognormal,exponential,lognormal,exponential,-209.232,1,0.72907,0.08059,0
3190,loglogistic,weibull,loglogistic,exponential,lognormal,exponential,-209.222,1,0.72907,0.00042,0
3191,lognormal,weibull,lognormal,exponential,weibull,exponential,-209.216,1,0.76349,0.00042,0
3192,lognormal,exponential,lognormal,exponential,loglogistic,exponential,-209.216,1,0.76349,0.12377,0
3193,loglogistic,exponential,lognormal,lognormal,exponential,loglogistic,-209.213,1,0.72907,0.12377,0
3194,lognormal,loglogistic,exponential,weibull,exponential,exponential,-209.194,1,0.76349,0.08059,0
3195,loglogistic,lognormal,lognormal,lognormal,exponential,weibull,-209.19,1,0.72907,0.11943,0
3196,weibull,loglogistic,weibull,lognormal,exponential,loglogistic,-209.187,1,0.71139,0.08059,0
3197,weibull,loglogistic,lognormal,exponential,lognormal,exponential,-209.182,1,0.71139,0.08059,0
3198,loglogistic,loglogistic,loglogistic,lognormal,exponential,lognormal,-209.178,1,0.72907,0.08059,0
3199,lognormal,exponential,loglogistic,lognormal,exponential,weibull,-209.175,1,0.76349,0.12377,0
3200,weibull,weibull,loglogistic,exponential,lognormal,exponential,-209.172,1,0.71139,0.00042,0
3201,weibull,exponential,lognormal,lognormal,exponential,loglogistic,-209.162,1,0.71139,0.12377,0
3202,loglogistic,exponential,exponential,lognormal,exponential,weibull,-209.159,1,0.72907,0.12377,0
3203,lognormal,lognormal,lognormal,lognormal,exponential,lognormal,-209.155,1,0.76349,0.11943,0
3204,lognormal,lognormal,exponential,lognormal,exponential,loglogistic,-209.148,1,0.76349,0.11943,0
3205,loglogistic,loglogistic,lognormal,weibull,exponential,exponential,-209.146,1,0.72907,0.08059,0
3206,loglogistic,weibull,weibull,exponential,lognormal,exponential,-209.145,1,0.72907,0.00042,0
3207,weibull,lognormal,lognormal,lognormal,exponential,weibull,-209.14,1,0.71139,0.11943,0
3208,loglogistic,weibull,loglogistic,weibull,exponential,exponential,-209.136,1,0.72907,0.00042,0
3209,weibull,loglogistic,loglogistic,lognormal,exponential,lognormal,-209.127,1,0.71139,0.08059,0
3210,loglogistic,loglogistic,loglogistic,exponential,loglogistic,exponential,-209.126,1,0.72907,0.08059,0
3211,lognormal,exponential,exponential,lognormal,exponential,lognormal,-209.124,1,0.76349,0.12377,0
3212,weibull,exponential,exponential,lognormal,exponential,weibull,-209.108,1,0.71139,0.12377,0
3213,lognormal,loglogistic,loglogistic,exponential,lognormal,exponential,-209.104,1,0.76349,0.08059,0
3214,lognormal,lognormal,lognormal,exponential,loglogistic,exponential,-209.103,1,0.76349,0.11943,0
3215,loglogistic,loglogistic,weibull,lognormal,exponential,lognormal,-209.101,1,0.72907,0.08059,0
3216,loglogistic,lognormal,lognormal,lognormal,exponential,loglogistic,-209.1,1,0.72907,0.11943,0
3217,lognormal,exponential,weibull,lognormal,exponential,weibull,-209.098,1,0.76349,0.12377,0
3218,weibull,loglogistic,lognormal,weibull,exponential,exponential,-209.096,1,0.71139,0.08059,0
3219,weibull,weibull,weibull,exponential,lognormal,exponential,-209.094,1,0.71139,0.00042,0
3220,loglogistic,loglogistic,exponential,exponential,lognormal,exponential,-209.088,1,0.72907,0.08059,0
3221,weibull,weibull,loglogistic,weibull,exponential,exponential,-209.086,1,0.71139,0.00042,0
3222,lognormal,exponential,loglogistic,lognormal,exponential,loglogistic,-209.085,1,0.76349,0.12377,0
3223,loglogistic,exponential,lognormal,lognormal,exponential,lognormal,-209.076,1,0.72907,0.12377,0
3224,weibull,loglogistic,loglogistic,exponential,loglogistic,exponential,-209.075,1,0.71139,0.08059,0
3225,lognormal,weibull,exponential,exponential,weibull,exponential,-209.072,1,0.76349,0.00042,0
3226,lognormal,exponential,exponential,exponential,loglogistic,exponential,-209.072,1,0.76349,0.12377,0
3227,loglogistic,exponential,exponential,lognormal,exponential,loglogistic,-209.068,1,0.72907,0.12377,0
3228,lognormal,lognormal,loglogistic,lognormal,exponential,weibull,-209.062,1,0.76349,0.11943,0
3229,loglogistic,weibull,weibull,weibull,exponential,exponential,-209.059,1,0.72907,0.00042,0
3230,weibull,loglogistic,weibull,lognormal,exponential,lognormal,-209.05,1,0.71139,0.08059,0
3231,weibull,lognormal,lognormal,lognormal,exponential,loglogistic,-209.049,1,0.71139,0.11943,0
3232,loglogistic,loglogistic,weibull,exponential,loglogistic,exponential,-209.048,1,0.72907,0.08059,0
3233,loglogistic,lognormal,exponential,lognormal,exponential,weibull,-209.046,1,0.72907,0.11943,0
3234,weibull,loglogistic,exponential,exponential,lognormal,exponential,-209.037,1,0.71139,0.08059,0
3235,lognormal,loglogistic,weibull,exponential,lognormal,exponential,-209.027,1,0.76349,0.08059,0
3236,weibull,exponential,lognormal,lognormal,exponential,lognormal,-209.025,1,0.71139,0.12377,0
3237,loglogistic,weibull,lognormal,exponential,weibull,exponential,-209.024,1,0.72907,0.00042,0
3238,loglogistic,exponential,lognormal,exponential,loglogistic,exponential,-209.024,1,0.72907,0.12377,0
3239,lognormal,loglogistic,loglogistic,weibull,exponential,exponential,-209.018,1,0.76349,0.08059,0
3240,weibull,exponential,exponential,lognormal,exponential,loglogistic,-209.018,1,0.71139,0.12377,0
3241,lognormal,lognormal,exponential,lognormal,exponential,lognormal,-209.011,1,0.76349,0.11943,0
3242,weibull,weibull,weibull,weibull,exponential,exponential,-209.008,1,0.71139,0.00042,0
3243,lognormal,exponential,weibull,lognormal,exponential,loglogistic,-209.007,1,0.76349,0.12377,0
3244,lognormal,exponential,lognormal,exponential,lognormal,exponential,-209.002,1,0.76349,0.12377,0
3245,loglogistic,loglogistic,exponential,weibull,exponential,exponential,-209.002,1,0.72907,0.08059,0
3246,weibull,loglogistic,weibull,exponential,loglogistic,exponential,-208.998,1,0.71139,0.08059,0
3247,weibull,lognormal,exponential,lognormal,exponential,weibull,-208.995,1,0.71139,0.11943,0
3248,lognormal,lognormal,weibull,lognormal,exponential,weibull,-208.985,1,0.76349,0.11943,0
3249,loglogistic,exponential,loglogistic,lognormal,exponential,weibull,-208.983,1,0.72907,0.12377,0
3250,weibull,weibull,lognormal,exponential,weibull,exponential,-208.973,1,0.71139,0.00042,0
3251,weibull,exponential,lognormal,exponential,loglogistic,exponential,-208.973,1,0.71139,0.12377,0
3252,lognormal,lognormal,loglogistic,lognormal,exponential,loglogistic,-208.972,1,0.76349,0.11943,0
3253,loglogistic,lognormal,lognormal,lognormal,exponential,lognormal,-208.963,1,0.72907,0.11943,0
3254,lognormal,lognormal,exponential,exponential,loglogistic,exponential,-208.959,1,0.76349,0.11943,0
3255,loglogistic,lognormal,exponential,lognormal,exponential,loglogistic,-208.955,1,0.72907,0.11943,0
3256,weibull,loglogistic,exponential,weibull,exponential,exponential,-208.951,1,0.71139,0.08059,0
3257,lognormal,exponential,loglogistic,lognormal,exponential,lognormal,-208.948,1,0.76349,0.12377,0
3258,lognormal,loglogistic,weibull,weibull,exponential,exponential,-208.941,1,0.76349,0.08059,0
3259,weibull,exponential,loglogistic,lognormal,exponential,weibull,-208.932,1,0.71139,0.12377,0
3260,loglogistic,exponential,exponential,lognormal,exponential,lognormal,-208.932,1,0.72907,0.12377,0
3261,lognormal,exponential,lognormal,weibull,exponential,exponential,-208.916,1,0.76349,0.12377,0
3262,weibull,lognormal,lognormal,lognormal,exponential,lognormal,-208.913,1,0.71139,0.11943,0
3263,loglogistic,loglogistic,loglogistic,exponential,lognormal,exponential,-208.912,1,0.72907,0.08059,0
3264,loglogistic,lognormal,lognormal,exponential,loglogistic,exponential,-208.911,1,0.72907,0.11943,0
3265,lognormal,loglogistic,lognormal,exponential,weibull,exponential,-208.906,1,0.76349,0.08059,0
3266,loglogistic,exponential,weibull,lognormal,exponential,weibull,-208.905,1,0.72907,0.12377,0
3267,weibull,lognormal,exponential,lognormal,exponential,loglogistic,-208.905,1,0.71139,0.11943,0
3268,lognormal,weibull,loglogistic,exponential,weibull,exponential,-208.896,1,0.76349,0.00042,0
3269,lognormal,exponential,loglogistic,exponential,loglogistic,exponential,-208.896,1,0.76349,0.12377,0
3270,lognormal,lognormal,weibull,lognormal,exponential,loglogistic,-208.894,1,0.76349,0.11943,0
3271,loglogistic,exponential,loglogistic,lognormal,exponential,loglogistic,-208.892,1,0.72907,0.12377,0
3272,lognormal,lognormal,lognormal,exponential,lognormal,exponential,-208.889,1,0.76349,0.11943,0
3273,weibull,exponential,exponential,lognormal,exponential,lognormal,-208.881,1,0.71139,0.12377,0
3274,loglogistic,weibull,exponential,exponential,weibull,exponential,-208.879,1,0.72907,0.00042,0
3275,loglogistic,exponential,exponential,exponential,loglogistic,exponential,-208.879,1,0.72907,0.12377,0
3276,lognormal,exponential,weibull,lognormal,exponential,lognormal,-208.87,1,0.76349,0.12377,0
3277,loglogistic,lognormal,loglogistic,lognormal,exponential,weibull,-208.87,1,0.72907,0.11943,0
3278,weibull,loglogistic,loglogistic,exponential,lognormal,exponential,-208.861,1,0.71139,0.08059,0
3279,weibull,lognormal,lognormal,exponential,loglogistic,exponential,-208.86,1,0.71139,0.11943,0
3280,lognormal,exponential,exponential,exponential,lognormal,exponential,-208.858,1,0.76349,0.12377,0
3281,weibull,exponential,weibull,lognormal,exponential,weibull,-208.855,1,0.71139,0.12377,0
3282,weibull,exponential,loglogistic,lognormal,exponential,loglogistic,-208.842,1,0.71139,0.12377,0
3283,lognormal,lognormal,loglogistic,lognormal,exponential,lognormal,-208.835,1,0.76349,0.11943,0
3284,loglogistic,loglogistic,weibull,exponential,lognormal,exponential,-208.834,1,0.72907,0.08059,0
3285,weibull,weibull,exponential,exponential,weibull,exponential,-208.829,1,0.71139,0.00042,0
3286,weibull,exponential,exponential,exponential,loglogistic,exponential,-208.829,1,0.71139,0.12377,0
3287,loglogistic,loglogistic,loglogistic,weibull,exponential,exponential,-208.826,1,0.72907,0.08059,0
3288,weibull,lognormal,loglogistic,lognormal,exponential,weibull,-208.819,1,0.71139,0.11943,0
3289,loglogistic,lognormal,exponential,lognormal,exponential,lognormal,-208.819,1,0.72907,0.11943,0
3290,lognormal,weibull,weibull,exponential,weibull,exponential,-208.818,1,0.76349,0.00042,0
3291,lognormal,exponential,weibull,exponential,loglogistic,exponential,-208.818,1,0.76349,0.12377,0
3292,loglogistic,exponential,weibull,lognormal,exponential,loglogistic,-208.815,1,0.72907,0.12377,0
3293,loglogistic,exponential,lognormal,exponential,lognormal,exponential,-208.81,1,0.72907,0.12377,0
3294,lognormal,lognormal,lognormal,weibull,exponential,exponential,-208.803,1,0.76349,0.11943,0
3295,loglogistic,lognormal,weibull,lognormal,exponential,weibull,-208.792,1,0.72907,0.11943,0
3296,weibull,loglogistic,weibull,exponential,lognormal,exponential,-208.784,1,0.71139,0.08059,0
3297,lognormal,lognormal,loglogistic,exponential,loglogistic,exponential,-208.783,1,0.76349,0.11943,0
3298,loglogistic,lognormal,loglogistic,lognormal,exponential,loglogistic,-208.779,1,0.72907,0.11943,0
3299,weibull,loglogistic,loglogistic,weibull,exponential,exponential,-208.776,1,0.71139,0.08059,0
3300,lognormal,exponential,exponential,weibull,exponential,exponential,-208.772,1,0.76349,0.12377,0
3301,weibull,lognormal,exponential,lognormal,exponential,lognormal,-208.768,1,0.71139,0.11943,0
3302,loglogistic,lognormal,exponential,exponential,loglogistic,exponential,-208.766,1,0.72907,0.11943,0
3303,weibull,exponential,weibull,lognormal,exponential,loglogistic,-208.764,1,0.71139,0.12377,0
3304,lognormal,loglogistic,exponential,exponential,weibull,exponential,-208.762,1,0.76349,0.08059,0
3305,weibull,exponential,lognormal,exponential,lognormal,exponential,-208.759,1,0.71139,0.12377,0
3306,lognormal,lognormal,weibull,lognormal,exponential,lognormal,-208.758,1,0.76349,0.11943,0
3307,loglogistic,exponential,loglogistic,lognormal,exponential,lognormal,-208.756,1,0.72907,0.12377,0
3308,loglogistic,loglogistic,weibull,weibull,exponential,exponential,-208.749,1,0.72907,0.08059,0
3309,lognormal,lognormal,exponential,exponential,lognormal,exponential,-208.745,1,0.76349,0.11943,0
3310,weibull,lognormal,weibull,lognormal,exponential,weibull,-208.742,1,0.71139,0.11943,0
3311,weibull,lognormal,loglogistic,lognormal,exponential,loglogistic,-208.729,1,0.71139,0.11943,0
3312,loglogistic,exponential,lognormal,weibull,exponential,exponential,-208.724,1,0.72907,0.12377,0
3313,weibull,lognormal,exponential,exponential,loglogistic,exponential,-208.716,1,0.71139,0.11943,0
3314,loglogistic,loglogistic,lognormal,exponential,weibull,exponential,-208.714,1,0.72907,0.08059,0
3315,lognormal,lognormal,weibull,exponential,loglogistic,exponential,-208.705,1,0.76349,0.11943,0
3316,weibull,exponential,loglogistic,lognormal,exponential,lognormal,-208.705,1,0.71139,0.12377,0
3317,exponential,weibull,lognormal,loglogistic,exponential,weibull,-208.704,1,0.46701,0.00042,0
3318,loglogistic,weibull,loglogistic,exponential,weibull,exponential,-208.703,1,0.72907,0.00042,0
3319,loglogistic,exponential,loglogistic,exponential,loglogistic,exponential,-208.703,1,0.72907,0.12377,0
3320,loglogistic,lognormal,weibull,lognormal,exponential,loglogistic,-208.702,1,0.72907,0.11943,0
3321,weibull,loglogistic,weibull,weibull,exponential,exponential,-208.698,1,0.71139,0.08059,0
3322,loglogistic,lognormal,lognormal,exponential,lognormal,exponential,-208.697,1,0.72907,0.11943,0
3323,lognormal,exponential,loglogistic,exponential,lognormal,exponential,-208.682,1,0.76349,0.12377,0
3324,loglogistic,exponential,weibull,lognormal,exponential,lognormal,-208.678,1,0.72907,0.12377,0
3325,weibull,exponential,lognormal,weibull,exponential,exponential,-208.673,1,0.71139,0.12377,0
3326,loglogistic,exponential,exponential,exponential,lognormal,exponential,-208.665,1,0.72907,0.12377,0
3327,weibull,loglogistic,lognormal,exponential,weibull,exponential,-208.663,1,0.71139,0.08059,0
3328,lognormal,lognormal,exponential,weibull,exponential,exponential,-208.659,1,0.76349,0.11943,0
3329,weibull,weibull,loglogistic,exponential,weibull,exponential,-208.653,1,0.71139,0.00042,0
3330,weibull,exponential,loglogistic,exponential,loglogistic,exponential,-208.653,1,0.71139,0.12377,0
3331,weibull,lognormal,weibull,lognormal,exponential,loglogistic,-208.651,1,0.71139,0.11943,0
3332,weibull,lognormal,lognormal,exponential,lognormal,exponential,-208.646,1,0.71139,0.11943,0
3333,loglogistic,lognormal,loglogistic,lognormal,exponential,lognormal,-208.643,1,0.72907,0.11943,0
3334,weibull,exponential,weibull,lognormal,exponential,lognormal,-208.628,1,0.71139,0.12377,0
3335,loglogistic,weibull,weibull,exponential,weibull,exponential,-208.626,1,0.72907,0.00042,0
3336,loglogistic,exponential,weibull,exponential,loglogistic,exponential,-208.626,1,0.72907,0.12377,0
3337,weibull,exponential,exponential,exponential,lognormal,exponential,-208.615,1,0.71139,0.12377,0
3338,exponential,weibull,lognormal,loglogistic,exponential,loglogistic,-208.614,1,0.46701,0.00042,0
3339,loglogistic,lognormal,lognormal,weibull,exponential,exponential,-208.611,1,0.72907,0.11943,0
3340,lognormal,exponential,weibull,exponential,lognormal,exponential,-208.604,1,0.76349,0.12377,0
3341,lognormal,exponential,loglogistic,weibull,exponential,exponential,-208.596,1,0.76349,0.12377,0
3342,weibull,lognormal,loglogistic,lognormal,exponential,lognormal,-208.592,1,0.71139,0.11943,0
3343,loglogistic,lognormal,loglogistic,exponential,loglogistic,exponential,-208.59,1,0.72907,0.11943,0
3344,lognormal,loglogistic,loglogistic,exponential,weibull,exponential,-208.586,1,0.76349,0.08059,0
3345,loglogistic,exponential,exponential,weibull,exponential,exponential,-208.58,1,0.72907,0.12377,0
3346,weibull,weibull,weibull,exponential,weibull,exponential,-208.575,1,0.71139,0.00042,0
3347,weibull,exponential,weibull,exponential,loglogistic,exponential,-208.575,1,0.71139,0.12377,0
3348,loglogistic,loglogistic,exponential,exponential,weibull,exponential,-208.569,1,0.72907,0.08059,0
3349,lognormal,lognormal,loglogistic,exponential,lognormal,exponential,-208.569,1,0.76349,0.11943,0
3350,loglogistic,lognormal,weibull,lognormal,exponential,lognormal,-208.565,1,0.72907,0.11943,0
3351,weibull,lognormal,lognormal,weibull,exponential,exponential,-208.561,1,0.71139,0.11943,0
3352,exponential,weibull,exponential,loglogistic,exponential,weibull,-208.56,1,0.46701,0.00042,0
3353,loglogistic,lognormal,exponential,exponential,lognormal,exponential,-208.553,1,0.72907,0.11943,0
3354,weibull,lognormal,loglogistic,exponential,loglogistic,exponential,-208.54,1,0.71139,0.11943,0
3355,weibull,exponential,exponential,weibull,exponential,exponential,-208.529,1,0.71139,0.12377,0
3356,weibull,loglogistic,exponential,exponential,weibull,exponential,-208.519,1,0.71139,0.08059,0
3357,lognormal,exponential,weibull,weibull,exponential,exponential,-208.518,1,0.76349,0.12377,0
3358,weibull,lognormal,weibull,lognormal,exponential,lognormal,-208.515,1,0.71139,0.11943,0
3359,loglogistic,lognormal,weibull,exponential,loglogistic,exponential,-208.513,1,0.72907,0.11943,0
3360,lognormal,loglogistic,weibull,exponential,weibull,exponential,-208.508,1,0.76349,0.08059,0
3361,weibull,lognormal,exponential,exponential,lognormal,exponential,-208.502,1,0.71139,0.11943,0
3362,lognormal,lognormal,weibull,exponential,lognormal,exponential,-208.491,1,0.76349,0.11943,0
3363,loglogistic,exponential,loglogistic,exponential,lognormal,exponential,-208.489,1,0.72907,0.12377,0
3364,lognormal,exponential,lognormal,exponential,weibull,exponential,-208.483,1,0.76349,0.12377,0
3365,lognormal,lognormal,loglogistic,weibull,exponential,exponential,-208.483,1,0.76349,0.11943,0
3366,exponential,weibull,lognormal,loglogistic,exponential,lognormal,-208.477,1,0.46701,0.00042,0
3367,exponential,weibull,exponential,loglogistic,exponential,loglogistic,-208.47,1,0.46701,0.00042,0
3368,loglogistic,lognormal,exponential,weibull,exponential,exponential,-208.467,1,0.72907,0.11943,0
3369,weibull,lognormal,weibull,exponential,loglogistic,exponential,-208.462,1,0.71139,0.11943,0
3370,lognormal,weibull,lognormal,lognormal,exponential,exponential,-208.45,1,0.76349,0.00042,0
3371,weibull,exponential,loglogistic,exponential,lognormal,exponential,-208.439,1,0.71139,0.12377,0
3372,weibull,lognormal,exponential,weibull,exponential,exponential,-208.416,1,0.71139,0.11943,0
3373,loglogistic,exponential,weibull,exponential,lognormal,exponential,-208.412,1,0.72907,0.12377,0
3374,lognormal,lognormal,weibull,weibull,exponential,exponential,-208.406,1,0.76349,0.11943,0
3375,loglogistic,exponential,loglogistic,weibull,exponential,exponential,-208.404,1,0.72907,0.12377,0
3376,exponential,loglogistic,lognormal,loglogistic,exponential,weibull,-208.394,1,0.46701,0.08059,0
3377,loglogistic,loglogistic,loglogistic,exponential,weibull,exponential,-208.393,1,0.72907,0.08059,0
3378,exponential,weibull,loglogistic,loglogistic,exponential,weibull,-208.384,1,0.46701,0.00042,0
3379,loglogistic,lognormal,loglogistic,exponential,lognormal,exponential,-208.377,1,0.72907,0.11943,0
3380,lognormal,lognormal,lognormal,exponential,weibull,exponential,-208.371,1,0.76349,0.11943,0
3381,weibull,exponential,weibull,exponential,lognormal,exponential,-208.361,1,0.71139,0.12377,0
3382,weibull,exponential,loglogistic,weibull,exponential,exponential,-208.353,1,0.71139,0.12377,0
3383,weibull,loglogistic,loglogistic,exponential,weibull,exponential,-208.343,1,0.71139,0.08059,0
3384,lognormal,exponential,exponential,exponential,weibull,exponential,-208.339,1,0.76349,0.12377,0
3385,exponential,weibull,exponential,loglogistic,exponential,lognormal,-208.333,1,0.46701,0.00042,0
3386,loglogistic,exponential,weibull,weibull,exponential,exponential,-208.326,1,0.72907,0.12377,0
3387,weibull,lognormal,loglogistic,exponential,lognormal,exponential,-208.326,1,0.71139,0.11943,0
3388,loglogistic,loglogistic,weibull,exponential,weibull,exponential,-208.316,1,0.72907,0.08059,0
3389,exponential,weibull,weibull,loglogistic,exponential,weibull,-208.307,1,0.46701,0.00042,0
3390,lognormal,weibull,exponential,lognormal,exponential,exponential,-208.305,1,0.76349,0.00042,0
3391,exponential,loglogistic,lognormal,loglogistic,exponential,loglogistic,-208.304,1,0.46701,0.08059,0
3392,loglogistic,lognormal,weibull,exponential,lognormal,exponential,-208.299,1,0.72907,0.11943,0
3393,exponential,weibull,loglogistic,loglogistic,exponential,loglogistic,-208.294,1,0.46701,0.00042,0
3394,loglogistic,exponential,lognormal,exponential,weibull,exponential,-208.291,1,0.72907,0.12377,0
3395,loglogistic,lognormal,loglogistic,weibull,exponential,exponential,-208.291,1,0.72907,0.11943,0
3396,weibull,exponential,weibull,weibull,exponential,exponential,-208.276,1,0.71139,0.12377,0
3397,weibull,loglogistic,weibull,exponential,weibull,exponential,-208.265,1,0.71139,0.08059,0
3398,loglogistic,weibull,lognormal,lognormal,exponential,exponential,-208.257,1,0.72907,0.00042,0
3399,exponential,loglogistic,exponential,loglogistic,exponential,weibull,-208.25,1,0.46701,0.08059,0
3400,weibull,lognormal,weibull,exponential,lognormal,exponential,-208.249,1,0.71139,0.11943,0
3401,weibull,exponential,lognormal,exponential,weibull,exponential,-208.241,1,0.71139,0.12377,0
3402,weibull,lognormal,loglogistic,weibull,exponential,exponential,-208.24,1,0.71139,0.11943,0
3403,lognormal,lognormal,exponential,exponential,weibull,exponential,-208.226,1,0.76349,0.11943,0
3404,exponential,weibull,weibull,loglogistic,exponential,loglogistic,-208.216,1,0.46701,0.00042,0
3405,loglogistic,lognormal,weibull,weibull,exponential,exponential,-208.213,1,0.72907,0.11943,0
3406,weibull,weibull,lognormal,lognormal,exponential,exponential,-208.207,1,0.71139,0.00042,0
3407,loglogistic,lognormal,lognormal,exponential,weibull,exponential,-208.178,1,0.72907,0.11943,0
3408,exponential,loglogistic,lognormal,loglogistic,exponential,lognormal,-208.167,1,0.46701,0.08059,0
3409,lognormal,exponential,loglogistic,exponential,weibull,exponential,-208.163,1,0.76349,0.12377,0
3410,weibull,lognormal,weibull,weibull,exponential,exponential,-208.163,1,0.71139,0.11943,0
3411,exponential,loglogistic,exponential,loglogistic,exponential,loglogistic,-208.159,1,0.46701,0.08059,0
3412,exponential,weibull,loglogistic,loglogistic,exponential,lognormal,-208.157,1,0.46701,0.00042,0
3413,loglogistic,exponential,exponential,exponential,weibull,exponential,-208.147,1,0.72907,0.12377,0
3414,lognormal,loglogistic,lognormal,lognormal,exponential,exponential,-208.139,1,0.76349,0.08059,0
3415,lognormal,weibull,loglogistic,lognormal,exponential,exponential,-208.129,1,0.76349,0.00042,0
3416,weibull,lognormal,lognormal,exponential,weibull,exponential,-208.128,1,0.71139,0.11943,0
3417,loglogistic,weibull,exponential,lognormal,exponential,exponential,-208.113,1,0.72907,0.00042,0
3418,weibull,exponential,exponential,exponential,weibull,exponential,-208.096,1,0.71139,0.12377,0
3419,lognormal,exponential,weibull,exponential,weibull,exponential,-208.086,1,0.76349,0.12377,0
3420,exponential,weibull,weibull,loglogistic,exponential,lognormal,-208.08,1,0.46701,0.00042,0
3421,exponential,loglogistic,loglogistic,loglogistic,exponential,weibull,-208.074,1,0.46701,0.08059,0
3422,weibull,weibull,exponential,lognormal,exponential,exponential,-208.062,1,0.71139,0.00042,0
3423,lognormal,weibull,weibull,lognormal,exponential,exponential,-208.052,1,0.76349,0.00042,0
3424,lognormal,lognormal,loglogistic,exponential,weibull,exponential,-208.05,1,0.76349,0.11943,0
3425,loglogistic,lognormal,exponential,exponential,weibull,exponential,-208.034,1,0.72907,0.11943,0
3426,exponential,loglogistic,exponential,loglogistic,exponential,lognormal,-208.023,1,0.46701,0.08059,0
3427,exponential,loglogistic,weibull,loglogistic,exponential,weibull,-207.996,1,0.46701,0.08059,0
3428,lognormal,loglogistic,exponential,lognormal,exponential,exponential,-207.995,1,0.76349,0.08059,0
3429,exponential,loglogistic,loglogistic,loglogistic,exponential,loglogistic,-207.983,1,0.46701,0.08059,0
3430,weibull,lognormal,exponential,exponential,weibull,exponential,-207.983,1,0.71139,0.11943,0
3431,lognormal,lognormal,weibull,exponential,weibull,exponential,-207.973,1,0.76349,0.11943,0
3432,exponential,exponential,lognormal,loglogistic,exponential,weibull,-207.972,1,0.46701,0.12377,0
3433,loglogistic,exponential,loglogistic,exponential,weibull,exponential,-207.971,1,0.72907,0.12377,0
3434,loglogistic,loglogistic,lognormal,lognormal,exponential,exponential,-207.947,1,0.72907,0.08059,0
3435,loglogistic,weibull,loglogistic,lognormal,exponential,exponential,-207.937,1,0.72907,0.00042,0
3436,weibull,exponential,loglogistic,exponential,weibull,exponential,-207.92,1,0.71139,0.12377,0
3437,exponential,loglogistic,weibull,loglogistic,exponential,loglogistic,-207.906,1,0.46701,0.08059,0
3438,weibull,loglogistic,lognormal,lognormal,exponential,exponential,-207.897,1,0.71139,0.08059,0
3439,loglogistic,exponential,weibull,exponential,weibull,exponential,-207.893,1,0.72907,0.12377,0
3440,weibull,weibull,loglogistic,lognormal,exponential,exponential,-207.886,1,0.71139,0.00042,0
3441,exponential,exponential,lognormal,loglogistic,exponential,loglogistic,-207.881,1,0.46701,0.12377,0
3442,loglogistic,weibull,weibull,lognormal,exponential,exponential,-207.86,1,0.72907,0.00042,0
3443,exponential,lognormal,lognormal,loglogistic,exponential,weibull,-207.859,1,0.46701,0.11943,0
3444,loglogistic,lognormal,loglogistic,exponential,weibull,exponential,-207.858,1,0.72907,0.11943,0
3445,exponential,loglogistic,loglogistic,loglogistic,exponential,lognormal,-207.847,1,0.46701,0.08059,0
3446,weibull,exponential,weibull,exponential,weibull,exponential,-207.843,1,0.71139,0.12377,0
3447,exponential,exponential,exponential,loglogistic,exponential,weibull,-207.827,1,0.46701,0.12377,0
3448,lognormal,loglogistic,loglogistic,lognormal,exponential,exponential,-207.819,1,0.76349,0.08059,0
3449,weibull,weibull,weibull,lognormal,exponential,exponential,-207.809,1,0.71139,0.00042,0
3450,weibull,lognormal,loglogistic,exponential,weibull,exponential,-207.807,1,0.71139,0.11943,0
3451,loglogistic,loglogistic,exponential,lognormal,exponential,exponential,-207.803,1,0.72907,0.08059,0
3452,loglogistic,lognormal,weibull,exponential,weibull,exponential,-207.78,1,0.72907,0.11943,0
3453,exponential,loglogistic,weibull,loglogistic,exponential,lognormal,-207.769,1,0.46701,0.08059,0
3454,exponential,lognormal,lognormal,loglogistic,exponential,loglogistic,-207.768,1,0.46701,0.11943,0
3455,weibull,loglogistic,exponential,lognormal,exponential,exponential,-207.752,1,0.71139,0.08059,0
3456,exponential,exponential,lognormal,loglogistic,exponential,lognormal,-207.745,1,0.46701,0.12377,0
3457,lognormal,loglogistic,weibull,lognormal,exponential,exponential,-207.742,1,0.76349,0.08059,0
3458,exponential,exponential,exponential,loglogistic,exponential,loglogistic,-207.737,1,0.46701,0.12377,0
3459,weibull,lognormal,weibull,exponential,weibull,exponential,-207.73,1,0.71139,0.11943,0
3460,lognormal,exponential,lognormal,lognormal,exponential,exponential,-207.717,1,0.76349,0.12377,0
3461,exponential,lognormal,exponential,loglogistic,exponential,weibull,-207.715,1,0.46701,0.11943,0
3462,exponential,exponential,loglogistic,loglogistic,exponential,weibull,-207.651,1,0.46701,0.12377,0
3463,exponential,lognormal,lognormal,loglogistic,exponential,lognormal,-207.632,1,0.46701,0.11943,0
3464,loglogistic,loglogistic,loglogistic,lognormal,exponential,exponential,-207.627,1,0.72907,0.08059,0
3465,exponential,lognormal,exponential,loglogistic,exponential,loglogistic,-207.624,1,0.46701,0.11943,0
3466,lognormal,lognormal,lognormal,lognormal,exponential,exponential,-207.604,1,0.76349,0.11943,0
3467,exponential,exponential,exponential,loglogistic,exponential,lognormal,-207.6,1,0.46701,0.12377,0
3468,weibull,loglogistic,loglogistic,lognormal,exponential,exponential,-207.576,1,0.71139,0.08059,0
3469,exponential,exponential,weibull,loglogistic,exponential,weibull,-207.574,1,0.46701,0.12377,0
3470,lognormal,exponential,exponential,lognormal,exponential,exponential,-207.573,1,0.76349,0.12377,0
3471,exponential,exponential,loglogistic,loglogistic,exponential,loglogistic,-207.561,1,0.46701,0.12377,0
3472,loglogistic,loglogistic,weibull,lognormal,exponential,exponential,-207.549,1,0.72907,0.08059,0
3473,exponential,lognormal,loglogistic,loglogistic,exponential,weibull,-207.539,1,0.46701,0.11943,0
3474,loglogistic,exponential,lognormal,lognormal,exponential,exponential,-207.525,1,0.72907,0.12377,0
3475,weibull,loglogistic,weibull,lognormal,exponential,exponential,-207.499,1,0.71139,0.08059,0
3476,exponential,lognormal,exponential,loglogistic,exponential,lognormal,-207.487,1,0.46701,0.11943,0
3477,exponential,exponential,weibull,loglogistic,exponential,loglogistic,-207.483,1,0.46701,0.12377,0
3478,weibull,exponential,lognormal,lognormal,exponential,exponential,-207.474,1,0.71139,0.12377,0
3479,exponential,lognormal,weibull,loglogistic,exponential,weibull,-207.461,1,0.46701,0.11943,0
3480,lognormal,lognormal,exponential,lognormal,exponential,exponential,-207.46,1,0.76349,0.11943,0
3481,exponential,lognormal,loglogistic,loglogistic,exponential,loglogistic,-207.448,1,0.46701,0.11943,0
3482,exponential,exponential,loglogistic,loglogistic,exponential,lognormal,-207.424,1,0.46701,0.12377,0
3483,loglogistic,lognormal,lognormal,lognormal,exponential,exponential,-207.412,1,0.72907,0.11943,0
3484,lognormal,exponential,loglogistic,lognormal,exponential,exponential,-207.397,1,0.76349,0.12377,0
3485,loglogistic,exponential,exponential,lognormal,exponential,exponential,-207.38,1,0.72907,0.12377,0
3486,exponential,lognormal,weibull,loglogistic,exponential,loglogistic,-207.371,1,0.46701,0.11943,0
3487,weibull,lognormal,lognormal,lognormal,exponential,exponential,-207.361,1,0.71139,0.11943,0
3488,exponential,exponential,weibull,loglogistic,exponential,lognormal,-207.347,1,0.46701,0.12377,0
3489,weibull,exponential,exponential,lognormal,exponential,exponential,-207.33,1,0.71139,0.12377,0
3490,lognormal,exponential,weibull,lognormal,exponential,exponential,-207.319,1,0.76349,0.12377,0
3491,exponential,lognormal,loglogistic,loglogistic,exponential,lognormal,-207.311,1,0.46701,0.11943,0
3492,lognormal,lognormal,loglogistic,lognormal,exponential,exponential,-207.284,1,0.76349,0.11943,0
3493,loglogistic,lognormal,exponential,lognormal,exponential,exponential,-207.267,1,0.72907,0.11943,0
3494,exponential,lognormal,weibull,loglogistic,exponential,lognormal,-207.234,1,0.46701,0.11943,0
3495,weibull,lognormal,exponential,lognormal,exponential,exponential,-207.217,1,0.71139,0.11943,0
3496,lognormal,lognormal,weibull,lognormal,exponential,exponential,-207.206,1,0.76349,0.11943,0
3497,loglogistic,exponential,loglogistic,lognormal,exponential,exponential,-207.204,1,0.72907,0.12377,0
3498,weibull,exponential,loglogistic,lognormal,exponential,exponential,-207.154,1,0.71139,0.12377,0
3499,exponential,weibull,lognormal,exponential,loglogistic,weibull,-207.136,1,0.46701,0.00042,0
3500,loglogistic,exponential,weibull,lognormal,exponential,exponential,-207.127,1,0.72907,0.12377,0
3501,loglogistic,lognormal,loglogistic,lognormal,exponential,exponential,-207.091,1,0.72907,0.11943,0
3502,weibull,exponential,weibull,lognormal,exponential,exponential,-207.076,1,0.71139,0.12377,0
3503,exponential,weibull,lognormal,exponential,loglogistic,loglogistic,-207.046,1,0.46701,0.00042,0
3504,weibull,lognormal,loglogistic,lognormal,exponential,exponential,-207.041,1,0.71139,0.11943,0
3505,loglogistic,lognormal,weibull,lognormal,exponential,exponential,-207.014,1,0.72907,0.11943,0
3506,exponential,weibull,exponential,exponential,loglogistic,weibull,-206.992,1,0.46701,0.00042,0
3507,weibull,lognormal,weibull,lognormal,exponential,exponential,-206.963,1,0.71139,0.11943,0
3508,exponential,weibull,lognormal,loglogistic,exponential,exponential,-206.926,1,0.46701,0.00042,0
3509,exponential,weibull,lognormal,exponential,lognormal,weibull,-206.922,1,0.46701,0.00042,0
3510,exponential,weibull,lognormal,exponential,loglogistic,lognormal,-206.909,1,0.46701,0.00042,0
3511,exponential,weibull,exponential,exponential,loglogistic,loglogistic,-206.901,1,0.46701,0.00042,0
3512,exponential,weibull,lognormal,weibull,exponential,weibull,-206.837,1,0.46701,0.00042,0
3513,exponential,weibull,lognormal,exponential,lognormal,loglogistic,-206.832,1,0.46701,0.00042,0
3514,exponential,loglogistic,lognormal,exponential,loglogistic,weibull,-206.826,1,0.46701,0.08059,0
3515,exponential,weibull,loglogistic,exponential,loglogistic,weibull,-206.816,1,0.46701,0.00042,0
3516,exponential,weibull,exponential,loglogistic,exponential,exponential,-206.782,1,0.46701,0.00042,0
3517,exponential,weibull,exponential,exponential,lognormal,weibull,-206.778,1,0.46701,0.00042,0
3518,exponential,weibull,exponential,exponential,loglogistic,lognormal,-206.765,1,0.46701,0.00042,0
3519,exponential,weibull,lognormal,weibull,exponential,loglogistic,-206.746,1,0.46701,0.00042,0
3520,exponential,weibull,weibull,exponential,loglogistic,weibull,-206.738,1,0.46701,0.00042,0
3521,exponential,loglogistic,lognormal,exponential,loglogistic,loglogistic,-206.736,1,0.46701,0.08059,0
3522,exponential,weibull,loglogistic,exponential,loglogistic,loglogistic,-206.725,1,0.46701,0.00042,0
3523,exponential,weibull,lognormal,exponential,lognormal,lognormal,-206.695,1,0.46701,0.00042,0
3524,exponential,weibull,exponential,weibull,exponential,weibull,-206.692,1,0.46701,0.00042,0
3525,exponential,weibull,exponential,exponential,lognormal,loglogistic,-206.688,1,0.46701,0.00042,0
3526,exponential,loglogistic,exponential,exponential,loglogistic,weibull,-206.682,1,0.46701,0.08059,0
3527,exponential,weibull,weibull,exponential,loglogistic,loglogistic,-206.648,1,0.46701,0.00042,0
3528,exponential,loglogistic,lognormal,loglogistic,exponential,exponential,-206.616,1,0.46701,0.08059,0
3529,exponential,loglogistic,lognormal,exponential,lognormal,weibull,-206.612,1,0.46701,0.08059,0
3530,exponential,weibull,lognormal,weibull,exponential,lognormal,-206.609,1,0.46701,0.00042,0
3531,exponential,weibull,loglogistic,loglogistic,exponential,exponential,-206.606,1,0.46701,0.00042,0
3532,exponential,weibull,loglogistic,exponential,lognormal,weibull,-206.602,1,0.46701,0.00042,0
3533,exponential,weibull,exponential,weibull,exponential,loglogistic,-206.602,1,0.46701,0.00042,0
3534,exponential,loglogistic,lognormal,exponential,loglogistic,lognormal,-206.599,1,0.46701,0.08059,0
3535,exponential,loglogistic,exponential,exponential,loglogistic,loglogistic,-206.591,1,0.46701,0.08059,0
3536,exponential,weibull,loglogistic,exponential,loglogistic,lognormal,-206.589,1,0.46701,0.00042,0
3537,exponential,weibull,exponential,exponential,lognormal,lognormal,-206.551,1,0.46701,0.00042,0
3538,exponential,weibull,weibull,loglogistic,exponential,exponential,-206.528,1,0.46701,0.00042,0
3539,exponential,loglogistic,lognormal,weibull,exponential,weibull,-206.526,1,0.46701,0.08059,0
3540,exponential,weibull,weibull,exponential,lognormal,weibull,-206.525,1,0.46701,0.00042,0
3541,exponential,loglogistic,lognormal,exponential,lognormal,loglogistic,-206.522,1,0.46701,0.08059,0
3542,exponential,weibull,loglogistic,weibull,exponential,weibull,-206.516,1,0.46701,0.00042,0
3543,exponential,weibull,loglogistic,exponential,lognormal,loglogistic,-206.512,1,0.46701,0.00042,0
3544,exponential,weibull,weibull,exponential,loglogistic,lognormal,-206.511,1,0.46701,0.00042,0
3545,exponential,loglogistic,loglogistic,exponential,loglogistic,weibull,-206.506,1,0.46701,0.08059,0
3546,exponential,loglogistic,exponential,loglogistic,exponential,exponential,-206.471,1,0.46701,0.08059,0
3547,exponential,loglogistic,exponential,exponential,lognormal,weibull,-206.468,1,0.46701,0.08059,0
3548,exponential,weibull,exponential,weibull,exponential,lognormal,-206.465,1,0.46701,0.00042,0
3549,exponential,loglogistic,exponential,exponential,loglogistic,lognormal,-206.455,1,0.46701,0.08059,0
3550,exponential,weibull,weibull,weibull,exponential,weibull,-206.439,1,0.46701,0.00042,0
3551,exponential,loglogistic,lognormal,weibull,exponential,loglogistic,-206.436,1,0.46701,0.08059,0
3552,exponential,weibull,weibull,exponential,lognormal,loglogistic,-206.434,1,0.46701,0.00042,0
3553,exponential,loglogistic,weibull,exponential,loglogistic,weibull,-206.428,1,0.46701,0.08059,0
3554,exponential,weibull,loglogistic,weibull,exponential,loglogistic,-206.426,1,0.46701,0.00042,0
3555,exponential,loglogistic,loglogistic,exponential,loglogistic,loglogistic,-206.415,1,0.46701,0.08059,0
3556,exponential,weibull,lognormal,exponential,weibull,weibull,-206.404,1,0.46701,0.00042,0
3557,exponential,exponential,lognormal,exponential,loglogistic,weibull,-206.404,1,0.46701,0.12377,0
3558,exponential,loglogistic,lognormal,exponential,lognormal,lognormal,-206.385,1,0.46701,0.08059,0
3559,exponential,loglogistic,exponential,weibull,exponential,weibull,-206.382,1,0.46701,0.08059,0
3560,exponential,loglogistic,exponential,exponential,lognormal,loglogistic,-206.377,1,0.46701,0.08059,0
3561,exponential,weibull,loglogistic,exponential,lognormal,lognormal,-206.375,1,0.46701,0.00042,0
3562,exponential,weibull,weibull,weibull,exponential,loglogistic,-206.348,1,0.46701,0.00042,0
3563,exponential,loglogistic,weibull,exponential,loglogistic,loglogistic,-206.338,1,0.46701,0.08059,0
3564,exponential,weibull,lognormal,exponential,weibull,loglogistic,-206.313,1,0.46701,0.00042,0
3565,exponential,exponential,lognormal,exponential,loglogistic,loglogistic,-206.313,1,0.46701,0.12377,0
3566,exponential,loglogistic,lognormal,weibull,exponential,lognormal,-206.299,1,0.46701,0.08059,0
3567,exponential,weibull,weibull,exponential,lognormal,lognormal,-206.298,1,0.46701,0.00042,0
3568,exponential,loglogistic,loglogistic,loglogistic,exponential,exponential,-206.296,1,0.46701,0.08059,0
3569,exponential,loglogistic,loglogistic,exponential,lognormal,weibull,-206.292,1,0.46701,0.08059,0
3570,exponential,loglogistic,exponential,weibull,exponential,loglogistic,-206.292,1,0.46701,0.08059,0
3571,exponential,lognormal,lognormal,exponential,loglogistic,weibull,-206.291,1,0.46701,0.11943,0
3572,exponential,weibull,loglogistic,weibull,exponential,lognormal,-206.289,1,0.46701,0.00042,0
3573,exponential,loglogistic,loglogistic,exponential,loglogistic,lognormal,-206.279,1,0.46701,0.08059,0
3574,exponential,weibull,exponential,exponential,weibull,weibull,-206.259,1,0.46701,0.00042,0
3575,exponential,exponential,exponential,exponential,loglogistic,weibull,-206.259,1,0.46701,0.12377,0
3576,exponential,loglogistic,exponential,exponential,lognormal,lognormal,-206.241,1,0.46701,0.08059,0
3577,exponential,loglogistic,weibull,loglogistic,exponential,exponential,-206.218,1,0.46701,0.08059,0
3578,exponential,loglogistic,weibull,exponential,lognormal,weibull,-206.214,1,0.46701,0.08059,0
3579,exponential,weibull,weibull,weibull,exponential,lognormal,-206.212,1,0.46701,0.00042,0
3580,exponential,loglogistic,loglogistic,weibull,exponential,weibull,-206.206,1,0.46701,0.08059,0
3581,exponential,loglogistic,loglogistic,exponential,lognormal,loglogistic,-206.201,1,0.46701,0.08059,0
3582,exponential,loglogistic,weibull,exponential,loglogistic,lognormal,-206.201,1,0.46701,0.08059,0
3583,exponential,lognormal,lognormal,exponential,loglogistic,loglogistic,-206.2,1,0.46701,0.11943,0
3584,exponential,exponential,lognormal,loglogistic,exponential,exponential,-206.193,1,0.46701,0.12377,0
3585,exponential,exponential,lognormal,exponential,lognormal,weibull,-206.19,1,0.46701,0.12377,0
3586,exponential,weibull,lognormal,exponential,weibull,lognormal,-206.177,1,0.46701,0.00042,0
3587,exponential,exponential,lognormal,exponential,loglogistic,lognormal,-206.176,1,0.46701,0.12377,0
3588,exponential,weibull,exponential,exponential,weibull,loglogistic,-206.169,1,0.46701,0.00042,0
3589,exponential,exponential,exponential,exponential,loglogistic,loglogistic,-206.169,1,0.46701,0.12377,0
3590,exponential,loglogistic,exponential,weibull,exponential,lognormal,-206.155,1,0.46701,0.08059,0
3591,exponential,lognormal,exponential,exponential,loglogistic,weibull,-206.146,1,0.46701,0.11943,0
3592,exponential,loglogistic,weibull,weibull,exponential,weibull,-206.129,1,0.46701,0.08059,0
3593,exponential,loglogistic,weibull,exponential,lognormal,loglogistic,-206.124,1,0.46701,0.08059,0
3594,exponential,loglogistic,loglogistic,weibull,exponential,loglogistic,-206.116,1,0.46701,0.08059,0
3595,exponential,exponential,lognormal,weibull,exponential,weibull,-206.104,1,0.46701,0.12377,0
3596,exponential,exponential,lognormal,exponential,lognormal,loglogistic,-206.099,1,0.46701,0.12377,0
3597,exponential,loglogistic,lognormal,exponential,weibull,weibull,-206.094,1,0.46701,0.08059,0
3598,exponential,weibull,loglogistic,exponential,weibull,weibull,-206.083,1,0.46701,0.00042,0
3599,exponential,exponential,loglogistic,exponential,loglogistic,weibull,-206.083,1,0.46701,0.12377,0
3600,exponential,lognormal,lognormal,loglogistic,exponential,exponential,-206.081,1,0.46701,0.11943,0
3601,exponential,lognormal,lognormal,exponential,lognormal,weibull,-206.077,1,0.46701,0.11943,0
3602,exponential,loglogistic,loglogistic,exponential,lognormal,lognormal,-206.065,1,0.46701,0.08059,0
3603,exponential,lognormal,lognormal,exponential,loglogistic,lognormal,-206.064,1,0.46701,0.11943,0
3604,exponential,lognormal,exponential,exponential,loglogistic,loglogistic,-206.056,1,0.46701,0.11943,0
3605,exponential,exponential,exponential,loglogistic,exponential,exponential,-206.049,1,0.46701,0.12377,0
3606,exponential,exponential,exponential,exponential,lognormal,weibull,-206.045,1,0.46701,0.12377,0
3607,exponential,loglogistic,weibull,weibull,exponential,loglogistic,-206.038,1,0.46701,0.08059,0
3608,exponential,weibull,exponential,exponential,weibull,lognormal,-206.032,1,0.46701,0.00042,0
3609,exponential,exponential,exponential,exponential,loglogistic,lognormal,-206.032,1,0.46701,0.12377,0
3610,exponential,exponential,lognormal,weibull,exponential,loglogistic,-206.013,1,0.46701,0.12377,0
3611,exponential,weibull,weibull,exponential,weibull,weibull,-206.006,1,0.46701,0.00042,0
3612,exponential,exponential,weibull,exponential,loglogistic,weibull,-206.006,1,0.46701,0.12377,0
3613,exponential,loglogistic,lognormal,exponential,weibull,loglogistic,-206.003,1,0.46701,0.08059,0
3614,exponential,weibull,loglogistic,exponential,weibull,loglogistic,-205.993,1,0.46701,0.00042,0
3615,exponential,exponential,loglogistic,exponential,loglogistic,loglogistic,-205.993,1,0.46701,0.12377,0
3616,exponential,lognormal,lognormal,weibull,exponential,weibull,-205.991,1,0.46701,0.11943,0
3617,exponential,loglogistic,weibull,exponential,lognormal,lognormal,-205.987,1,0.46701,0.08059,0
3618,exponential,lognormal,lognormal,exponential,lognormal,loglogistic,-205.986,1,0.46701,0.11943,0
3619,exponential,loglogistic,loglogistic,weibull,exponential,lognormal,-205.979,1,0.46701,0.08059,0
3620,exponential,lognormal,loglogistic,exponential,loglogistic,weibull,-205.97,1,0.46701,0.11943,0
3621,exponential,exponential,lognormal,exponential,lognormal,lognormal,-205.963,1,0.46701,0.12377,0
3622,exponential,exponential,exponential,weibull,exponential,weibull,-205.96,1,0.46701,0.12377,0
3623,exponential,exponential,exponential,exponential,lognormal,loglogistic,-205.955,1,0.46701,0.12377,0
3624,exponential,loglogistic,exponential,exponential,weibull,weibull,-205.949,1,0.46701,0.08059,0
3625,exponential,lognormal,exponential,loglogistic,exponential,exponential,-205.936,1,0.46701,0.11943,0
3626,exponential,lognormal,exponential,exponential,lognormal,weibull,-205.933,1,0.46701,0.11943,0
3627,exponential,lognormal,exponential,exponential,loglogistic,lognormal,-205.919,1,0.46701,0.11943,0
3628,exponential,weibull,weibull,exponential,weibull,loglogistic,-205.916,1,0.46701,0.00042,0
3629,exponential,exponential,weibull,exponential,loglogistic,loglogistic,-205.915,1,0.46701,0.12377,0
3630,exponential,loglogistic,weibull,weibull,exponential,lognormal,-205.901,1,0.46701,0.08059,0
3631,exponential,lognormal,lognormal,weibull,exponential,loglogistic,-205.901,1,0.46701,0.11943,0
3632,exponential,lognormal,weibull,exponential,loglogistic,weibull,-205.893,1,0.46701,0.11943,0
3633,exponential,lognormal,loglogistic,exponential,loglogistic,loglogistic,-205.88,1,0.46701,0.11943,0
3634,exponential,exponential,lognormal,weibull,exponential,lognormal,-205.877,1,0.46701,0.12377,0
3635,exponential,exponential,loglogistic,loglogistic,exponential,exponential,-205.873,1,0.46701,0.12377,0
3636,exponential,exponential,loglogistic,exponential,lognormal,weibull,-205.869,1,0.46701,0.12377,0
3637,exponential,exponential,exponential,weibull,exponential,loglogistic,-205.869,1,0.46701,0.12377,0
3638,exponential,loglogistic,lognormal,exponential,weibull,lognormal,-205.866,1,0.46701,0.08059,0
3639,exponential,loglogistic,exponential,exponential,weibull,loglogistic,-205.859,1,0.46701,0.08059,0
3640,exponential,weibull,loglogistic,exponential,weibull,lognormal,-205.856,1,0.46701,0.00042,0
3641,exponential,exponential,loglogistic,exponential,loglogistic,lognormal,-205.856,1,0.46701,0.12377,0
3642,exponential,lognormal,lognormal,exponential,lognormal,lognormal,-205.85,1,0.46701,0.11943,0
3643,exponential,lognormal,exponential,weibull,exponential,weibull,-205.847,1,0.46701,0.11943,0
3644,exponential,lognormal,exponential,exponential,lognormal,loglogistic,-205.842,1,0.46701,0.11943,0
3645,exponential,exponential,exponential,exponential,lognormal,lognormal,-205.818,1,0.46701,0.12377,0
3646,exponential,lognormal,weibull,exponential,loglogistic,loglogistic,-205.802,1,0.46701,0.11943,0
3647,exponential,exponential,weibull,loglogistic,exponential,exponential,-205.796,1,0.46701,0.12377,0
3648,exponential,exponential,weibull,exponential,lognormal,weibull,-205.792,1,0.46701,0.12377,0
3649,exponential,exponential,loglogistic,weibull,exponential,weibull,-205.784,1,0.46701,0.12377,0
3650,exponential,exponential,loglogistic,exponential,lognormal,loglogistic,-205.779,1,0.46701,0.12377,0
3651,exponential,weibull,weibull,exponential,weibull,lognormal,-205.779,1,0.46701,0.00042,0
3652,exponential,exponential,weibull,exponential,loglogistic,lognormal,-205.779,1,0.46701,0.12377,0
3653,exponential,loglogistic,loglogistic,exponential,weibull,weibull,-205.773,1,0.46701,0.08059,0
3654,exponential,lognormal,lognormal,weibull,exponential,lognormal,-205.764,1,0.46701,0.11943,0
3655,exponential,lognormal,loglogistic,loglogistic,exponential,exponential,-205.76,1,0.46701,0.11943,0
3656,exponential,lognormal,loglogistic,exponential,lognormal,weibull,-205.757,1,0.46701,0.11943,0
3657,exponential,lognormal,exponential,weibull,exponential,loglogistic,-205.756,1,0.46701,0.11943,0
3658,exponential,lognormal,loglogistic,exponential,loglogistic,lognormal,-205.743,1,0.46701,0.11943,0
3659,exponential,exponential,exponential,weibull,exponential,lognormal,-205.732,1,0.46701,0.12377,0
3660,exponential,loglogistic,exponential,exponential,weibull,lognormal,-205.722,1,0.46701,0.08059,0
3661,exponential,exponential,weibull,weibull,exponential,weibull,-205.706,1,0.46701,0.12377,0
3662,exponential,lognormal,exponential,exponential,lognormal,lognormal,-205.705,1,0.46701,0.11943,0
3663,exponential,exponential,weibull,exponential,lognormal,loglogistic,-205.701,1,0.46701,0.12377,0
3664,exponential,loglogistic,weibull,exponential,weibull,weibull,-205.696,1,0.46701,0.08059,0
3665,exponential,exponential,loglogistic,weibull,exponential,loglogistic,-205.693,1,0.46701,0.12377,0
3666,exponential,loglogistic,loglogistic,exponential,weibull,loglogistic,-205.683,1,0.46701,0.08059,0
3667,exponential,lognormal,weibull,loglogistic,exponential,exponential,-205.683,1,0.46701,0.11943,0
3668,exponential,lognormal,weibull,exponential,lognormal,weibull,-205.679,1,0.46701,0.11943,0
3669,exponential,exponential,lognormal,exponential,weibull,weibull,-205.671,1,0.46701,0.12377,0
3670,exponential,lognormal,loglogistic,weibull,exponential,weibull,-205.671,1,0.46701,0.11943,0
3671,exponential,lognormal,loglogistic,exponential,lognormal,loglogistic,-205.666,1,0.46701,0.11943,0
3672,exponential,lognormal,weibull,exponential,loglogistic,lognormal,-205.666,1,0.46701,0.11943,0
3673,exponential,exponential,loglogistic,exponential,lognormal,lognormal,-205.642,1,0.46701,0.12377,0
3674,exponential,weibull,lognormal,lognormal,exponential,weibull,-205.637,1,0.46701,0.00042,0
3675,exponential,lognormal,exponential,weibull,exponential,lognormal,-205.62,1,0.46701,0.11943,0
3676,exponential,exponential,weibull,weibull,exponential,loglogistic,-205.616,1,0.46701,0.12377,0
3677,exponential,loglogistic,weibull,exponential,weibull,loglogistic,-205.605,1,0.46701,0.08059,0
3678,exponential,lognormal,weibull,weibull,exponential,weibull,-205.593,1,0.46701,0.11943,0
3679,exponential,lognormal,weibull,exponential,lognormal,loglogistic,-205.589,1,0.46701,0.11943,0
3680,exponential,exponential,lognormal,exponential,weibull,loglogistic,-205.581,1,0.46701,0.12377,0
3681,exponential,lognormal,loglogistic,weibull,exponential,loglogistic,-205.58,1,0.46701,0.11943,0
3682,exponential,exponential,weibull,exponential,lognormal,lognormal,-205.565,1,0.46701,0.12377,0
3683,exponential,lognormal,lognormal,exponential,weibull,weibull,-205.558,1,0.46701,0.11943,0
3684,exponential,exponential,loglogistic,weibull,exponential,lognormal,-205.557,1,0.46701,0.12377,0
3685,exponential,weibull,lognormal,lognormal,exponential,loglogistic,-205.547,1,0.46701,0.00042,0
3686,exponential,loglogistic,loglogistic,exponential,weibull,lognormal,-205.546,1,0.46701,0.08059,0
3687,exponential,lognormal,loglogistic,exponential,lognormal,lognormal,-205.529,1,0.46701,0.11943,0
3688,exponential,exponential,exponential,exponential,weibull,weibull,-205.527,1,0.46701,0.12377,0
3689,exponential,lognormal,weibull,weibull,exponential,loglogistic,-205.503,1,0.46701,0.11943,0
3690,exponential,weibull,exponential,lognormal,exponential,weibull,-205.493,1,0.46701,0.00042,0
3691,exponential,exponential,weibull,weibull,exponential,lognormal,-205.479,1,0.46701,0.12377,0
3692,exponential,loglogistic,weibull,exponential,weibull,lognormal,-205.469,1,0.46701,0.08059,0
3693,exponential,lognormal,lognormal,exponential,weibull,loglogistic,-205.468,1,0.46701,0.11943,0
3694,exponential,lognormal,weibull,exponential,lognormal,lognormal,-205.452,1,0.46701,0.11943,0
3695,exponential,exponential,lognormal,exponential,weibull,lognormal,-205.444,1,0.46701,0.12377,0
3696,exponential,lognormal,loglogistic,weibull,exponential,lognormal,-205.444,1,0.46701,0.11943,0
3697,exponential,exponential,exponential,exponential,weibull,loglogistic,-205.436,1,0.46701,0.12377,0
3698,exponential,lognormal,exponential,exponential,weibull,weibull,-205.414,1,0.46701,0.11943,0
3699,exponential,weibull,lognormal,lognormal,exponential,lognormal,-205.41,1,0.46701,0.00042,0
3700,exponential,weibull,exponential,lognormal,exponential,loglogistic,-205.402,1,0.46701,0.00042,0
3701,exponential,lognormal,weibull,weibull,exponential,lognormal,-205.366,1,0.46701,0.11943,0
3702,exponential,weibull,lognormal,exponential,loglogistic,exponential,-205.358,1,0.46701,0.00042,0
3703,exponential,exponential,loglogistic,exponential,weibull,weibull,-205.351,1,0.46701,0.12377,0
3704,exponential,lognormal,lognormal,exponential,weibull,lognormal,-205.331,1,0.46701,0.11943,0
3705,exponential,loglogistic,lognormal,lognormal,exponential,weibull,-205.327,1,0.46701,0.08059,0
3706,exponential,lognormal,exponential,exponential,weibull,loglogistic,-205.323,1,0.46701,0.11943,0
3707,exponential,weibull,loglogistic,lognormal,exponential,weibull,-205.317,1,0.46701,0.00042,0
3708,exponential,exponential,exponential,exponential,weibull,lognormal,-205.3,1,0.46701,0.12377,0
3709,exponential,exponential,weibull,exponential,weibull,weibull,-205.273,1,0.46701,0.12377,0
3710,exponential,weibull,exponential,lognormal,exponential,lognormal,-205.266,1,0.46701,0.00042,0
3711,exponential,exponential,loglogistic,exponential,weibull,loglogistic,-205.26,1,0.46701,0.12377,0
3712,exponential,weibull,weibull,lognormal,exponential,weibull,-205.239,1,0.46701,0.00042,0
3713,exponential,lognormal,loglogistic,exponential,weibull,weibull,-205.238,1,0.46701,0.11943,0
3714,exponential,loglogistic,lognormal,lognormal,exponential,loglogistic,-205.237,1,0.46701,0.08059,0
3715,exponential,weibull,loglogistic,lognormal,exponential,loglogistic,-205.227,1,0.46701,0.00042,0
3716,exponential,weibull,exponential,exponential,loglogistic,exponential,-205.214,1,0.46701,0.00042,0
3717,exponential,lognormal,exponential,exponential,weibull,lognormal,-205.187,1,0.46701,0.11943,0
3718,exponential,exponential,weibull,exponential,weibull,loglogistic,-205.183,1,0.46701,0.12377,0
3719,exponential,loglogistic,exponential,lognormal,exponential,weibull,-205.183,1,0.46701,0.08059,0
3720,exponential,lognormal,weibull,exponential,weibull,weibull,-205.16,1,0.46701,0.11943,0
3721,exponential,weibull,weibull,lognormal,exponential,loglogistic,-205.149,1,0.46701,0.00042,0
3722,exponential,lognormal,loglogistic,exponential,weibull,loglogistic,-205.147,1,0.46701,0.11943,0
3723,exponential,weibull,lognormal,exponential,lognormal,exponential,-205.144,1,0.46701,0.00042,0
3724,exponential,exponential,loglogistic,exponential,weibull,lognormal,-205.124,1,0.46701,0.12377,0
3725,exponential,loglogistic,lognormal,lognormal,exponential,lognormal,-205.1,1,0.46701,0.08059,0
3726,exponential,loglogistic,exponential,lognormal,exponential,loglogistic,-205.092,1,0.46701,0.08059,0
3727,exponential,weibull,loglogistic,lognormal,exponential,lognormal,-205.09,1,0.46701,0.00042,0
3728,exponential,lognormal,weibull,exponential,weibull,loglogistic,-205.07,1,0.46701,0.11943,0
3729,exponential,weibull,lognormal,weibull,exponential,exponential,-205.058,1,0.46701,0.00042,0
3730,exponential,loglogistic,lognormal,exponential,loglogistic,exponential,-205.048,1,0.46701,0.08059,0
3731,exponential,exponential,weibull,exponential,weibull,lognormal,-205.046,1,0.46701,0.12377,0
3732,exponential,weibull,loglogistic,exponential,loglogistic,exponential,-205.038,1,0.46701,0.00042,0
3733,exponential,weibull,weibull,lognormal,exponential,lognormal,-205.012,1,0.46701,0.00042,0
3734,exponential,lognormal,loglogistic,exponential,weibull,lognormal,-205.011,1,0.46701,0.11943,0
3735,exponential,loglogistic,loglogistic,lognormal,exponential,weibull,-205.007,1,0.46701,0.08059,0
3736,exponential,weibull,exponential,exponential,lognormal,exponential,-205.0,1,0.46701,0.00042,0
3737,exponential,weibull,weibull,exponential,loglogistic,exponential,-204.96,1,0.46701,0.00042,0
3738,exponential,loglogistic,exponential,lognormal,exponential,lognormal,-204.956,1,0.46701,0.08059,0
3739,exponential,lognormal,weibull,exponential,weibull,lognormal,-204.933,1,0.46701,0.11943,0
3740,exponential,loglogistic,weibull,lognormal,exponential,weibull,-204.929,1,0.46701,0.08059,0
3741,exponential,loglogistic,loglogistic,lognormal,exponential,loglogistic,-204.916,1,0.46701,0.08059,0
3742,exponential,weibull,exponential,weibull,exponential,exponential,-204.914,1,0.46701,0.00042,0
3743,exponential,exponential,lognormal,lognormal,exponential,weibull,-204.905,1,0.46701,0.12377,0
3744,exponential,loglogistic,exponential,exponential,loglogistic,exponential,-204.903,1,0.46701,0.08059,0
3745,exponential,loglogistic,weibull,lognormal,exponential,loglogistic,-204.839,1,0.46701,0.08059,0
3746,exponential,loglogistic,lognormal,exponential,lognormal,exponential,-204.834,1,0.46701,0.08059,0
3747,exponential,weibull,loglogistic,exponential,lognormal,exponential,-204.824,1,0.46701,0.00042,0
3748,exponential,exponential,lognormal,lognormal,exponential,loglogistic,-204.814,1,0.46701,0.12377,0
3749,exponential,lognormal,lognormal,lognormal,exponential,weibull,-204.792,1,0.46701,0.11943,0
3750,exponential,loglogistic,loglogistic,lognormal,exponential,lognormal,-204.78,1,0.46701,0.08059,0
3751,exponential,exponential,exponential,lognormal,exponential,weibull,-204.76,1,0.46701,0.12377,0
3752,exponential,loglogistic,lognormal,weibull,exponential,exponential,-204.748,1,0.46701,0.08059,0
3753,exponential,weibull,weibull,exponential,lognormal,exponential,-204.746,1,0.46701,0.00042,0
3754,exponential,weibull,loglogistic,weibull,exponential,exponential,-204.738,1,0.46701,0.00042,0
3755,exponential,loglogistic,loglogistic,exponential,loglogistic,exponential,-204.727,1,0.46701,0.08059,0
3756,exponential,loglogistic,weibull,lognormal,exponential,lognormal,-204.702,1,0.46701,0.08059,0
3757,exponential,lognormal,lognormal,lognormal,exponential,loglogistic,-204.701,1,0.46701,0.11943,0
3758,exponential,loglogistic,exponential,exponential,lognormal,exponential,-204.689,1,0.46701,0.08059,0
3759,exponential,exponential,lognormal,lognormal,exponential,lognormal,-204.678,1,0.46701,0.12377,0
3760,exponential,exponential,exponential,lognormal,exponential,loglogistic,-204.67,1,0.46701,0.12377,0
3761,exponential,weibull,weibull,weibull,exponential,exponential,-204.66,1,0.46701,0.00042,0
3762,exponential,loglogistic,weibull,exponential,loglogistic,exponential,-204.65,1,0.46701,0.08059,0
3763,exponential,lognormal,exponential,lognormal,exponential,weibull,-204.647,1,0.46701,0.11943,0
3764,exponential,weibull,lognormal,exponential,weibull,exponential,-204.625,1,0.46701,0.00042,0
3765,exponential,exponential,lognormal,exponential,loglogistic,exponential,-204.625,1,0.46701,0.12377,0
3766,exponential,loglogistic,exponential,weibull,exponential,exponential,-204.604,1,0.46701,0.08059,0
3767,exponential,exponential,loglogistic,lognormal,exponential,weibull,-204.584,1,0.46701,0.12377,0
3768,exponential,lognormal,lognormal,lognormal,exponential,lognormal,-204.565,1,0.46701,0.11943,0
3769,exponential,lognormal,exponential,lognormal,exponential,loglogistic,-204.557,1,0.46701,0.11943,0
3770,exponential,exponential,exponential,lognormal,exponential,lognormal,-204.533,1,0.46701,0.12377,0
3771,exponential,loglogistic,loglogistic,exponential,lognormal,exponential,-204.514,1,0.46701,0.08059,0
3772,exponential,lognormal,lognormal,exponential,loglogistic,exponential,-204.512,1,0.46701,0.11943,0
3773,exponential,exponential,weibull,lognormal,exponential,weibull,-204.507,1,0.46701,0.12377,0
3774,exponential,exponential,loglogistic,lognormal,exponential,loglogistic,-204.494,1,0.46701,0.12377,0
3775,exponential,weibull,exponential,exponential,weibull,exponential,-204.481,1,0.46701,0.00042,0
3776,exponential,exponential,exponential,exponential,loglogistic,exponential,-204.481,1,0.46701,0.12377,0
3777,exponential,lognormal,loglogistic,lognormal,exponential,weibull,-204.471,1,0.46701,0.11943,0
3778,exponential,loglogistic,weibull,exponential,lognormal,exponential,-204.436,1,0.46701,0.08059,0
3779,exponential,loglogistic,loglogistic,weibull,exponential,exponential,-204.428,1,0.46701,0.08059,0
3780,exponential,lognormal,exponential,lognormal,exponential,lognormal,-204.42,1,0.46701,0.11943,0
3781,exponential,exponential,weibull,lognormal,exponential,loglogistic,-204.416,1,0.46701,0.12377,0
3782,exponential,exponential,lognormal,exponential,lognormal,exponential,-204.411,1,0.46701,0.12377,0
3783,exponential,lognormal,weibull,lognormal,exponential,weibull,-204.394,1,0.46701,0.11943,0
3784,exponential,lognormal,loglogistic,lognormal,exponential,loglogistic,-204.381,1,0.46701,0.11943,0
3785,exponential,lognormal,exponential,exponential,loglogistic,exponential,-204.368,1,0.46701,0.11943,0
3786,exponential,exponential,loglogistic,lognormal,exponential,lognormal,-204.357,1,0.46701,0.12377,0
3787,exponential,loglogistic,weibull,weibull,exponential,exponential,-204.35,1,0.46701,0.08059,0
3788,exponential,exponential,lognormal,weibull,exponential,exponential,-204.326,1,0.46701,0.12377,0
3789,exponential,loglogistic,lognormal,exponential,weibull,exponential,-204.315,1,0.46701,0.08059,0
3790,exponential,weibull,loglogistic,exponential,weibull,exponential,-204.305,1,0.46701,0.00042,0
3791,exponential,exponential,loglogistic,exponential,loglogistic,exponential,-204.305,1,0.46701,0.12377,0
3792,exponential,lognormal,weibull,lognormal,exponential,loglogistic,-204.304,1,0.46701,0.11943,0
3793,exponential,lognormal,lognormal,exponential,lognormal,exponential,-204.299,1,0.46701,0.11943,0
3794,exponential,exponential,weibull,lognormal,exponential,lognormal,-204.28,1,0.46701,0.12377,0
3795,exponential,exponential,exponential,exponential,lognormal,exponential,-204.267,1,0.46701,0.12377,0
3796,exponential,lognormal,loglogistic,lognormal,exponential,lognormal,-204.244,1,0.46701,0.11943,0
3797,exponential,weibull,weibull,exponential,weibull,exponential,-204.228,1,0.46701,0.00042,0
3798,exponential,exponential,weibull,exponential,loglogistic,exponential,-204.227,1,0.46701,0.12377,0
3799,exponential,lognormal,lognormal,weibull,exponential,exponential,-204.213,1,0.46701,0.11943,0
3800,exponential,lognormal,loglogistic,exponential,loglogistic,exponential,-204.192,1,0.46701,0.11943,0
3801,exponential,exponential,exponential,weibull,exponential,exponential,-204.181,1,0.46701,0.12377,0
3802,exponential,loglogistic,exponential,exponential,weibull,exponential,-204.171,1,0.46701,0.08059,0
3803,exponential,lognormal,weibull,lognormal,exponential,lognormal,-204.167,1,0.46701,0.11943,0
3804,exponential,lognormal,exponential,exponential,lognormal,exponential,-204.154,1,0.46701,0.11943,0
3805,exponential,lognormal,weibull,exponential,loglogistic,exponential,-204.115,1,0.46701,0.11943,0
3806,exponential,exponential,loglogistic,exponential,lognormal,exponential,-204.091,1,0.46701,0.12377,0
3807,exponential,lognormal,exponential,weibull,exponential,exponential,-204.068,1,0.46701,0.11943,0
3808,exponential,exponential,weibull,exponential,lognormal,exponential,-204.014,1,0.46701,0.12377,0
3809,exponential,exponential,loglogistic,weibull,exponential,exponential,-204.005,1,0.46701,0.12377,0
3810,exponential,loglogistic,loglogistic,exponential,weibull,exponential,-203.995,1,0.46701,0.08059,0
3811,exponential,lognormal,loglogistic,exponential,lognormal,exponential,-203.978,1,0.46701,0.11943,0
3812,exponential,exponential,weibull,weibull,exponential,exponential,-203.928,1,0.46701,0.12377,0
3813,exponential,loglogistic,weibull,exponential,weibull,exponential,-203.917,1,0.46701,0.08059,0
3814,exponential,lognormal,weibull,exponential,lognormal,exponential,-203.901,1,0.46701,0.11943,0
3815,exponential,exponential,lognormal,exponential,weibull,exponential,-203.893,1,0.46701,0.12377,0
3816,exponential,lognormal,loglogistic,weibull,exponential,exponential,-203.892,1,0.46701,0.11943,0
3817,exponential,weibull,lognormal,lognormal,exponential,exponential,-203.859,1,0.46701,0.00042,0
3818,exponential,lognormal,weibull,weibull,exponential,exponential,-203.815,1,0.46701,0.11943,0
3819,exponential,lognormal,lognormal,exponential,weibull,exponential,-203.78,1,0.46701,0.11943,0
3820,exponential,exponential,exponential,exponential,weibull,exponential,-203.748,1,0.46701,0.12377,0
3821,exponential,weibull,exponential,lognormal,exponential,exponential,-203.715,1,0.46701,0.00042,0
3822,exponential,lognormal,exponential,exponential,weibull,exponential,-203.636,1,0.46701,0.11943,0
3823,exponential,exponential,loglogistic,exponential,weibull,exponential,-203.572,1,0.46701,0.12377,0
3824,exponential,loglogistic,lognormal,lognormal,exponential,exponential,-203.549,1,0.46701,0.08059,0
3825,exponential,weibull,loglogistic,lognormal,exponential,exponential,-203.539,1,0.46701,0.00042,0
3826,exponential,exponential,weibull,exponential,weibull,exponential,-203.495,1,0.46701,0.12377,0
3827,exponential,weibull,weibull,lognormal,exponential,exponential,-203.461,1,0.46701,0.00042,0
3828,exponential,lognormal,loglogistic,exponential,weibull,exponential,-203.46,1,0.46701,0.11943,0
3829,exponential,loglogistic,exponential,lognormal,exponential,exponential,-203.404,1,0.46701,0.08059,0
3830,exponential,lognormal,weibull,exponential,weibull,exponential,-203.382,1,0.46701,0.11943,0
3831,exponential,loglogistic,loglogistic,lognormal,exponential,exponential,-203.228,1,0.46701,0.08059,0
3832,exponential,loglogistic,weibull,lognormal,exponential,exponential,-203.151,1,0.46701,0.08059,0
3833,exponential,exponential,lognormal,lognormal,exponential,exponential,-203.126,1,0.46701,0.12377,0
3834,exponential,lognormal,lognormal,lognormal,exponential,exponential,-203.013,1,0.46701,0.11943,0
3835,exponential,exponential,exponential,lognormal,exponential,exponential,-202.982,1,0.46701,0.12377,0
3836,exponential,lognormal,exponential,lognormal,exponential,exponential,-202.869,1,0.46701,0.11943,0
3837,exponential,exponential,loglogistic,lognormal,exponential,exponential,-202.806,1,0.46701,0.12377,0
3838,exponential,exponential,weibull,lognormal,exponential,exponential,-202.728,1,0.46701,0.12377,0
3839,exponential,lognormal,loglogistic,lognormal,exponential,exponential,-202.693,1,0.46701,0.11943,0
3840,exponential,lognormal,weibull,lognormal,exponential,exponential,-202.616,1,0.46701,0.11943,0
3841,lognormal,weibull,lognormal,exponential,exponential,weibull,-202.407,1,0.76349,0.00042,0
3842,lognormal,weibull,lognormal,exponential,exponential,loglogistic,-202.317,1,0.76349,0.00042,0
3843,lognormal,weibull,exponential,exponential,exponential,weibull,-202.263,1,0.76349,0.00042,0
3844,loglogistic,weibull,lognormal,exponential,exponential,weibull,-202.215,1,0.72907,0.00042,0
3845,lognormal,weibull,lognormal,exponential,exponential,lognormal,-202.18,1,0.76349,0.00042,0
3846,lognormal,weibull,exponential,exponential,exponential,loglogistic,-202.173,1,0.76349,0.00042,0
3847,weibull,weibull,lognormal,exponential,exponential,weibull,-202.165,1,0.71139,0.00042,0
3848,loglogistic,weibull,lognormal,exponential,exponential,loglogistic,-202.125,1,0.72907,0.00042,0
3849,lognormal,loglogistic,lognormal,exponential,exponential,weibull,-202.097,1,0.76349,0.08059,0
3850,lognormal,weibull,loglogistic,exponential,exponential,weibull,-202.087,1,0.76349,0.00042,0
3851,weibull,weibull,lognormal,exponential,exponential,loglogistic,-202.074,1,0.71139,0.00042,0
3852,loglogistic,weibull,exponential,exponential,exponential,weibull,-202.071,1,0.72907,0.00042,0
3853,lognormal,weibull,exponential,exponential,exponential,lognormal,-202.036,1,0.76349,0.00042,0
3854,weibull,weibull,exponential,exponential,exponential,weibull,-202.02,1,0.71139,0.00042,0
3855,lognormal,weibull,weibull,exponential,exponential,weibull,-202.01,1,0.76349,0.00042,0
3856,lognormal,loglogistic,lognormal,exponential,exponential,loglogistic,-202.007,1,0.76349,0.08059,0
3857,lognormal,weibull,loglogistic,exponential,exponential,loglogistic,-201.997,1,0.76349,0.00042,0
3858,loglogistic,weibull,lognormal,exponential,exponential,lognormal,-201.988,1,0.72907,0.00042,0
3859,loglogistic,weibull,exponential,exponential,exponential,loglogistic,-201.98,1,0.72907,0.00042,0
3860,lognormal,loglogistic,exponential,exponential,exponential,weibull,-201.953,1,0.76349,0.08059,0
3861,weibull,weibull,lognormal,exponential,exponential,lognormal,-201.937,1,0.71139,0.00042,0
3862,weibull,weibull,exponential,exponential,exponential,loglogistic,-201.93,1,0.71139,0.00042,0
3863,lognormal,weibull,weibull,exponential,exponential,loglogistic,-201.919,1,0.76349,0.00042,0
3864,loglogistic,loglogistic,lognormal,exponential,exponential,weibull,-201.905,1,0.72907,0.08059,0
3865,loglogistic,weibull,loglogistic,exponential,exponential,weibull,-201.895,1,0.72907,0.00042,0
3866,lognormal,loglogistic,lognormal,exponential,exponential,lognormal,-201.87,1,0.76349,0.08059,0
3867,lognormal,loglogistic,exponential,exponential,exponential,loglogistic,-201.862,1,0.76349,0.08059,0
3868,lognormal,weibull,loglogistic,exponential,exponential,lognormal,-201.86,1,0.76349,0.00042,0
3869,weibull,loglogistic,lognormal,exponential,exponential,weibull,-201.854,1,0.71139,0.08059,0
3870,weibull,weibull,loglogistic,exponential,exponential,weibull,-201.844,1,0.71139,0.00042,0
3871,loglogistic,weibull,exponential,exponential,exponential,lognormal,-201.844,1,0.72907,0.00042,0
3872,loglogistic,weibull,weibull,exponential,exponential,weibull,-201.817,1,0.72907,0.00042,0
3873,loglogistic,loglogistic,lognormal,exponential,exponential,loglogistic,-201.814,1,0.72907,0.08059,0
3874,loglogistic,weibull,loglogistic,exponential,exponential,loglogistic,-201.804,1,0.72907,0.00042,0
3875,weibull,weibull,exponential,exponential,exponential,lognormal,-201.793,1,0.71139,0.00042,0
3876,lognormal,weibull,weibull,exponential,exponential,lognormal,-201.783,1,0.76349,0.00042,0
3877,lognormal,loglogistic,loglogistic,exponential,exponential,weibull,-201.777,1,0.76349,0.08059,0
3878,weibull,weibull,weibull,exponential,exponential,weibull,-201.767,1,0.71139,0.00042,0
3879,weibull,loglogistic,lognormal,exponential,exponential,loglogistic,-201.764,1,0.71139,0.08059,0
3880,loglogistic,loglogistic,exponential,exponential,exponential,weibull,-201.76,1,0.72907,0.08059,0
3881,weibull,weibull,loglogistic,exponential,exponential,loglogistic,-201.754,1,0.71139,0.00042,0
3882,loglogistic,weibull,weibull,exponential,exponential,loglogistic,-201.727,1,0.72907,0.00042,0
3883,lognormal,loglogistic,exponential,exponential,exponential,lognormal,-201.726,1,0.76349,0.08059,0
3884,weibull,loglogistic,exponential,exponential,exponential,weibull,-201.71,1,0.71139,0.08059,0
3885,lognormal,loglogistic,weibull,exponential,exponential,weibull,-201.699,1,0.76349,0.08059,0
3886,lognormal,loglogistic,loglogistic,exponential,exponential,loglogistic,-201.686,1,0.76349,0.08059,0
3887,loglogistic,loglogistic,lognormal,exponential,exponential,lognormal,-201.678,1,0.72907,0.08059,0
3888,weibull,weibull,weibull,exponential,exponential,loglogistic,-201.676,1,0.71139,0.00042,0
3889,lognormal,exponential,lognormal,exponential,exponential,weibull,-201.675,1,0.76349,0.12377,0
3890,loglogistic,loglogistic,exponential,exponential,exponential,loglogistic,-201.67,1,0.72907,0.08059,0
3891,loglogistic,weibull,loglogistic,exponential,exponential,lognormal,-201.668,1,0.72907,0.00042,0
3892,weibull,loglogistic,lognormal,exponential,exponential,lognormal,-201.627,1,0.71139,0.08059,0
3893,weibull,loglogistic,exponential,exponential,exponential,loglogistic,-201.62,1,0.71139,0.08059,0
3894,weibull,weibull,loglogistic,exponential,exponential,lognormal,-201.617,1,0.71139,0.00042,0
3895,lognormal,loglogistic,weibull,exponential,exponential,loglogistic,-201.609,1,0.76349,0.08059,0
3896,loglogistic,weibull,weibull,exponential,exponential,lognormal,-201.59,1,0.72907,0.00042,0
3897,loglogistic,loglogistic,loglogistic,exponential,exponential,weibull,-201.585,1,0.72907,0.08059,0
3898,lognormal,exponential,lognormal,exponential,exponential,loglogistic,-201.584,1,0.76349,0.12377,0
3899,lognormal,lognormal,lognormal,exponential,exponential,weibull,-201.562,1,0.76349,0.11943,0
3900,lognormal,loglogistic,loglogistic,exponential,exponential,lognormal,-201.55,1,0.76349,0.08059,0
3901,weibull,weibull,weibull,exponential,exponential,lognormal,-201.54,1,0.71139,0.00042,0
3902,weibull,loglogistic,loglogistic,exponential,exponential,weibull,-201.534,1,0.71139,0.08059,0
3903,loglogistic,loglogistic,exponential,exponential,exponential,lognormal,-201.533,1,0.72907,0.08059,0
3904,lognormal,exponential,exponential,exponential,exponential,weibull,-201.53,1,0.76349,0.12377,0
3905,loglogistic,loglogistic,weibull,exponential,exponential,weibull,-201.507,1,0.72907,0.08059,0
3906,loglogistic,loglogistic,loglogistic,exponential,exponential,loglogistic,-201.494,1,0.72907,0.08059,0
3907,weibull,loglogistic,exponential,exponential,exponential,lognormal,-201.483,1,0.71139,0.08059,0
3908,loglogistic,exponential,lognormal,exponential,exponential,weibull,-201.482,1,0.72907,0.12377,0
3909,lognormal,loglogistic,weibull,exponential,exponential,lognormal,-201.472,1,0.76349,0.08059,0
3910,lognormal,lognormal,lognormal,exponential,exponential,loglogistic,-201.471,1,0.76349,0.11943,0
3911,weibull,loglogistic,weibull,exponential,exponential,weibull,-201.457,1,0.71139,0.08059,0
3912,lognormal,exponential,lognormal,exponential,exponential,lognormal,-201.448,1,0.76349,0.12377,0
3913,weibull,loglogistic,loglogistic,exponential,exponential,loglogistic,-201.444,1,0.71139,0.08059,0
3914,lognormal,exponential,exponential,exponential,exponential,loglogistic,-201.44,1,0.76349,0.12377,0
3915,weibull,exponential,lognormal,exponential,exponential,weibull,-201.432,1,0.71139,0.12377,0
3916,lognormal,lognormal,exponential,exponential,exponential,weibull,-201.418,1,0.76349,0.11943,0
3917,loglogistic,loglogistic,weibull,exponential,exponential,loglogistic,-201.417,1,0.72907,0.08059,0
3918,loglogistic,exponential,lognormal,exponential,exponential,loglogistic,-201.392,1,0.72907,0.12377,0
3919,loglogistic,lognormal,lognormal,exponential,exponential,weibull,-201.37,1,0.72907,0.11943,0
3920,weibull,loglogistic,weibull,exponential,exponential,loglogistic,-201.366,1,0.71139,0.08059,0
3921,loglogistic,loglogistic,loglogistic,exponential,exponential,lognormal,-201.357,1,0.72907,0.08059,0
3922,lognormal,exponential,loglogistic,exponential,exponential,weibull,-201.354,1,0.76349,0.12377,0
3923,weibull,exponential,lognormal,exponential,exponential,loglogistic,-201.341,1,0.71139,0.12377,0
3924,loglogistic,exponential,exponential,exponential,exponential,weibull,-201.338,1,0.72907,0.12377,0
3925,lognormal,lognormal,lognormal,exponential,exponential,lognormal,-201.335,1,0.76349,0.11943,0
3926,lognormal,lognormal,exponential,exponential,exponential,loglogistic,-201.327,1,0.76349,0.11943,0
3927,weibull,lognormal,lognormal,exponential,exponential,weibull,-201.319,1,0.71139,0.11943,0
3928,weibull,loglogistic,loglogistic,exponential,exponential,lognormal,-201.307,1,0.71139,0.08059,0
3929,lognormal,exponential,exponential,exponential,exponential,lognormal,-201.303,1,0.76349,0.12377,0
3930,weibull,exponential,exponential,exponential,exponential,weibull,-201.287,1,0.71139,0.12377,0
3931,loglogistic,loglogistic,weibull,exponential,exponential,lognormal,-201.28,1,0.72907,0.08059,0
3932,loglogistic,lognormal,lognormal,exponential,exponential,loglogistic,-201.279,1,0.72907,0.11943,0
3933,lognormal,exponential,weibull,exponential,exponential,weibull,-201.277,1,0.76349,0.12377,0
3934,lognormal,exponential,loglogistic,exponential,exponential,loglogistic,-201.264,1,0.76349,0.12377,0
3935,loglogistic,exponential,lognormal,exponential,exponential,lognormal,-201.255,1,0.72907,0.12377,0
3936,loglogistic,exponential,exponential,exponential,exponential,loglogistic,-201.248,1,0.72907,0.12377,0
3937,lognormal,lognormal,loglogistic,exponential,exponential,weibull,-201.242,1,0.76349,0.11943,0
3938,weibull,loglogistic,weibull,exponential,exponential,lognormal,-201.229,1,0.71139,0.08059,0
3939,weibull,lognormal,lognormal,exponential,exponential,loglogistic,-201.229,1,0.71139,0.11943,0
3940,loglogistic,lognormal,exponential,exponential,exponential,weibull,-201.225,1,0.72907,0.11943,0
3941,weibull,exponential,lognormal,exponential,exponential,lognormal,-201.205,1,0.71139,0.12377,0
3942,weibull,exponential,exponential,exponential,exponential,loglogistic,-201.197,1,0.71139,0.12377,0
3943,lognormal,lognormal,exponential,exponential,exponential,lognormal,-201.19,1,0.76349,0.11943,0
3944,lognormal,exponential,weibull,exponential,exponential,loglogistic,-201.187,1,0.76349,0.12377,0
3945,weibull,lognormal,exponential,exponential,exponential,weibull,-201.175,1,0.71139,0.11943,0
3946,lognormal,lognormal,weibull,exponential,exponential,weibull,-201.164,1,0.76349,0.11943,0
3947,loglogistic,exponential,loglogistic,exponential,exponential,weibull,-201.162,1,0.72907,0.12377,0
3948,lognormal,lognormal,loglogistic,exponential,exponential,loglogistic,-201.151,1,0.76349,0.11943,0
3949,loglogistic,lognormal,lognormal,exponential,exponential,lognormal,-201.142,1,0.72907,0.11943,0
3950,loglogistic,lognormal,exponential,exponential,exponential,loglogistic,-201.135,1,0.72907,0.11943,0
3951,lognormal,exponential,loglogistic,exponential,exponential,lognormal,-201.127,1,0.76349,0.12377,0
3952,weibull,exponential,loglogistic,exponential,exponential,weibull,-201.112,1,0.71139,0.12377,0
3953,loglogistic,exponential,exponential,exponential,exponential,lognormal,-201.111,1,0.72907,0.12377,0
3954,weibull,lognormal,lognormal,exponential,exponential,lognormal,-201.092,1,0.71139,0.11943,0
3955,loglogistic,exponential,weibull,exponential,exponential,weibull,-201.085,1,0.72907,0.12377,0
3956,weibull,lognormal,exponential,exponential,exponential,loglogistic,-201.084,1,0.71139,0.11943,0
3957,lognormal,lognormal,weibull,exponential,exponential,loglogistic,-201.074,1,0.76349,0.11943,0
3958,loglogistic,exponential,loglogistic,exponential,exponential,loglogistic,-201.072,1,0.72907,0.12377,0
3959,weibull,exponential,exponential,exponential,exponential,lognormal,-201.06,1,0.71139,0.12377,0
3960,lognormal,exponential,weibull,exponential,exponential,lognormal,-201.05,1,0.76349,0.12377,0
3961,loglogistic,lognormal,loglogistic,exponential,exponential,weibull,-201.049,1,0.72907,0.11943,0
3962,weibull,exponential,weibull,exponential,exponential,weibull,-201.034,1,0.71139,0.12377,0
3963,weibull,exponential,loglogistic,exponential,exponential,loglogistic,-201.021,1,0.71139,0.12377,0
3964,lognormal,lognormal,loglogistic,exponential,exponential,lognormal,-201.015,1,0.76349,0.11943,0
3965,weibull,lognormal,loglogistic,exponential,exponential,weibull,-200.999,1,0.71139,0.11943,0
3966,loglogistic,lognormal,exponential,exponential,exponential,lognormal,-200.998,1,0.72907,0.11943,0
3967,loglogistic,exponential,weibull,exponential,exponential,loglogistic,-200.994,1,0.72907,0.12377,0
3968,loglogistic,lognormal,weibull,exponential,exponential,weibull,-200.972,1,0.72907,0.11943,0
3969,loglogistic,lognormal,loglogistic,exponential,exponential,loglogistic,-200.959,1,0.72907,0.11943,0
3970,weibull,lognormal,exponential,exponential,exponential,lognormal,-200.948,1,0.71139,0.11943,0
3971,weibull,exponential,weibull,exponential,exponential,loglogistic,-200.944,1,0.71139,0.12377,0
3972,lognormal,lognormal,weibull,exponential,exponential,lognormal,-200.937,1,0.76349,0.11943,0
3973,loglogistic,exponential,loglogistic,exponential,exponential,lognormal,-200.935,1,0.72907,0.12377,0
3974,weibull,lognormal,weibull,exponential,exponential,weibull,-200.921,1,0.71139,0.11943,0
3975,weibull,lognormal,loglogistic,exponential,exponential,loglogistic,-200.908,1,0.71139,0.11943,0
3976,weibull,exponential,loglogistic,exponential,exponential,lognormal,-200.884,1,0.71139,0.12377,0
3977,loglogistic,lognormal,weibull,exponential,exponential,loglogistic,-200.881,1,0.72907,0.11943,0
3978,loglogistic,exponential,weibull,exponential,exponential,lognormal,-200.858,1,0.72907,0.12377,0
3979,weibull,lognormal,weibull,exponential,exponential,loglogistic,-200.831,1,0.71139,0.11943,0
3980,loglogistic,lognormal,loglogistic,exponential,exponential,lognormal,-200.822,1,0.72907,0.11943,0
3981,weibull,exponential,weibull,exponential,exponential,lognormal,-200.807,1,0.71139,0.12377,0
3982,weibull,lognormal,loglogistic,exponential,exponential,lognormal,-200.772,1,0.71139,0.11943,0
3983,loglogistic,lognormal,weibull,exponential,exponential,lognormal,-200.745,1,0.72907,0.11943,0
3984,weibull,lognormal,weibull,exponential,exponential,lognormal,-200.694,1,0.71139,0.11943,0
3985,lognormal,weibull,lognormal,exponential,exponential,exponential,-200.629,1,0.76349,0.00042,0
3986,lognormal,weibull,exponential,exponential,exponential,exponential,-200.485,1,0.76349,0.00042,0
3987,loglogistic,weibull,lognormal,exponential,exponential,exponential,-200.437,1,0.72907,0.00042,0
3988,weibull,weibull,lognormal,exponential,exponential,exponential,-200.386,1,0.71139,0.00042,0
3989,lognormal,loglogistic,lognormal,exponential,exponential,exponential,-200.319,1,0.76349,0.08059,0
3990,lognormal,weibull,loglogistic,exponential,exponential,exponential,-200.309,1,0.76349,0.00042,0
3991,loglogistic,weibull,exponential,exponential,exponential,exponential,-200.292,1,0.72907,0.00042,0
3992,weibull,weibull,exponential,exponential,exponential,exponential,-200.242,1,0.71139,0.00042,0
3993,lognormal,weibull,weibull,exponential,exponential,exponential,-200.231,1,0.76349,0.00042,0
3994,lognormal,loglogistic,exponential,exponential,exponential,exponential,-200.175,1,0.76349,0.08059,0
3995,loglogistic,loglogistic,lognormal,exponential,exponential,exponential,-200.127,1,0.72907,0.08059,0
3996,loglogistic,weibull,loglogistic,exponential,exponential,exponential,-200.116,1,0.72907,0.00042,0
3997,weibull,loglogistic,lognormal,exponential,exponential,exponential,-200.076,1,0.71139,0.08059,0
3998,weibull,weibull,loglogistic,exponential,exponential,exponential,-200.066,1,0.71139,0.00042,0
3999,loglogistic,weibull,weibull,exponential,exponential,exponential,-200.039,1,0.72907,0.00042,0
4000,lognormal,loglogistic,loglogistic,exponential,exponential,exponential,-199.999,1,0.76349,0.08059,0
4001,weibull,weibull,weibull,exponential,exponential,exponential,-199.988,1,0.71139,0.00042,0
4002,loglogistic,loglogistic,exponential,exponential,exponential,exponential,-199.982,1,0.72907,0.08059,0
4003,weibull,loglogistic,exponential,exponential,exponential,exponential,-199.932,1,0.71139,0.08059,0
4004,lognormal,loglogistic,weibull,exponential,exponential,exponential,-199.921,1,0.76349,0.08059,0
4005,lognormal,exponential,lognormal,exponential,exponential,exponential,-199.896,1,0.76349,0.12377,0
4006,loglogistic,loglogistic,loglogistic,exponential,exponential,exponential,-199.806,1,0.72907,0.08059,0
4007,lognormal,lognormal,lognormal,exponential,exponential,exponential,-199.784,1,0.76349,0.11943,0
4008,weibull,loglogistic,loglogistic,exponential,exponential,exponential,-199.756,1,0.71139,0.08059,0
4009,lognormal,exponential,exponential,exponential,exponential,exponential,-199.752,1,0.76349,0.12377,0
4010,loglogistic,loglogistic,weibull,exponential,exponential,exponential,-199.729,1,0.72907,0.08059,0
4011,loglogistic,exponential,lognormal,exponential,exponential,exponential,-199.704,1,0.72907,0.12377,0
4012,weibull,loglogistic,weibull,exponential,exponential,exponential,-199.678,1,0.71139,0.08059,0
4013,weibull,exponential,lognormal,exponential,exponential,exponential,-199.654,1,0.71139,0.12377,0
4014,lognormal,lognormal,exponential,exponential,exponential,exponential,-199.639,1,0.76349,0.11943,0
4015,loglogistic,lognormal,lognormal,exponential,exponential,exponential,-199.591,1,0.72907,0.11943,0
4016,lognormal,exponential,loglogistic,exponential,exponential,exponential,-199.576,1,0.76349,0.12377,0
4017,loglogistic,exponential,exponential,exponential,exponential,exponential,-199.56,1,0.72907,0.12377,0
4018,weibull,lognormal,lognormal,exponential,exponential,exponential,-199.541,1,0.71139,0.11943,0
4019,weibull,exponential,exponential,exponential,exponential,exponential,-199.509,1,0.71139,0.12377,0
4020,lognormal,exponential,weibull,exponential,exponential,exponential,-199.499,1,0.76349,0.12377,0
4021,lognormal,lognormal,loglogistic,exponential,exponential,exponential,-199.463,1,0.76349,0.11943,0
4022,loglogistic,lognormal,exponential,exponential,exponential,exponential,-199.447,1,0.72907,0.11943,0
4023,weibull,lognormal,exponential,exponential,exponential,exponential,-199.396,1,0.71139,0.11943,0
4024,lognormal,lognormal,weibull,exponential,exponential,exponential,-199.386,1,0.76349,0.11943,0
4025,loglogistic,exponential,loglogistic,exponential,exponential,exponential,-199.384,1,0.72907,0.12377,0
4026,weibull,exponential,loglogistic,exponential,exponential,exponential,-199.333,1,0.71139,0.12377,0
4027,loglogistic,exponential,weibull,exponential,exponential,exponential,-199.306,1,0.72907,0.12377,0
4028,loglogistic,lognormal,loglogistic,exponential,exponential,exponential,-199.271,1,0.72907,0.11943,0
4029,weibull,exponential,weibull,exponential,exponential,exponential,-199.256,1,0.71139,0.12377,0
4030,weibull,lognormal,loglogistic,exponential,exponential,exponential,-199.22,1,0.71139,0.11943,0
4031,loglogistic,lognormal,weibull,exponential,exponential,exponential,-199.193,1,0.72907,0.11943,0
4032,weibull,lognormal,weibull,exponential,exponential,exponential,-199.143,1,0.71139,0.11943,0
4033,exponential,weibull,lognormal,exponential,exponential,weibull,-197.817,1,0.46701,0.00042,0
4034,exponential,weibull,lognormal,exponential,exponential,loglogistic,-197.726,1,0.46701,0.00042,0
4035,exponential,weibull,exponential,exponential,exponential,weibull,-197.672,1,0.46701,0.00042,0
4036,exponential,weibull,lognormal,exponential,exponential,lognormal,-197.59,1,0.46701,0.00042,0
4037,exponential,weibull,exponential,exponential,exponential,loglogistic,-197.582,1,0.46701,0.00042,0
4038,exponential,loglogistic,lognormal,exponential,exponential,weibull,-197.507,1,0.46701,0.08059,0
4039,exponential,weibull,loglogistic,exponential,exponential,weibull,-197.496,1,0.46701,0.00042,0
4040,exponential,weibull,exponential,exponential,exponential,lognormal,-197.445,1,0.46701,0.00042,0
4041,exponential,weibull,weibull,exponential,exponential,weibull,-197.419,1,0.46701,0.00042,0
4042,exponential,loglogistic,lognormal,exponential,exponential,loglogistic,-197.416,1,0.46701,0.08059,0
4043,exponential,weibull,loglogistic,exponential,exponential,loglogistic,-197.406,1,0.46701,0.00042,0
4044,exponential,loglogistic,exponential,exponential,exponential,weibull,-197.362,1,0.46701,0.08059,0
4045,exponential,weibull,weibull,exponential,exponential,loglogistic,-197.328,1,0.46701,0.00042,0
4046,exponential,loglogistic,lognormal,exponential,exponential,lognormal,-197.279,1,0.46701,0.08059,0
4047,exponential,loglogistic,exponential,exponential,exponential,loglogistic,-197.272,1,0.46701,0.08059,0
4048,exponential,weibull,loglogistic,exponential,exponential,lognormal,-197.269,1,0.46701,0.00042,0
4049,exponential,weibull,weibull,exponential,exponential,lognormal,-197.192,1,0.46701,0.00042,0
4050,exponential,loglogistic,loglogistic,exponential,exponential,weibull,-197.186,1,0.46701,0.08059,0
4051,exponential,loglogistic,exponential,exponential,exponential,lognormal,-197.135,1,0.46701,0.08059,0
4052,exponential,loglogistic,weibull,exponential,exponential,weibull,-197.109,1,0.46701,0.08059,0
4053,exponential,loglogistic,loglogistic,exponential,exponential,loglogistic,-197.096,1,0.46701,0.08059,0
4054,exponential,exponential,lognormal,exponential,exponential,weibull,-197.084,1,0.46701,0.12377,0
4055,exponential,loglogistic,weibull,exponential,exponential,loglogistic,-197.018,1,0.46701,0.08059,0
4056,exponential,exponential,lognormal,exponential,exponential,loglogistic,-196.994,1,0.46701,0.12377,0
4057,exponential,lognormal,lognormal,exponential,exponential,weibull,-196.971,1,0.46701,0.11943,0
4058,exponential,loglogistic,loglogistic,exponential,exponential,lognormal,-196.959,1,0.46701,0.08059,0
4059,exponential,exponential,exponential,exponential,exponential,weibull,-196.94,1,0.46701,0.12377,0
4060,exponential,loglogistic,weibull,exponential,exponential,lognormal,-196.882,1,0.46701,0.08059,0
4061,exponential,lognormal,lognormal,exponential,exponential,loglogistic,-196.881,1,0.46701,0.11943,0
4062,exponential,exponential,lognormal,exponential,exponential,lognormal,-196.857,1,0.46701,0.12377,0
4063,exponential,exponential,exponential,exponential,exponential,loglogistic,-196.849,1,0.46701,0.12377,0
4064,exponential,lognormal,exponential,exponential,exponential,weibull,-196.827,1,0.46701,0.11943,0
4065,exponential,exponential,loglogistic,exponential,exponential,weibull,-196.764,1,0.46701,0.12377,0
4066,exponential,lognormal,lognormal,exponential,exponential,lognormal,-196.744,1,0.46701,0.11943,0
4067,exponential,lognormal,exponential,exponential,exponential,loglogistic,-196.736,1,0.46701,0.11943,0
4068,exponential,exponential,exponential,exponential,exponential,lognormal,-196.713,1,0.46701,0.12377,0
4069,exponential,exponential,weibull,exponential,exponential,weibull,-196.686,1,0.46701,0.12377,0
4070,exponential,exponential,loglogistic,exponential,exponential,loglogistic,-196.673,1,0.46701,0.12377,0
4071,exponential,lognormal,loglogistic,exponential,exponential,weibull,-196.651,1,0.46701,0.11943,0
4072,exponential,lognormal,exponential,exponential,exponential,lognormal,-196.6,1,0.46701,0.11943,0
4073,exponential,exponential,weibull,exponential,exponential,loglogistic,-196.596,1,0.46701,0.12377,0
4074,exponential,lognormal,weibull,exponential,exponential,weibull,-196.573,1,0.46701,0.11943,0
4075,exponential,lognormal,loglogistic,exponential,exponential,loglogistic,-196.56,1,0.46701,0.11943,0
4076,exponential,exponential,loglogistic,exponential,exponential,lognormal,-196.537,1,0.46701,0.12377,0
4077,exponential,lognormal,weibull,exponential,exponential,loglogistic,-196.483,1,0.46701,0.11943,0
4078,exponential,exponential,weibull,exponential,exponential,lognormal,-196.459,1,0.46701,0.12377,0
4079,exponential,lognormal,loglogistic,exponential,exponential,lognormal,-196.424,1,0.46701,0.11943,0
4080,exponential,lognormal,weibull,exponential,exponential,lognormal,-196.346,1,0.46701,0.11943,0
4081,exponential,weibull,lognormal,exponential,exponential,exponential,-196.038,1,0.46701,0.00042,0
4082,exponential,weibull,exponential,exponential,exponential,exponential,-195.894,1,0.46701,0.00042,0
4083,exponential,loglogistic,lognormal,exponential,exponential,exponential,-195.728,1,0.46701,0.08059,0
4084,exponential,weibull,loglogistic,exponential,exponential,exponential,-195.718,1,0.46701,0.00042,0
4085,exponential,weibull,weibull,exponential,exponential,exponential,-195.641,1,0.46701,0.00042,0
4086,exponential,loglogistic,exponential,exponential,exponential,exponential,-195.584,1,0.46701,0.08059,0
4087,exponential,loglogistic,loglogistic,exponential,exponential,exponential,-195.408,1,0.46701,0.08059,0
4088,exponential,loglogistic,weibull,exponential,exponential,exponential,-195.33,1,0.46701,0.08059,0
4089,exponential,exponential,lognormal,exponential,exponential,exponential,-195.306,1,0.46701,0.12377,0
4090,exponential,lognormal,lognormal,exponential,exponential,exponential,-195.193,1,0.46701,0.11943,0
4091,exponential,exponential,exponential,exponential,exponential,exponential,-195.161,1,0.46701,0.12377,0
4092,exponential,lognormal,exponential,exponential,exponential,exponential,-195.049,1,0.46701,0.11943,0
4093,exponential,exponential,loglogistic,exponential,exponential,exponential,-194.985,1,0.46701,0.12377,0
4094,exponential,exponential,weibull,exponential,exponential,exponential,-194.908,1,0.46701,0.12377,0
4095,exponential,lognormal,loglogistic,exponential,exponential,exponential,-194.873,1,0.46701,0.11943,0
4096,exponential,lognormal,weibull,exponential,exponential,exponential,-194.795,1,0.46701,0.11943,0
